run_id,timestamp,model_type,model_size_kb,inference_time_ms,memory_usage_mb,total_power_mw,dram_power_mw,cpu_active_power_mw,static_leakage_power_mw,sensor,sample_rate_hz
ML_FP32_original_01,2026-09-15 10:00:00,FP32_original,842,5.0135,7.168,126.979,67.417,33.559,25.576,Adafruit_INA219,10
ML_INT8_quantized_01,2026-09-15 10:00:00,INT8_quantized,212,1.8557,2.124,43.122,17.235,12.313,13.407,Adafruit_INA219,10
ML_FP32_original_02,2026-09-15 10:01:00,FP32_original,842,4.9233,7.328,126.555,66.797,35.798,25.355,Adafruit_INA219,10
ML_FP32_original_03,2026-09-15 10:02:09,FP32_original,842,5.2337,7.462,126.794,67.839,35.892,25.196,Adafruit_INA219,10
ML_INT8_quantized_02,2026-09-15 10:03:37,INT8_quantized,212,1.8205,2.22,41.539,16.504,12.47,12.051,Adafruit_INA219,10
ML_INT8_quantized_03,2026-09-15 10:05:07,INT8_quantized,212,1.8639,2.023,40.526,16.774,12.071,13.231,Adafruit_INA219,10
ML_INT8_quantized_04,2026-09-15 10:07:00,INT8_quantized,212,1.7547,2.022,41.857,17.415,11.241,12.651,Adafruit_INA219,10
ML_FP32_original_04,2026-09-15 10:08:07,FP32_original,842,4.8925,7.332,129.826,66.03,32.463,24.827,Adafruit_INA219,10
ML_INT8_quantized_05,2026-09-15 10:09:16,INT8_quantized,212,1.834,2.103,43.076,16.992,11.662,13.254,Adafruit_INA219,10
ML_INT8_quantized_06,2026-09-15 10:10:41,INT8_quantized,212,1.8601,2.09,41.52,16.275,12.047,12.907,Adafruit_INA219,10
ML_FP32_original_05,2026-09-15 10:10:52,FP32_original,842,5.4084,7.586,132.53,69.27,35.189,24.396,Adafruit_INA219,10
ML_FP32_original_06,2026-09-15 10:11:49,FP32_original,842,4.9936,7.589,122.009,66.654,35.978,23.914,Adafruit_INA219,10
ML_INT8_quantized_07,2026-09-15 10:12:11,INT8_quantized,212,1.9752,2.24,41.106,17.013,12.58,12.762,Adafruit_INA219,10
ML_FP32_original_07,2026-09-15 10:12:44,FP32_original,842,5.3994,7.236,130.321,72.088,36.294,25.32,Adafruit_INA219,10
ML_INT8_quantized_08,2026-09-15 10:14:07,INT8_quantized,212,1.7574,2.052,43.09,16.287,12.033,13.153,Adafruit_INA219,10
ML_INT8_quantized_09,2026-09-15 12:27:48,INT8_quantized,212,1.8787,2.239,39.058,17.429,12.743,13.438,Adafruit_INA219,10
ML_INT8_quantized_10,2026-09-15 12:29:22,INT8_quantized,212,1.7804,2.104,41.84,17.517,11.559,13.22,Adafruit_INA219,10
ML_FP32_original_08,2026-09-15 22:59:04,FP32_original,842,5.1872,6.91,126.21,69.173,34.454,24.663,Adafruit_INA219,10
ML_FP32_original_09,2026-09-15 23:01:36,FP32_original,842,5.416,7.289,123.308,67.175,34.151,25.204,Adafruit_INA219,10
ML_FP32_original_10,2026-09-15 23:04:31,FP32_original,842,5.4385,7.602,131.134,67.667,34.987,27.01,Adafruit_INA219,10
