run_id,session_id,timestamp,variant,object_size_bytes,throughput_gbps,latency_ms,cpu_util_pct,dominant_loss_source
ABL_No_eBPF_XDP_001,0,2026-06-01 12:00:00,No_eBPF_XDP,232320.6,6.06,18.6395,49.0,Kernel/userspace crossing
ABL_No_eBPF_XDP_002,0,2026-06-01 12:01:49,No_eBPF_XDP,455723.2,5.715,19.4037,46.89,Kernel/userspace crossing
ABL_No_eBPF_XDP_003,0,2026-06-01 12:04:38,No_eBPF_XDP,409627.3,6.4299,19.1594,51.95,Kernel/userspace crossing
ABL_No_eBPF_XDP_004,0,2026-06-01 12:08:05,No_eBPF_XDP,315932.2,5.8721,19.3838,45.09,Kernel/userspace crossing
ABL_No_eBPF_XDP_005,0,2026-06-01 12:11:00,No_eBPF_XDP,184793.9,5.4684,19.7515,44.92,Kernel/userspace crossing
ABL_No_eBPF_XDP_006,0,2026-06-01 12:11:32,No_eBPF_XDP,460583.3,6.0605,17.7993,50.36,Kernel/userspace crossing
ABL_No_eBPF_XDP_007,0,2026-06-01 12:15:46,No_eBPF_XDP,202945.7,6.0037,19.2752,42.51,Kernel/userspace crossing
ABL_No_eBPF_XDP_008,0,2026-06-01 12:17:44,No_eBPF_XDP,121126.3,5.5036,18.6154,50.17,Kernel/userspace crossing
ABL_No_eBPF_XDP_009,0,2026-06-01 12:21:21,No_eBPF_XDP,427857.5,5.7786,18.4751,51.99,Kernel/userspace crossing
ABL_No_eBPF_XDP_010,0,2026-06-01 12:25:28,No_eBPF_XDP,118259.4,6.0098,17.9148,50.96,Kernel/userspace crossing
ABL_No_eBPF_XDP_011,0,2026-06-01 12:26:08,No_eBPF_XDP,415937.4,5.9418,18.2313,45.11,Kernel/userspace crossing
ABL_No_eBPF_XDP_012,0,2026-06-01 12:27:01,No_eBPF_XDP,361936.1,6.0535,20.7056,46.81,Kernel/userspace crossing
ABL_No_eBPF_XDP_013,0,2026-06-01 12:30:20,No_eBPF_XDP,149463.6,6.1361,17.1485,46.79,Kernel/userspace crossing
ABL_No_eBPF_XDP_014,0,2026-06-01 12:32:28,No_eBPF_XDP,87703.2,6.4373,19.3388,47.78,Kernel/userspace crossing
ABL_No_eBPF_XDP_015,0,2026-06-01 12:34:06,No_eBPF_XDP,269071.1,5.8633,18.3914,45.71,Kernel/userspace crossing
ABL_No_eBPF_XDP_016,0,2026-06-01 12:35:31,No_eBPF_XDP,367483.4,5.4722,18.7234,46.29,Kernel/userspace crossing
ABL_No_eBPF_XDP_017,0,2026-06-01 12:39:11,No_eBPF_XDP,328582.3,5.9723,16.7519,50.62,Kernel/userspace crossing
ABL_No_eBPF_XDP_018,0,2026-06-01 12:41:18,No_eBPF_XDP,219053.3,6.3309,19.6012,45.63,Kernel/userspace crossing
ABL_No_eBPF_XDP_019,0,2026-06-01 12:42:52,No_eBPF_XDP,384788.2,6.3903,17.9904,47.09,Kernel/userspace crossing
ABL_No_eBPF_XDP_020,0,2026-06-01 12:43:49,No_eBPF_XDP,96947.9,5.9102,17.9285,45.57,Kernel/userspace crossing
ABL_No_eBPF_XDP_021,0,2026-06-01 12:46:28,No_eBPF_XDP,379513.7,6.08,17.4681,42.98,Kernel/userspace crossing
ABL_No_eBPF_XDP_022,0,2026-06-01 12:46:48,No_eBPF_XDP,359203.1,5.9113,20.8086,48.21,Kernel/userspace crossing
ABL_No_eBPF_XDP_023,0,2026-06-01 12:48:43,No_eBPF_XDP,427719.5,5.896,17.3013,49.48,Kernel/userspace crossing
ABL_No_eBPF_XDP_024,0,2026-06-01 12:50:20,No_eBPF_XDP,71092.2,6.2425,19.448,48.59,Kernel/userspace crossing
ABL_No_eBPF_XDP_025,0,2026-06-01 12:51:12,No_eBPF_XDP,100909.6,5.8591,18.0956,50.75,Kernel/userspace crossing
ABL_No_eBPF_XDP_026,0,2026-06-01 12:55:09,No_eBPF_XDP,497770.2,6.1084,17.7895,47.29,Kernel/userspace crossing
ABL_No_eBPF_XDP_027,0,2026-06-01 12:56:55,No_eBPF_XDP,375709.9,5.7741,18.4637,46.77,Kernel/userspace crossing
ABL_No_eBPF_XDP_028,1,2026-06-02 13:16:02,No_eBPF_XDP,210805.7,6.0754,18.573,48.27,Kernel/userspace crossing
ABL_No_eBPF_XDP_029,1,2026-06-02 13:19:03,No_eBPF_XDP,271204.0,6.0066,20.6217,44.31,Kernel/userspace crossing
ABL_No_eBPF_XDP_030,1,2026-06-02 13:20:00,No_eBPF_XDP,261451.8,5.8494,18.7155,44.33,Kernel/userspace crossing
ABL_No_eBPF_XDP_031,1,2026-06-02 13:20:39,No_eBPF_XDP,446738.8,6.0803,17.4253,46.62,Kernel/userspace crossing
ABL_No_eBPF_XDP_032,1,2026-06-02 13:24:33,No_eBPF_XDP,418208.2,6.0572,19.3382,45.33,Kernel/userspace crossing
ABL_No_eBPF_XDP_033,1,2026-06-02 13:25:38,No_eBPF_XDP,265589.2,6.0418,18.2674,46.24,Kernel/userspace crossing
ABL_No_eBPF_XDP_034,1,2026-06-02 13:26:34,No_eBPF_XDP,174485.7,5.8358,18.9888,43.22,Kernel/userspace crossing
ABL_No_eBPF_XDP_035,1,2026-06-02 13:31:36,No_eBPF_XDP,241033.4,5.9272,17.7793,42.32,Kernel/userspace crossing
ABL_No_eBPF_XDP_036,1,2026-06-02 13:33:35,No_eBPF_XDP,259296.0,5.8267,20.2137,49.74,Kernel/userspace crossing
ABL_No_eBPF_XDP_037,1,2026-06-02 13:34:42,No_eBPF_XDP,410366.7,5.8576,17.0905,47.32,Kernel/userspace crossing
ABL_No_eBPF_XDP_038,1,2026-06-02 13:35:49,No_eBPF_XDP,168191.5,5.6999,18.5923,47.04,Kernel/userspace crossing
ABL_No_eBPF_XDP_039,1,2026-06-02 13:38:21,No_eBPF_XDP,223201.5,6.179,18.9148,48.45,Kernel/userspace crossing
ABL_No_eBPF_XDP_040,1,2026-06-02 13:41:58,No_eBPF_XDP,258102.5,5.8805,18.4801,45.04,Kernel/userspace crossing
ABL_No_eBPF_XDP_041,1,2026-06-02 13:44:59,No_eBPF_XDP,76670.8,6.2801,18.2343,48.76,Kernel/userspace crossing
ABL_No_eBPF_XDP_042,1,2026-06-02 13:46:46,No_eBPF_XDP,138092.0,6.1889,17.172,46.94,Kernel/userspace crossing
ABL_No_eBPF_XDP_043,1,2026-06-02 13:50:58,No_eBPF_XDP,190136.3,6.1799,17.4685,52.05,Kernel/userspace crossing
ABL_No_eBPF_XDP_044,1,2026-06-02 13:54:54,No_eBPF_XDP,172470.7,5.6684,16.9772,51.78,Kernel/userspace crossing
ABL_No_eBPF_XDP_045,1,2026-06-02 13:55:59,No_eBPF_XDP,191657.0,5.9384,18.4953,49.94,Kernel/userspace crossing
ABL_No_eBPF_XDP_046,1,2026-06-02 13:58:23,No_eBPF_XDP,284203.9,5.7182,18.7786,46.95,Kernel/userspace crossing
ABL_No_eBPF_XDP_047,1,2026-06-02 14:02:25,No_eBPF_XDP,474889.8,5.8717,18.6825,46.59,Kernel/userspace crossing
ABL_No_eBPF_XDP_048,1,2026-06-02 14:04:08,No_eBPF_XDP,259567.7,6.516,18.2412,50.34,Kernel/userspace crossing
ABL_No_eBPF_XDP_049,1,2026-06-02 14:05:23,No_eBPF_XDP,395180.2,5.9481,16.7936,46.76,Kernel/userspace crossing
ABL_No_eBPF_XDP_050,1,2026-06-02 14:07:53,No_eBPF_XDP,77605.3,6.2344,17.1042,47.53,Kernel/userspace crossing
ABL_No_eBPF_XDP_051,1,2026-06-02 14:09:54,No_eBPF_XDP,137317.1,6.3375,19.845,51.74,Kernel/userspace crossing
ABL_No_eBPF_XDP_052,1,2026-06-02 14:14:00,No_eBPF_XDP,507483.4,6.0375,16.6612,45.67,Kernel/userspace crossing
ABL_No_eBPF_XDP_053,1,2026-06-02 14:17:11,No_eBPF_XDP,431487.2,5.9863,18.731,45.44,Kernel/userspace crossing
ABL_No_eBPF_XDP_054,1,2026-06-02 14:20:16,No_eBPF_XDP,315673.8,5.908,19.3406,46.32,Kernel/userspace crossing
ABL_No_eBPF_XDP_055,1,2026-06-02 14:22:00,No_eBPF_XDP,374437.8,6.2807,19.3105,42.76,Kernel/userspace crossing
ABL_No_eBPF_XDP_056,1,2026-06-02 14:23:09,No_eBPF_XDP,204203.1,6.1613,20.009,43.93,Kernel/userspace crossing
ABL_No_eBPF_XDP_057,1,2026-06-02 14:26:34,No_eBPF_XDP,344336.5,6.1559,20.1166,49.32,Kernel/userspace crossing
ABL_No_eBPF_XDP_058,1,2026-06-02 14:28:04,No_eBPF_XDP,372908.8,5.7022,18.6559,48.37,Kernel/userspace crossing
ABL_No_eBPF_XDP_059,1,2026-06-02 14:30:16,No_eBPF_XDP,439788.7,5.9394,18.2178,45.91,Kernel/userspace crossing
ABL_No_eBPF_XDP_060,1,2026-06-02 14:33:53,No_eBPF_XDP,487967.5,5.8418,19.7099,47.72,Kernel/userspace crossing
ABL_No_eBPF_XDP_061,1,2026-06-02 14:34:32,No_eBPF_XDP,377913.7,5.849,17.3847,45.62,Kernel/userspace crossing
ABL_No_eBPF_XDP_062,2,2026-06-03 02:32:56,No_eBPF_XDP,420582.0,5.684,18.7868,49.94,Kernel/userspace crossing
ABL_No_eBPF_XDP_063,2,2026-06-03 02:39:48,No_eBPF_XDP,404064.2,5.9483,17.9562,47.77,Kernel/userspace crossing
ABL_No_eBPF_XDP_064,2,2026-06-03 02:42:29,No_eBPF_XDP,192541.0,6.1231,19.8701,48.5,Kernel/userspace crossing
ABL_No_eBPF_XDP_065,2,2026-06-03 02:43:43,No_eBPF_XDP,369135.8,6.1711,18.8231,46.21,Kernel/userspace crossing
ABL_No_eBPF_XDP_066,2,2026-06-03 02:46:31,No_eBPF_XDP,345712.4,5.6701,18.3119,45.39,Kernel/userspace crossing
ABL_No_eBPF_XDP_067,2,2026-06-03 02:47:40,No_eBPF_XDP,151922.3,5.9206,18.1315,43.68,Kernel/userspace crossing
ABL_No_eBPF_XDP_068,2,2026-06-03 02:47:53,No_eBPF_XDP,379580.1,5.7908,19.7675,46.13,Kernel/userspace crossing
ABL_No_eBPF_XDP_069,2,2026-06-03 02:49:25,No_eBPF_XDP,81614.2,5.7775,18.5102,48.72,Kernel/userspace crossing
ABL_No_eBPF_XDP_070,2,2026-06-03 02:51:58,No_eBPF_XDP,381099.8,5.8484,17.2237,46.0,Kernel/userspace crossing
ABL_No_eBPF_XDP_071,2,2026-06-03 02:53:32,No_eBPF_XDP,320753.2,5.8338,17.4331,46.44,Kernel/userspace crossing
ABL_No_eBPF_XDP_072,2,2026-06-03 02:54:04,No_eBPF_XDP,231724.0,6.0452,19.559,44.39,Kernel/userspace crossing
ABL_No_eBPF_XDP_073,2,2026-06-03 02:56:57,No_eBPF_XDP,86841.2,5.8773,18.1311,44.37,Kernel/userspace crossing
ABL_No_eBPF_XDP_074,2,2026-06-03 03:00:30,No_eBPF_XDP,69908.3,5.7458,17.8366,46.37,Kernel/userspace crossing
ABL_No_eBPF_XDP_075,2,2026-06-03 03:02:51,No_eBPF_XDP,226995.3,5.9215,19.0711,44.09,Kernel/userspace crossing
ABL_No_eBPF_XDP_076,2,2026-06-03 03:04:33,No_eBPF_XDP,168945.5,6.1261,18.7545,48.99,Kernel/userspace crossing
ABL_No_eBPF_XDP_077,2,2026-06-03 03:07:38,No_eBPF_XDP,97824.9,5.3999,18.6527,43.3,Kernel/userspace crossing
ABL_No_eBPF_XDP_078,2,2026-06-03 03:09:23,No_eBPF_XDP,77334.9,5.4294,21.2424,49.23,Kernel/userspace crossing
ABL_No_eBPF_XDP_079,2,2026-06-03 03:10:56,No_eBPF_XDP,367476.8,5.4869,18.2496,47.18,Kernel/userspace crossing
ABL_No_eBPF_XDP_080,2,2026-06-03 03:12:22,No_eBPF_XDP,367477.4,5.7875,17.7014,48.48,Kernel/userspace crossing
ABL_No_eBPF_XDP_081,2,2026-06-03 03:15:03,No_eBPF_XDP,499049.4,5.7671,17.4893,46.21,Kernel/userspace crossing
ABL_No_eBPF_XDP_082,2,2026-06-03 03:19:45,No_eBPF_XDP,412108.7,5.9238,18.5725,52.69,Kernel/userspace crossing
ABL_No_eBPF_XDP_083,2,2026-06-03 03:20:56,No_eBPF_XDP,166144.9,6.0169,18.9203,47.09,Kernel/userspace crossing
ABL_No_eBPF_XDP_084,2,2026-06-03 03:24:10,No_eBPF_XDP,359292.9,5.9848,17.5855,48.83,Kernel/userspace crossing
ABL_No_eBPF_XDP_085,2,2026-06-03 03:26:38,No_eBPF_XDP,344291.7,6.1069,20.5171,46.51,Kernel/userspace crossing
ABL_No_eBPF_XDP_086,2,2026-06-03 03:28:41,No_eBPF_XDP,415497.6,6.1455,17.3794,49.43,Kernel/userspace crossing
ABL_No_eBPF_XDP_087,2,2026-06-03 03:32:13,No_eBPF_XDP,142724.4,5.7765,18.705,47.81,Kernel/userspace crossing
ABL_No_eBPF_XDP_088,2,2026-06-03 03:36:37,No_eBPF_XDP,93118.0,5.9222,19.1635,47.76,Kernel/userspace crossing
ABL_No_eBPF_XDP_089,2,2026-06-03 03:37:46,No_eBPF_XDP,413976.6,5.5222,18.7031,46.78,Kernel/userspace crossing
ABL_No_eBPF_XDP_090,3,2026-06-03 08:15:53,No_eBPF_XDP,153300.4,6.4503,18.2549,43.17,Kernel/userspace crossing
ABL_No_eBPF_XDP_091,3,2026-06-03 08:18:42,No_eBPF_XDP,267000.5,5.6126,19.3418,47.74,Kernel/userspace crossing
ABL_No_eBPF_XDP_092,3,2026-06-03 08:19:43,No_eBPF_XDP,424504.8,6.2502,18.9102,45.44,Kernel/userspace crossing
ABL_No_eBPF_XDP_093,3,2026-06-03 08:22:06,No_eBPF_XDP,410706.8,5.9825,16.5741,50.73,Kernel/userspace crossing
ABL_No_eBPF_XDP_094,3,2026-06-03 08:22:27,No_eBPF_XDP,418944.0,5.7241,20.4645,45.63,Kernel/userspace crossing
ABL_No_eBPF_XDP_095,3,2026-06-03 08:23:42,No_eBPF_XDP,364328.0,5.9727,17.8259,47.24,Kernel/userspace crossing
ABL_No_eBPF_XDP_096,3,2026-06-03 08:26:32,No_eBPF_XDP,374626.5,6.0845,18.1668,48.46,Kernel/userspace crossing
ABL_No_eBPF_XDP_097,3,2026-06-03 08:27:01,No_eBPF_XDP,189250.9,5.7325,19.5482,45.38,Kernel/userspace crossing
ABL_No_eBPF_XDP_098,3,2026-06-03 08:30:06,No_eBPF_XDP,102823.9,5.9338,20.2457,54.16,Kernel/userspace crossing
ABL_No_eBPF_XDP_099,3,2026-06-03 08:32:11,No_eBPF_XDP,338545.7,5.8397,18.5866,46.42,Kernel/userspace crossing
ABL_No_eBPF_XDP_100,3,2026-06-03 08:33:47,No_eBPF_XDP,465601.8,5.9285,17.0544,48.78,Kernel/userspace crossing
ABL_No_eBPF_XDP_101,3,2026-06-03 08:34:22,No_eBPF_XDP,473567.7,5.7761,19.6874,46.63,Kernel/userspace crossing
ABL_No_eBPF_XDP_102,3,2026-06-03 08:35:33,No_eBPF_XDP,493787.2,5.7585,18.336,46.21,Kernel/userspace crossing
ABL_No_eBPF_XDP_103,3,2026-06-03 08:37:30,No_eBPF_XDP,377684.9,5.8168,17.7611,44.47,Kernel/userspace crossing
ABL_No_eBPF_XDP_104,4,2026-06-04 07:09:10,No_eBPF_XDP,487763.8,5.8516,18.6837,47.1,Kernel/userspace crossing
ABL_No_eBPF_XDP_105,4,2026-06-04 07:10:00,No_eBPF_XDP,180881.9,5.8941,19.9225,46.0,Kernel/userspace crossing
ABL_No_eBPF_XDP_106,4,2026-06-04 07:11:27,No_eBPF_XDP,305696.2,5.8156,17.8176,47.86,Kernel/userspace crossing
ABL_No_eBPF_XDP_107,4,2026-06-04 07:15:20,No_eBPF_XDP,106104.8,6.0886,18.2809,48.32,Kernel/userspace crossing
ABL_No_eBPF_XDP_108,4,2026-06-04 07:17:20,No_eBPF_XDP,222828.0,5.6021,17.7609,49.18,Kernel/userspace crossing
ABL_No_eBPF_XDP_109,4,2026-06-04 07:20:13,No_eBPF_XDP,312605.7,6.3406,19.1039,45.4,Kernel/userspace crossing
ABL_No_eBPF_XDP_110,4,2026-06-04 07:23:13,No_eBPF_XDP,226100.5,5.3537,20.1722,44.52,Kernel/userspace crossing
ABL_No_eBPF_XDP_111,4,2026-06-04 07:25:33,No_eBPF_XDP,503103.9,6.0997,17.5306,41.76,Kernel/userspace crossing
ABL_No_eBPF_XDP_112,4,2026-06-04 07:26:13,No_eBPF_XDP,217459.7,6.1105,17.9806,50.45,Kernel/userspace crossing
ABL_No_eBPF_XDP_113,4,2026-06-04 07:28:55,No_eBPF_XDP,64788.2,5.7864,18.5688,44.7,Kernel/userspace crossing
ABL_No_eBPF_XDP_114,4,2026-06-04 07:32:01,No_eBPF_XDP,150140.6,5.7328,16.9415,47.48,Kernel/userspace crossing
ABL_No_eBPF_XDP_115,4,2026-06-04 07:33:22,No_eBPF_XDP,418403.1,5.8487,18.0007,43.78,Kernel/userspace crossing
ABL_No_eBPF_XDP_116,4,2026-06-04 07:36:15,No_eBPF_XDP,284651.7,5.2104,19.298,47.02,Kernel/userspace crossing
ABL_No_eBPF_XDP_117,4,2026-06-04 07:40:07,No_eBPF_XDP,342474.4,5.7869,17.2802,48.92,Kernel/userspace crossing
ABL_No_eBPF_XDP_118,4,2026-06-04 07:42:24,No_eBPF_XDP,132057.6,5.6772,18.9956,48.53,Kernel/userspace crossing
ABL_Static_MTU_001,0,2026-06-05 10:00:00,Static_MTU,409576.3,7.1339,16.1774,21.25,Non-adaptive sizing
ABL_Static_MTU_002,0,2026-06-05 10:01:17,Static_MTU,492463.4,7.0063,15.4493,19.72,Non-adaptive sizing
ABL_Static_MTU_003,0,2026-06-05 10:03:46,Static_MTU,415549.4,6.9151,15.489,20.79,Non-adaptive sizing
ABL_Static_MTU_004,0,2026-06-05 10:05:10,Static_MTU,490733.5,7.245,14.9086,21.06,Non-adaptive sizing
ABL_Static_MTU_005,0,2026-06-05 10:06:24,Static_MTU,209710.7,6.8517,15.3383,20.88,Non-adaptive sizing
ABL_Static_MTU_006,0,2026-06-05 10:09:10,Static_MTU,310442.8,7.158,14.4173,21.08,Non-adaptive sizing
ABL_Static_MTU_007,0,2026-06-05 10:11:11,Static_MTU,204065.5,6.8362,15.3478,21.74,Non-adaptive sizing
ABL_Static_MTU_008,0,2026-06-05 10:13:42,Static_MTU,506647.9,7.1764,15.3219,19.57,Non-adaptive sizing
ABL_Static_MTU_009,0,2026-06-05 10:14:16,Static_MTU,296060.2,6.8569,15.62,23.4,Non-adaptive sizing
ABL_Static_MTU_010,0,2026-06-05 10:15:21,Static_MTU,314459.0,6.9372,15.4634,20.2,Non-adaptive sizing
ABL_Static_MTU_011,0,2026-06-05 10:18:28,Static_MTU,229637.1,6.6257,15.7419,20.01,Non-adaptive sizing
ABL_Static_MTU_012,0,2026-06-05 10:20:13,Static_MTU,183707.3,7.1401,16.2841,20.28,Non-adaptive sizing
ABL_Static_MTU_013,0,2026-06-05 10:22:08,Static_MTU,409334.4,6.8638,16.4531,20.44,Non-adaptive sizing
ABL_Static_MTU_014,0,2026-06-05 10:25:15,Static_MTU,344625.6,7.1843,16.728,21.14,Non-adaptive sizing
ABL_Static_MTU_015,0,2026-06-05 10:28:07,Static_MTU,434295.2,6.8335,14.8793,19.32,Non-adaptive sizing
ABL_Static_MTU_016,0,2026-06-05 10:29:49,Static_MTU,336801.3,6.8684,14.8379,22.89,Non-adaptive sizing
ABL_Static_MTU_017,0,2026-06-05 10:32:24,Static_MTU,288054.6,6.9464,15.8209,19.83,Non-adaptive sizing
ABL_Static_MTU_018,0,2026-06-05 10:32:44,Static_MTU,395600.1,6.8756,14.5274,19.8,Non-adaptive sizing
ABL_Static_MTU_019,0,2026-06-05 10:37:36,Static_MTU,127295.5,7.1513,15.7729,21.72,Non-adaptive sizing
ABL_Static_MTU_020,0,2026-06-05 10:42:59,Static_MTU,233287.4,7.0792,16.61,20.6,Non-adaptive sizing
ABL_Static_MTU_021,0,2026-06-05 10:44:56,Static_MTU,387545.6,6.8838,15.9069,22.14,Non-adaptive sizing
ABL_Static_MTU_022,0,2026-06-05 10:47:38,Static_MTU,101916.5,7.0901,17.5811,20.47,Non-adaptive sizing
ABL_Static_MTU_023,0,2026-06-05 10:50:41,Static_MTU,87784.0,7.0475,15.6227,21.08,Non-adaptive sizing
ABL_Static_MTU_024,0,2026-06-05 10:52:58,Static_MTU,171715.0,7.2241,15.9106,20.92,Non-adaptive sizing
ABL_Static_MTU_025,0,2026-06-05 10:54:26,Static_MTU,120452.8,6.8559,16.8269,20.7,Non-adaptive sizing
ABL_Static_MTU_026,0,2026-06-05 10:54:54,Static_MTU,267313.2,6.9981,15.5571,20.8,Non-adaptive sizing
ABL_Static_MTU_027,0,2026-06-05 10:56:34,Static_MTU,258870.4,6.8582,16.2313,20.7,Non-adaptive sizing
ABL_No_eBPF_XDP_119,5,2026-06-05 12:01:52,No_eBPF_XDP,87269.7,6.2201,18.3608,46.44,Kernel/userspace crossing
ABL_No_eBPF_XDP_120,5,2026-06-05 12:03:42,No_eBPF_XDP,313899.8,5.9512,19.8277,44.7,Kernel/userspace crossing
ABL_No_eBPF_XDP_121,5,2026-06-05 12:04:26,No_eBPF_XDP,486247.0,5.5894,18.7791,48.64,Kernel/userspace crossing
ABL_No_eBPF_XDP_122,5,2026-06-05 12:08:14,No_eBPF_XDP,150985.8,5.9933,18.8283,45.99,Kernel/userspace crossing
ABL_No_eBPF_XDP_123,5,2026-06-05 12:08:37,No_eBPF_XDP,354805.5,5.884,17.9331,47.8,Kernel/userspace crossing
ABL_No_eBPF_XDP_124,5,2026-06-05 12:09:10,No_eBPF_XDP,104276.8,6.0212,18.777,46.89,Kernel/userspace crossing
ABL_No_eBPF_XDP_125,5,2026-06-05 12:15:47,No_eBPF_XDP,75435.7,5.8455,18.7725,43.5,Kernel/userspace crossing
ABL_No_eBPF_XDP_126,5,2026-06-05 12:16:39,No_eBPF_XDP,346832.7,6.1216,19.9152,45.99,Kernel/userspace crossing
ABL_No_eBPF_XDP_127,5,2026-06-05 12:21:04,No_eBPF_XDP,411464.8,6.0399,18.655,53.31,Kernel/userspace crossing
ABL_No_eBPF_XDP_128,5,2026-06-05 12:21:40,No_eBPF_XDP,255983.3,5.8269,17.8968,48.96,Kernel/userspace crossing
ABL_No_eBPF_XDP_129,5,2026-06-05 12:23:15,No_eBPF_XDP,452832.8,5.8542,19.0263,46.97,Kernel/userspace crossing
ABL_No_eBPF_XDP_130,5,2026-06-05 12:25:38,No_eBPF_XDP,131798.4,5.8146,18.9443,49.5,Kernel/userspace crossing
ABL_No_eBPF_XDP_131,5,2026-06-05 12:30:01,No_eBPF_XDP,129954.2,5.8026,18.3,44.96,Kernel/userspace crossing
ABL_No_eBPF_XDP_132,5,2026-06-05 12:34:16,No_eBPF_XDP,219632.7,5.9904,17.4992,47.04,Kernel/userspace crossing
ABL_No_eBPF_XDP_133,5,2026-06-05 12:35:52,No_eBPF_XDP,499714.1,5.8262,18.9937,52.66,Kernel/userspace crossing
ABL_No_eBPF_XDP_134,6,2026-06-05 14:08:42,No_eBPF_XDP,357805.0,5.6254,18.6715,48.64,Kernel/userspace crossing
ABL_No_eBPF_XDP_135,6,2026-06-05 14:10:35,No_eBPF_XDP,277446.1,5.74,17.8543,46.73,Kernel/userspace crossing
ABL_No_eBPF_XDP_136,6,2026-06-05 14:13:02,No_eBPF_XDP,488734.6,5.8597,18.4321,45.52,Kernel/userspace crossing
ABL_No_eBPF_XDP_137,6,2026-06-05 14:13:20,No_eBPF_XDP,500234.1,6.0679,19.4588,49.32,Kernel/userspace crossing
ABL_No_eBPF_XDP_138,6,2026-06-05 14:13:52,No_eBPF_XDP,163836.0,5.8873,19.0113,48.26,Kernel/userspace crossing
ABL_No_eBPF_XDP_139,6,2026-06-05 14:17:29,No_eBPF_XDP,287697.6,6.0185,17.6554,43.1,Kernel/userspace crossing
ABL_No_eBPF_XDP_140,6,2026-06-05 14:19:25,No_eBPF_XDP,171153.4,5.773,19.3073,47.0,Kernel/userspace crossing
ABL_No_eBPF_XDP_141,6,2026-06-05 14:24:22,No_eBPF_XDP,399913.1,5.7642,19.8699,46.46,Kernel/userspace crossing
ABL_No_eBPF_XDP_142,6,2026-06-05 14:26:57,No_eBPF_XDP,511093.9,6.0509,18.5424,47.26,Kernel/userspace crossing
ABL_No_eBPF_XDP_143,6,2026-06-05 14:29:02,No_eBPF_XDP,118103.9,5.6942,17.1484,44.89,Kernel/userspace crossing
ABL_No_eBPF_XDP_144,6,2026-06-05 14:33:23,No_eBPF_XDP,478822.9,5.8461,18.6629,48.76,Kernel/userspace crossing
ABL_No_eBPF_XDP_145,6,2026-06-05 14:36:24,No_eBPF_XDP,455548.9,5.8887,18.6906,46.99,Kernel/userspace crossing
ABL_No_eBPF_XDP_146,6,2026-06-05 14:38:52,No_eBPF_XDP,234271.2,5.8051,17.2771,50.22,Kernel/userspace crossing
ABL_No_eBPF_XDP_147,6,2026-06-05 14:39:56,No_eBPF_XDP,350544.6,6.1726,18.6239,44.89,Kernel/userspace crossing
ABL_Static_MTU_028,1,2026-06-05 23:56:27,Static_MTU,254983.0,7.0234,16.3334,21.04,Non-adaptive sizing
ABL_Static_MTU_029,1,2026-06-05 23:57:48,Static_MTU,444202.6,6.827,14.6246,20.62,Non-adaptive sizing
ABL_Static_MTU_030,1,2026-06-06 00:00:02,Static_MTU,162398.5,6.8635,15.3776,21.3,Non-adaptive sizing
ABL_Static_MTU_031,1,2026-06-06 00:04:55,Static_MTU,262770.2,6.7202,17.8875,20.82,Non-adaptive sizing
ABL_Static_MTU_032,1,2026-06-06 00:08:39,Static_MTU,437322.5,7.0564,14.4751,20.44,Non-adaptive sizing
ABL_Static_MTU_033,1,2026-06-06 00:11:53,Static_MTU,502986.0,7.0949,16.0899,21.43,Non-adaptive sizing
ABL_Static_MTU_034,1,2026-06-06 00:13:23,Static_MTU,480218.7,7.2509,15.4502,19.84,Non-adaptive sizing
ABL_Static_MTU_035,1,2026-06-06 00:14:08,Static_MTU,189200.5,6.9495,16.3342,20.38,Non-adaptive sizing
ABL_Static_MTU_036,1,2026-06-06 00:14:54,Static_MTU,181854.1,7.0126,14.2941,20.68,Non-adaptive sizing
ABL_Static_MTU_037,1,2026-06-06 00:17:28,Static_MTU,298505.2,7.1621,15.5011,20.93,Non-adaptive sizing
ABL_Static_MTU_038,1,2026-06-06 00:19:42,Static_MTU,209455.4,6.971,16.871,20.74,Non-adaptive sizing
ABL_Static_MTU_039,1,2026-06-06 00:22:43,Static_MTU,173853.2,6.6848,16.9797,21.69,Non-adaptive sizing
ABL_Static_MTU_040,1,2026-06-06 00:24:05,Static_MTU,190219.9,6.8884,17.0247,20.85,Non-adaptive sizing
ABL_Static_MTU_041,1,2026-06-06 00:26:36,Static_MTU,465200.8,7.0849,16.5092,22.79,Non-adaptive sizing
ABL_Static_MTU_042,1,2026-06-06 00:28:10,Static_MTU,143077.6,7.1172,15.5054,21.74,Non-adaptive sizing
ABL_Static_MTU_043,1,2026-06-06 00:29:54,Static_MTU,271749.9,7.1622,15.356,20.98,Non-adaptive sizing
ABL_Static_MTU_044,1,2026-06-06 00:34:03,Static_MTU,134774.5,6.8501,15.6076,21.2,Non-adaptive sizing
ABL_Static_MTU_045,1,2026-06-06 00:34:44,Static_MTU,416791.0,7.0533,16.9615,20.48,Non-adaptive sizing
ABL_Static_MTU_046,1,2026-06-06 00:35:41,Static_MTU,250499.3,6.7826,15.9398,21.96,Non-adaptive sizing
ABL_Static_MTU_047,1,2026-06-06 00:36:53,Static_MTU,456304.3,6.8331,16.0933,19.16,Non-adaptive sizing
ABL_Static_MTU_048,1,2026-06-06 00:38:57,Static_MTU,298538.3,7.0023,18.2877,22.18,Non-adaptive sizing
ABL_Static_MTU_049,2,2026-06-06 04:21:04,Static_MTU,254391.0,6.5892,15.4319,20.5,Non-adaptive sizing
ABL_Static_MTU_050,2,2026-06-06 04:22:31,Static_MTU,411126.5,6.9225,16.6967,18.83,Non-adaptive sizing
ABL_Static_MTU_051,2,2026-06-06 04:23:11,Static_MTU,273709.8,6.7647,16.0103,22.02,Non-adaptive sizing
ABL_Static_MTU_052,2,2026-06-06 04:25:22,Static_MTU,495216.6,6.7595,14.4816,21.24,Non-adaptive sizing
ABL_Static_MTU_053,2,2026-06-06 04:28:01,Static_MTU,274831.5,6.9747,17.4804,19.74,Non-adaptive sizing
ABL_Static_MTU_054,2,2026-06-06 04:29:57,Static_MTU,177172.8,7.041,17.742,21.1,Non-adaptive sizing
ABL_Static_MTU_055,2,2026-06-06 04:31:23,Static_MTU,140897.7,6.6904,15.9738,20.6,Non-adaptive sizing
ABL_Static_MTU_056,2,2026-06-06 04:32:25,Static_MTU,151004.6,7.1792,15.5677,21.79,Non-adaptive sizing
ABL_Static_MTU_057,2,2026-06-06 04:35:21,Static_MTU,324736.0,6.986,16.2882,21.71,Non-adaptive sizing
ABL_Static_MTU_058,2,2026-06-06 04:37:06,Static_MTU,124159.3,7.2352,15.7754,20.94,Non-adaptive sizing
ABL_Static_MTU_059,2,2026-06-06 04:39:10,Static_MTU,466380.7,7.0543,15.3584,21.88,Non-adaptive sizing
ABL_Static_MTU_060,2,2026-06-06 04:40:48,Static_MTU,205183.1,7.0425,16.3499,20.49,Non-adaptive sizing
ABL_Static_MTU_061,2,2026-06-06 04:41:41,Static_MTU,381167.1,6.7352,15.4172,20.68,Non-adaptive sizing
ABL_Static_MTU_062,2,2026-06-06 04:42:35,Static_MTU,508165.0,7.0207,15.5655,20.48,Non-adaptive sizing
ABL_Static_MTU_063,2,2026-06-06 04:43:46,Static_MTU,86142.7,6.8281,16.0755,21.27,Non-adaptive sizing
ABL_Static_MTU_064,2,2026-06-06 04:45:12,Static_MTU,104979.8,7.1014,16.3075,20.65,Non-adaptive sizing
ABL_Static_MTU_065,2,2026-06-06 04:47:33,Static_MTU,375717.9,6.7739,15.5902,20.68,Non-adaptive sizing
ABL_Static_MTU_066,2,2026-06-06 04:51:11,Static_MTU,185829.4,7.3823,15.6092,20.7,Non-adaptive sizing
ABL_Static_MTU_067,2,2026-06-06 04:54:36,Static_MTU,429721.0,7.195,17.7587,20.27,Non-adaptive sizing
ABL_Static_MTU_068,2,2026-06-06 04:56:13,Static_MTU,250952.1,6.7692,15.9832,20.01,Non-adaptive sizing
ABL_Static_MTU_069,2,2026-06-06 04:58:00,Static_MTU,362427.9,6.5086,16.4862,20.33,Non-adaptive sizing
ABL_Static_MTU_070,2,2026-06-06 05:00:19,Static_MTU,163893.3,7.1581,15.4174,20.68,Non-adaptive sizing
ABL_No_eBPF_XDP_148,7,2026-06-06 19:34:10,No_eBPF_XDP,310813.1,6.006,18.2171,43.23,Kernel/userspace crossing
ABL_No_eBPF_XDP_149,7,2026-06-06 19:38:33,No_eBPF_XDP,318895.0,5.644,18.9844,46.56,Kernel/userspace crossing
ABL_No_eBPF_XDP_150,7,2026-06-06 19:41:49,No_eBPF_XDP,504570.3,5.9779,18.0795,46.08,Kernel/userspace crossing
ABL_Static_MTU_071,3,2026-06-07 04:41:52,Static_MTU,133503.3,7.0016,16.4925,23.03,Non-adaptive sizing
ABL_Static_MTU_072,3,2026-06-07 04:44:16,Static_MTU,415965.6,6.7915,16.6488,17.77,Non-adaptive sizing
ABL_Static_MTU_073,3,2026-06-07 04:47:27,Static_MTU,480326.9,6.5759,14.6837,20.18,Non-adaptive sizing
ABL_Static_MTU_074,3,2026-06-07 04:50:01,Static_MTU,348650.2,7.0453,16.6539,22.05,Non-adaptive sizing
ABL_Static_MTU_075,3,2026-06-07 04:52:02,Static_MTU,227167.6,6.9155,14.5421,20.92,Non-adaptive sizing
ABL_Static_MTU_076,3,2026-06-07 04:55:05,Static_MTU,224299.3,6.9817,15.3496,19.8,Non-adaptive sizing
ABL_Static_MTU_077,3,2026-06-07 04:58:59,Static_MTU,302602.3,7.3548,15.8087,19.06,Non-adaptive sizing
ABL_Static_MTU_078,3,2026-06-07 05:00:51,Static_MTU,460597.4,7.2916,15.6499,20.2,Non-adaptive sizing
ABL_Static_MTU_079,3,2026-06-07 05:03:58,Static_MTU,312973.7,7.0542,15.2186,20.56,Non-adaptive sizing
ABL_Static_MTU_080,3,2026-06-07 05:04:52,Static_MTU,195106.9,6.9108,15.0204,21.31,Non-adaptive sizing
ABL_Static_MTU_081,3,2026-06-07 05:06:54,Static_MTU,507539.0,6.6043,16.5928,21.49,Non-adaptive sizing
ABL_Static_MTU_082,3,2026-06-07 05:09:31,Static_MTU,328748.0,6.8833,15.7024,21.12,Non-adaptive sizing
ABL_Static_MTU_083,3,2026-06-07 05:09:53,Static_MTU,228073.3,7.073,14.6484,19.5,Non-adaptive sizing
ABL_Static_MTU_084,3,2026-06-07 05:15:21,Static_MTU,422875.9,6.6336,14.1025,20.03,Non-adaptive sizing
ABL_Static_MTU_085,3,2026-06-07 05:16:51,Static_MTU,169062.2,7.1269,16.7324,20.3,Non-adaptive sizing
ABL_Static_MTU_086,3,2026-06-07 05:17:45,Static_MTU,482715.0,6.5767,14.8127,20.68,Non-adaptive sizing
ABL_Static_MTU_087,3,2026-06-07 05:18:58,Static_MTU,127495.2,6.5462,16.7831,20.2,Non-adaptive sizing
ABL_Static_MTU_088,3,2026-06-07 05:19:41,Static_MTU,425605.3,6.8267,15.0252,19.91,Non-adaptive sizing
ABL_Static_MTU_089,3,2026-06-07 05:22:01,Static_MTU,474107.9,6.9372,14.8951,20.99,Non-adaptive sizing
ABL_Static_MTU_090,3,2026-06-07 05:25:10,Static_MTU,443386.3,7.1629,16.9122,19.93,Non-adaptive sizing
ABL_Static_MTU_091,3,2026-06-07 05:29:52,Static_MTU,432121.5,6.6621,15.7401,21.75,Non-adaptive sizing
ABL_Static_MTU_092,3,2026-06-07 05:30:47,Static_MTU,94210.5,6.498,15.0143,21.21,Non-adaptive sizing
ABL_Static_MTU_093,3,2026-06-07 05:34:19,Static_MTU,320976.9,6.9344,17.6173,19.11,Non-adaptive sizing
ABL_Static_MTU_094,3,2026-06-07 05:36:28,Static_MTU,143063.5,6.6546,16.7416,19.79,Non-adaptive sizing
ABL_Static_MTU_095,3,2026-06-07 05:37:36,Static_MTU,447903.7,7.2493,15.2816,20.0,Non-adaptive sizing
ABL_Static_MTU_096,3,2026-06-07 05:38:56,Static_MTU,86775.0,7.0142,16.6401,20.27,Non-adaptive sizing
ABL_Static_MTU_097,3,2026-06-07 05:39:47,Static_MTU,366188.3,7.0142,15.5571,21.33,Non-adaptive sizing
ABL_Static_MTU_098,3,2026-06-07 05:40:21,Static_MTU,501062.9,7.2862,14.3999,20.56,Non-adaptive sizing
ABL_Static_MTU_099,3,2026-06-07 05:41:32,Static_MTU,185974.5,7.083,14.2962,20.48,Non-adaptive sizing
ABL_Static_MTU_100,3,2026-06-07 05:43:05,Static_MTU,368619.8,6.9598,14.5062,21.69,Non-adaptive sizing
ABL_Static_MTU_101,4,2026-06-10 09:51:22,Static_MTU,216150.6,7.2292,16.147,22.07,Non-adaptive sizing
ABL_Static_MTU_102,4,2026-06-10 09:56:02,Static_MTU,504569.6,6.7786,16.332,20.36,Non-adaptive sizing
ABL_Static_MTU_103,4,2026-06-10 09:58:36,Static_MTU,294991.9,7.2611,16.7615,22.65,Non-adaptive sizing
ABL_Static_MTU_104,4,2026-06-10 10:00:50,Static_MTU,162528.0,7.1179,14.9519,21.51,Non-adaptive sizing
ABL_Static_MTU_105,4,2026-06-10 10:03:54,Static_MTU,435764.0,7.1372,17.2435,20.82,Non-adaptive sizing
ABL_Static_MTU_106,4,2026-06-10 10:04:46,Static_MTU,420569.7,7.3141,17.8439,21.24,Non-adaptive sizing
ABL_Static_MTU_107,4,2026-06-10 10:06:45,Static_MTU,221157.8,7.031,16.7183,20.63,Non-adaptive sizing
ABL_Static_MTU_108,4,2026-06-10 10:09:44,Static_MTU,125741.7,7.1883,16.2582,21.25,Non-adaptive sizing
ABL_Static_MTU_109,4,2026-06-10 10:12:18,Static_MTU,356569.0,6.7013,17.2901,20.84,Non-adaptive sizing
ABL_Static_MTU_110,4,2026-06-10 10:13:17,Static_MTU,445168.7,7.2926,16.8173,20.77,Non-adaptive sizing
ABL_Static_MTU_111,4,2026-06-10 10:16:46,Static_MTU,449078.1,7.5315,16.6704,21.45,Non-adaptive sizing
ABL_Static_MTU_112,4,2026-06-10 10:19:51,Static_MTU,391263.5,7.317,15.1557,19.63,Non-adaptive sizing
ABL_Static_MTU_113,4,2026-06-10 10:21:54,Static_MTU,167267.4,6.9394,14.8816,21.05,Non-adaptive sizing
ABL_Static_MTU_114,4,2026-06-10 10:26:19,Static_MTU,238887.5,7.544,16.8905,21.44,Non-adaptive sizing
ABL_Static_MTU_115,4,2026-06-10 10:27:50,Static_MTU,237684.4,6.8729,14.9401,21.57,Non-adaptive sizing
ABL_Static_MTU_116,4,2026-06-10 10:28:32,Static_MTU,241450.6,6.9868,16.1531,19.7,Non-adaptive sizing
ABL_Static_MTU_117,4,2026-06-10 10:29:23,Static_MTU,369468.3,7.0465,15.9544,22.87,Non-adaptive sizing
ABL_Static_MTU_118,5,2026-06-11 14:19:44,Static_MTU,207780.2,7.1245,17.1642,21.76,Non-adaptive sizing
ABL_Static_MTU_119,5,2026-06-11 14:23:45,Static_MTU,236105.2,7.4304,14.5677,19.71,Non-adaptive sizing
ABL_Static_MTU_120,5,2026-06-11 14:27:25,Static_MTU,267640.0,6.9611,16.4785,21.13,Non-adaptive sizing
ABL_Static_MTU_121,5,2026-06-11 14:30:04,Static_MTU,365023.1,6.7973,16.5256,19.83,Non-adaptive sizing
ABL_Static_MTU_122,5,2026-06-11 14:31:53,Static_MTU,256147.8,7.1479,15.2518,20.13,Non-adaptive sizing
ABL_Static_MTU_123,5,2026-06-11 14:32:55,Static_MTU,171211.8,7.0253,16.4635,20.22,Non-adaptive sizing
ABL_Static_MTU_124,5,2026-06-11 14:35:43,Static_MTU,312301.5,7.2386,15.1249,22.25,Non-adaptive sizing
ABL_Static_MTU_125,5,2026-06-11 14:39:50,Static_MTU,107256.9,6.8549,15.7912,20.91,Non-adaptive sizing
ABL_Static_MTU_126,5,2026-06-11 14:41:14,Static_MTU,474435.4,6.8405,16.6659,21.78,Non-adaptive sizing
ABL_Static_MTU_127,5,2026-06-11 14:42:00,Static_MTU,135392.5,7.2789,17.2446,19.99,Non-adaptive sizing
ABL_Static_MTU_128,5,2026-06-11 14:42:49,Static_MTU,88728.4,6.8101,16.0651,22.78,Non-adaptive sizing
ABL_Static_MTU_129,5,2026-06-11 14:43:48,Static_MTU,94234.4,7.2704,16.26,23.21,Non-adaptive sizing
ABL_Static_MTU_130,5,2026-06-11 14:46:25,Static_MTU,364229.9,7.0471,16.948,21.05,Non-adaptive sizing
ABL_Static_MTU_131,5,2026-06-11 14:50:07,Static_MTU,504872.4,7.4072,15.2825,21.99,Non-adaptive sizing
ABL_Static_MTU_132,5,2026-06-11 14:52:29,Static_MTU,176344.9,6.7997,14.506,21.64,Non-adaptive sizing
ABL_Static_MTU_133,5,2026-06-11 14:54:08,Static_MTU,511225.8,7.1162,15.6249,20.39,Non-adaptive sizing
ABL_Static_MTU_134,5,2026-06-11 14:57:20,Static_MTU,177849.4,6.9131,17.2647,21.7,Non-adaptive sizing
ABL_Static_MTU_135,5,2026-06-11 15:00:29,Static_MTU,102350.5,7.7212,16.2523,23.56,Non-adaptive sizing
ABL_Static_MTU_136,5,2026-06-11 15:03:25,Static_MTU,293402.0,7.2045,15.2842,18.89,Non-adaptive sizing
ABL_Static_MTU_137,5,2026-06-11 15:07:44,Static_MTU,414089.7,7.2329,16.1012,21.07,Non-adaptive sizing
ABL_Static_MTU_138,5,2026-06-11 15:09:52,Static_MTU,253353.4,6.9143,16.5889,22.14,Non-adaptive sizing
ABL_Static_MTU_139,5,2026-06-11 15:11:35,Static_MTU,359942.0,7.1386,16.1062,19.91,Non-adaptive sizing
ABL_Static_MTU_140,5,2026-06-11 15:13:20,Static_MTU,145097.9,6.9995,17.6035,19.3,Non-adaptive sizing
ABL_Static_MTU_141,5,2026-06-11 15:16:59,Static_MTU,272742.3,7.2038,17.1467,23.06,Non-adaptive sizing
ABL_Static_MTU_142,5,2026-06-11 15:20:01,Static_MTU,133073.1,7.1182,14.7841,22.48,Non-adaptive sizing
ABL_Full_uDCN_001,0,2026-06-12 08:00:00,Full_uDCN,333220.7,7.7811,13.1934,18.11,-
ABL_Full_uDCN_002,0,2026-06-12 08:03:22,Full_uDCN,163140.1,8.3953,12.1065,16.62,-
ABL_Full_uDCN_003,0,2026-06-12 08:07:21,Full_uDCN,323657.6,8.696,12.769,19.37,-
ABL_Full_uDCN_004,0,2026-06-12 08:13:25,Full_uDCN,365617.9,8.0231,12.056,17.46,-
ABL_Full_uDCN_005,0,2026-06-12 08:14:08,Full_uDCN,435008.5,8.1639,12.7734,16.16,-
ABL_Full_uDCN_006,0,2026-06-12 08:15:31,Full_uDCN,323847.9,8.6958,12.0619,19.73,-
ABL_Full_uDCN_007,0,2026-06-12 08:19:07,Full_uDCN,292765.9,7.9325,11.8068,17.46,-
ABL_Full_uDCN_008,0,2026-06-12 08:20:15,Full_uDCN,480035.4,8.823,12.0901,18.62,-
ABL_Full_uDCN_009,0,2026-06-12 08:24:40,Full_uDCN,271128.7,7.9184,13.4519,18.22,-
ABL_Full_uDCN_010,0,2026-06-12 08:27:13,Full_uDCN,369561.8,8.0905,13.3856,19.78,-
ABL_Full_uDCN_011,0,2026-06-12 08:30:59,Full_uDCN,406530.3,8.1383,12.5038,19.48,-
ABL_Full_uDCN_012,0,2026-06-12 08:34:03,Full_uDCN,363471.0,8.1708,12.5282,16.52,-
ABL_Full_uDCN_013,0,2026-06-12 08:34:28,Full_uDCN,308962.3,8.5223,12.6945,18.4,-
ABL_Full_uDCN_014,0,2026-06-12 08:34:53,Full_uDCN,197978.1,8.4191,11.5735,17.08,-
ABL_Full_uDCN_015,0,2026-06-12 08:37:17,Full_uDCN,138973.7,8.3478,13.746,17.92,-
ABL_Full_uDCN_016,0,2026-06-12 08:38:40,Full_uDCN,433321.3,8.3605,11.8939,17.82,-
ABL_Full_uDCN_017,0,2026-06-12 08:41:09,Full_uDCN,393414.4,7.8404,11.7369,17.84,-
ABL_Full_uDCN_018,0,2026-06-12 08:41:21,Full_uDCN,351812.4,8.1139,12.3502,16.94,-
ABL_Full_uDCN_019,0,2026-06-12 08:44:09,Full_uDCN,478977.7,8.6164,11.8775,18.57,-
ABL_Full_uDCN_020,0,2026-06-12 08:46:54,Full_uDCN,415668.7,7.9556,12.6562,18.73,-
ABL_Full_uDCN_021,0,2026-06-12 08:47:15,Full_uDCN,471092.3,8.7129,12.8643,18.72,-
ABL_Full_uDCN_022,0,2026-06-12 08:48:43,Full_uDCN,418337.0,8.2443,12.257,19.75,-
ABL_Full_uDCN_023,0,2026-06-12 08:50:57,Full_uDCN,251143.4,8.0019,12.5609,17.83,-
ABL_Full_uDCN_024,0,2026-06-12 08:52:24,Full_uDCN,381720.2,8.5262,12.091,17.2,-
ABL_Full_uDCN_025,0,2026-06-12 08:53:39,Full_uDCN,403032.9,8.5169,11.4587,18.07,-
ABL_Full_uDCN_026,1,2026-06-12 21:55:17,Full_uDCN,248701.9,7.8834,11.3899,15.43,-
ABL_Full_uDCN_027,1,2026-06-12 21:56:00,Full_uDCN,190889.8,7.9096,13.3707,17.26,-
ABL_Full_uDCN_028,1,2026-06-12 21:58:02,Full_uDCN,276395.0,7.8305,12.052,16.46,-
ABL_Full_uDCN_029,1,2026-06-12 22:03:12,Full_uDCN,102588.9,7.8948,11.0663,16.53,-
ABL_Full_uDCN_030,1,2026-06-12 22:05:15,Full_uDCN,234351.5,7.4415,11.4606,16.38,-
ABL_Full_uDCN_031,1,2026-06-12 22:08:30,Full_uDCN,413893.8,7.8788,11.6139,16.44,-
ABL_Full_uDCN_032,1,2026-06-12 22:12:12,Full_uDCN,335084.2,8.4379,12.5705,17.69,-
ABL_Full_uDCN_033,1,2026-06-12 22:13:47,Full_uDCN,422665.5,7.9277,12.1847,16.04,-
ABL_Full_uDCN_034,1,2026-06-12 22:16:37,Full_uDCN,241082.2,8.1813,13.011,16.6,-
ABL_Full_uDCN_035,1,2026-06-12 22:18:03,Full_uDCN,498082.4,8.3095,13.3111,17.49,-
ABL_Full_uDCN_036,1,2026-06-12 22:20:08,Full_uDCN,342406.3,8.1191,12.4896,17.19,-
ABL_Full_uDCN_037,1,2026-06-12 22:22:46,Full_uDCN,430539.7,7.9367,12.4497,18.6,-
ABL_Full_uDCN_038,1,2026-06-12 22:24:49,Full_uDCN,109339.1,7.9206,12.8858,17.49,-
ABL_Full_uDCN_039,1,2026-06-12 22:28:41,Full_uDCN,191950.5,7.9191,11.8786,19.23,-
ABL_Full_uDCN_040,1,2026-06-12 22:32:09,Full_uDCN,87255.6,8.166,11.9613,18.17,-
ABL_Full_uDCN_041,1,2026-06-12 22:33:07,Full_uDCN,73894.1,7.9685,11.1643,16.54,-
ABL_Full_uDCN_042,1,2026-06-12 22:34:55,Full_uDCN,158988.8,8.291,12.5994,17.28,-
ABL_Full_uDCN_043,1,2026-06-12 22:37:35,Full_uDCN,462861.8,8.5966,11.6093,18.82,-
ABL_Full_uDCN_044,1,2026-06-12 22:39:42,Full_uDCN,244730.7,8.2238,12.2905,16.31,-
ABL_Full_uDCN_045,1,2026-06-12 22:41:34,Full_uDCN,92630.1,7.6852,13.6585,16.61,-
ABL_Full_uDCN_046,1,2026-06-12 22:44:12,Full_uDCN,97578.5,8.177,11.3408,15.91,-
ABL_Full_uDCN_047,1,2026-06-12 22:46:48,Full_uDCN,355920.9,8.0244,11.8261,17.33,-
ABL_Full_uDCN_048,1,2026-06-12 22:48:40,Full_uDCN,362948.0,7.9664,11.5182,18.27,-
ABL_Full_uDCN_049,1,2026-06-12 22:50:28,Full_uDCN,225365.3,7.8745,11.448,18.43,-
ABL_Full_uDCN_050,1,2026-06-12 22:52:00,Full_uDCN,500528.5,8.006,12.5487,17.27,-
ABL_Full_uDCN_051,1,2026-06-12 22:52:42,Full_uDCN,64967.5,9.0454,11.1777,16.31,-
ABL_Static_MTU_143,6,2026-06-13 12:39:15,Static_MTU,128036.3,6.8141,17.0368,18.68,Non-adaptive sizing
ABL_Static_MTU_144,6,2026-06-13 12:39:29,Static_MTU,123102.1,6.8194,14.7844,19.76,Non-adaptive sizing
ABL_Static_MTU_145,6,2026-06-13 12:40:52,Static_MTU,278993.0,6.8362,15.4953,19.38,Non-adaptive sizing
ABL_Static_MTU_146,6,2026-06-13 12:44:21,Static_MTU,453898.9,6.6695,16.3838,21.15,Non-adaptive sizing
ABL_Static_MTU_147,6,2026-06-13 12:47:33,Static_MTU,170825.8,6.6474,14.682,20.52,Non-adaptive sizing
ABL_Static_MTU_148,6,2026-06-13 12:48:22,Static_MTU,67445.7,7.0185,13.8722,20.96,Non-adaptive sizing
ABL_Static_MTU_149,6,2026-06-13 12:49:56,Static_MTU,479864.6,6.8066,15.9561,22.57,Non-adaptive sizing
ABL_Static_MTU_150,6,2026-06-13 12:51:43,Static_MTU,498259.6,7.0155,16.0444,19.09,Non-adaptive sizing
ABL_Full_uDCN_052,2,2026-06-13 15:00:05,Full_uDCN,157278.4,9.322,12.7007,18.23,-
ABL_Full_uDCN_053,2,2026-06-13 15:02:03,Full_uDCN,314400.2,8.8868,12.5665,17.88,-
ABL_Full_uDCN_054,2,2026-06-13 15:05:05,Full_uDCN,180209.5,8.0952,13.1869,18.76,-
ABL_Full_uDCN_055,2,2026-06-13 15:11:01,Full_uDCN,428396.7,8.4073,11.4534,18.24,-
ABL_Full_uDCN_056,2,2026-06-13 15:16:32,Full_uDCN,118782.7,8.681,11.7541,19.14,-
ABL_Full_uDCN_057,2,2026-06-13 15:17:58,Full_uDCN,230643.3,8.2617,13.1354,17.53,-
ABL_Full_uDCN_058,2,2026-06-13 15:18:45,Full_uDCN,366534.4,8.5433,11.4161,18.09,-
ABL_Full_uDCN_059,2,2026-06-13 15:22:14,Full_uDCN,117370.4,8.6928,12.6082,17.95,-
ABL_Full_uDCN_060,2,2026-06-13 15:23:53,Full_uDCN,161550.0,8.8299,13.2182,17.66,-
ABL_Full_uDCN_061,2,2026-06-13 15:26:19,Full_uDCN,220055.3,8.4927,11.5849,18.47,-
ABL_Full_uDCN_062,2,2026-06-13 15:28:21,Full_uDCN,343795.6,8.4598,11.8497,16.6,-
ABL_Full_uDCN_063,2,2026-06-13 15:29:55,Full_uDCN,282944.4,8.2903,13.0494,16.76,-
ABL_Full_uDCN_064,2,2026-06-13 15:31:15,Full_uDCN,495687.9,8.2613,11.7242,15.96,-
ABL_Full_uDCN_065,2,2026-06-13 15:32:44,Full_uDCN,483643.2,8.3988,13.0146,18.1,-
ABL_Full_uDCN_066,2,2026-06-13 15:37:30,Full_uDCN,273065.7,8.3233,13.2395,18.79,-
ABL_Full_uDCN_067,2,2026-06-13 15:38:15,Full_uDCN,154936.2,8.59,12.5099,18.45,-
ABL_Full_uDCN_068,2,2026-06-13 15:43:42,Full_uDCN,196040.1,8.4511,12.4338,19.56,-
ABL_Full_uDCN_069,3,2026-06-14 06:17:22,Full_uDCN,370666.0,8.1041,12.176,17.78,-
ABL_Full_uDCN_070,3,2026-06-14 06:19:23,Full_uDCN,112718.7,8.6032,11.8005,16.9,-
ABL_Full_uDCN_071,3,2026-06-14 06:21:49,Full_uDCN,92072.6,8.0738,12.6967,17.98,-
ABL_Full_uDCN_072,3,2026-06-14 06:23:03,Full_uDCN,179104.4,8.3423,12.6423,17.85,-
ABL_Full_uDCN_073,3,2026-06-14 06:26:34,Full_uDCN,322924.8,8.3123,12.1956,17.85,-
ABL_Full_uDCN_074,3,2026-06-14 06:28:04,Full_uDCN,495400.7,8.001,12.3821,18.69,-
ABL_Full_uDCN_075,3,2026-06-14 06:28:44,Full_uDCN,212428.7,8.1643,11.3829,16.97,-
ABL_Full_uDCN_076,3,2026-06-14 06:29:29,Full_uDCN,103623.5,8.2361,11.6291,17.02,-
ABL_Full_uDCN_077,3,2026-06-14 06:32:46,Full_uDCN,418143.0,8.0064,10.9555,17.66,-
ABL_Full_uDCN_078,3,2026-06-14 06:33:56,Full_uDCN,455943.9,7.7982,11.84,18.8,-
ABL_Full_uDCN_079,3,2026-06-14 06:36:18,Full_uDCN,224468.8,8.955,12.725,17.06,-
ABL_Full_uDCN_080,3,2026-06-14 06:38:12,Full_uDCN,290490.6,7.9834,12.3554,18.93,-
ABL_Full_uDCN_081,3,2026-06-14 06:41:01,Full_uDCN,371128.8,8.0729,11.8813,18.96,-
ABL_Full_uDCN_082,3,2026-06-14 06:43:12,Full_uDCN,368634.6,8.0903,11.9505,17.4,-
ABL_Full_uDCN_083,3,2026-06-14 06:45:23,Full_uDCN,389958.6,8.16,11.9424,17.19,-
ABL_Full_uDCN_084,3,2026-06-14 06:47:24,Full_uDCN,359472.8,8.4135,12.8421,17.66,-
ABL_Full_uDCN_085,3,2026-06-14 06:52:14,Full_uDCN,71030.5,8.3967,11.4999,16.42,-
ABL_Full_uDCN_086,3,2026-06-14 06:54:18,Full_uDCN,220077.0,7.9973,12.9465,19.14,-
ABL_Full_uDCN_087,3,2026-06-14 06:54:50,Full_uDCN,97661.1,8.2661,12.5152,17.9,-
ABL_Full_uDCN_088,3,2026-06-14 06:55:10,Full_uDCN,88669.0,8.358,11.3243,18.74,-
ABL_Full_uDCN_089,3,2026-06-14 06:59:20,Full_uDCN,186267.0,8.1109,12.5739,17.19,-
ABL_Full_uDCN_090,3,2026-06-14 07:00:33,Full_uDCN,426141.3,8.4906,12.6518,17.91,-
ABL_Full_uDCN_091,3,2026-06-14 07:01:58,Full_uDCN,174242.1,8.2415,11.9567,17.61,-
ABL_Full_uDCN_092,3,2026-06-14 07:03:12,Full_uDCN,282904.6,8.4339,13.3478,19.23,-
ABL_Full_uDCN_093,3,2026-06-14 07:05:37,Full_uDCN,372935.4,7.881,11.7285,16.83,-
ABL_Full_uDCN_094,3,2026-06-14 07:05:54,Full_uDCN,269852.1,8.6948,11.9745,18.84,-
ABL_Full_uDCN_095,3,2026-06-14 07:07:57,Full_uDCN,371706.1,8.129,12.3377,17.78,-
ABL_Full_uDCN_096,3,2026-06-14 07:09:13,Full_uDCN,467203.8,7.8982,12.5235,17.71,-
ABL_Full_uDCN_097,3,2026-06-14 07:12:30,Full_uDCN,471015.5,7.9318,12.1004,16.28,-
ABL_Full_uDCN_098,3,2026-06-14 07:15:35,Full_uDCN,185779.5,7.9662,12.779,17.61,-
ABL_Full_uDCN_099,3,2026-06-14 07:16:29,Full_uDCN,264690.0,8.2788,11.8432,17.38,-
ABL_Full_uDCN_100,4,2026-06-15 12:20:46,Full_uDCN,200703.6,7.6218,12.6148,18.38,-
ABL_Full_uDCN_101,4,2026-06-15 12:22:48,Full_uDCN,428677.3,7.975,12.2057,17.43,-
ABL_Full_uDCN_102,4,2026-06-15 12:25:51,Full_uDCN,189443.7,8.5722,12.3073,17.32,-
ABL_Full_uDCN_103,4,2026-06-15 12:26:18,Full_uDCN,239993.4,8.6182,11.7056,18.69,-
ABL_Full_uDCN_104,4,2026-06-15 12:26:51,Full_uDCN,130840.8,7.9536,12.2205,18.06,-
ABL_Full_uDCN_105,4,2026-06-15 12:28:34,Full_uDCN,150453.2,8.3031,11.393,17.47,-
ABL_Full_uDCN_106,4,2026-06-15 12:29:09,Full_uDCN,320489.3,8.3294,11.4331,18.04,-
ABL_Full_uDCN_107,4,2026-06-15 12:29:49,Full_uDCN,78829.2,8.2007,12.1873,18.33,-
ABL_Full_uDCN_108,4,2026-06-15 12:33:08,Full_uDCN,436026.0,8.1078,12.7975,17.71,-
ABL_Full_uDCN_109,4,2026-06-15 12:36:13,Full_uDCN,157234.4,8.5109,11.67,17.78,-
ABL_Full_uDCN_110,4,2026-06-15 12:36:43,Full_uDCN,185643.0,8.1976,12.5747,19.26,-
ABL_Full_uDCN_111,4,2026-06-15 12:39:15,Full_uDCN,70628.6,8.3349,13.7297,17.82,-
ABL_Full_uDCN_112,4,2026-06-15 12:39:55,Full_uDCN,505461.8,8.5084,12.624,16.04,-
ABL_Full_uDCN_113,4,2026-06-15 12:42:06,Full_uDCN,499628.6,8.0096,12.6642,18.61,-
ABL_Full_uDCN_114,4,2026-06-15 12:43:04,Full_uDCN,393836.0,8.0199,12.192,19.06,-
ABL_Full_uDCN_115,4,2026-06-15 12:46:43,Full_uDCN,385035.2,8.9521,11.156,18.79,-
ABL_Full_uDCN_116,4,2026-06-15 12:49:15,Full_uDCN,65865.6,7.9952,12.028,18.72,-
ABL_Full_uDCN_117,4,2026-06-15 12:50:52,Full_uDCN,261202.3,8.6136,12.3244,16.15,-
ABL_Full_uDCN_118,5,2026-06-16 08:12:36,Full_uDCN,157346.9,8.8128,11.8598,17.43,-
ABL_Full_uDCN_119,5,2026-06-16 08:13:14,Full_uDCN,366635.6,8.4861,12.6567,18.29,-
ABL_Full_uDCN_120,5,2026-06-16 08:17:27,Full_uDCN,412862.3,8.3648,12.0895,18.35,-
ABL_Full_uDCN_121,5,2026-06-16 08:18:30,Full_uDCN,266641.7,8.4322,13.0814,18.18,-
ABL_Full_uDCN_122,5,2026-06-16 08:19:50,Full_uDCN,245651.7,8.24,12.6103,17.08,-
ABL_Full_uDCN_123,5,2026-06-16 08:20:46,Full_uDCN,311869.6,8.4625,12.7008,17.59,-
ABL_Full_uDCN_124,5,2026-06-16 08:23:25,Full_uDCN,127006.3,8.3926,12.7967,17.86,-
ABL_Full_uDCN_125,5,2026-06-16 08:27:04,Full_uDCN,83770.7,8.301,12.4492,19.05,-
ABL_Full_uDCN_126,5,2026-06-16 08:30:51,Full_uDCN,330147.5,8.3495,13.5768,20.2,-
ABL_Full_uDCN_127,5,2026-06-16 08:33:02,Full_uDCN,395836.0,8.7056,11.8728,16.82,-
ABL_Full_uDCN_128,5,2026-06-16 08:35:24,Full_uDCN,307414.8,8.4589,12.0433,18.25,-
ABL_Full_uDCN_129,5,2026-06-16 08:38:23,Full_uDCN,341813.4,8.3923,12.5151,17.35,-
ABL_Full_uDCN_130,5,2026-06-16 08:41:15,Full_uDCN,171598.0,9.0377,12.6325,19.05,-
ABL_Full_uDCN_131,5,2026-06-16 08:44:40,Full_uDCN,349386.1,8.4488,11.7455,18.39,-
ABL_Full_uDCN_132,5,2026-06-16 08:47:21,Full_uDCN,128719.6,8.6392,13.183,18.59,-
ABL_Full_uDCN_133,5,2026-06-16 08:50:39,Full_uDCN,78217.6,8.2011,12.4284,18.26,-
ABL_Full_uDCN_134,5,2026-06-16 08:54:19,Full_uDCN,188472.5,8.1511,12.9624,17.58,-
ABL_Full_uDCN_135,5,2026-06-16 08:56:06,Full_uDCN,122074.8,8.5968,12.201,17.55,-
ABL_Full_uDCN_136,5,2026-06-16 08:58:18,Full_uDCN,317934.6,8.742,12.2439,17.91,-
ABL_TCP_transport_001,0,2026-06-16 15:00:00,TCP_transport,380071.7,6.4245,17.1013,21.63,HOL blocking
ABL_TCP_transport_002,0,2026-06-16 15:01:55,TCP_transport,486752.9,6.471,17.7172,21.56,HOL blocking
ABL_TCP_transport_003,0,2026-06-16 15:02:40,TCP_transport,370507.9,6.2518,16.6011,23.56,HOL blocking
ABL_TCP_transport_004,0,2026-06-16 15:05:02,TCP_transport,434518.3,5.9268,17.8807,21.72,HOL blocking
ABL_TCP_transport_005,0,2026-06-16 15:06:29,TCP_transport,157356.4,6.2114,16.673,21.73,HOL blocking
ABL_TCP_transport_006,0,2026-06-16 15:10:08,TCP_transport,77353.8,6.6341,16.1879,21.95,HOL blocking
ABL_TCP_transport_007,0,2026-06-16 15:12:28,TCP_transport,478945.0,6.6321,15.8057,22.68,HOL blocking
ABL_TCP_transport_008,0,2026-06-16 15:12:44,TCP_transport,501004.5,6.3716,16.3989,20.93,HOL blocking
ABL_TCP_transport_009,0,2026-06-16 15:14:21,TCP_transport,95126.8,6.6544,18.1677,22.63,HOL blocking
ABL_TCP_transport_010,0,2026-06-16 15:15:24,TCP_transport,156204.8,6.9595,16.6971,21.86,HOL blocking
ABL_TCP_transport_011,0,2026-06-16 15:17:09,TCP_transport,154672.6,6.7518,17.5564,24.31,HOL blocking
ABL_TCP_transport_012,0,2026-06-16 15:20:28,TCP_transport,501532.9,6.648,18.6537,21.86,HOL blocking
ABL_TCP_transport_013,0,2026-06-16 15:25:05,TCP_transport,226453.6,7.1636,15.6868,21.8,HOL blocking
ABL_TCP_transport_014,0,2026-06-16 15:28:27,TCP_transport,333096.3,6.3675,16.4211,20.56,HOL blocking
ABL_TCP_transport_015,0,2026-06-16 15:32:24,TCP_transport,214316.9,6.5216,16.7298,22.9,HOL blocking
ABL_TCP_transport_016,0,2026-06-16 15:33:40,TCP_transport,74552.4,6.7065,17.299,21.3,HOL blocking
ABL_TCP_transport_017,0,2026-06-16 15:35:26,TCP_transport,428069.6,6.0137,17.6741,20.92,HOL blocking
ABL_TCP_transport_018,0,2026-06-16 15:37:59,TCP_transport,352120.0,6.1987,15.7904,20.29,HOL blocking
ABL_TCP_transport_019,0,2026-06-16 15:38:29,TCP_transport,96568.6,6.503,17.2854,20.92,HOL blocking
ABL_TCP_transport_020,0,2026-06-16 15:38:47,TCP_transport,180376.2,6.9707,16.0786,22.3,HOL blocking
ABL_TCP_transport_021,0,2026-06-16 15:39:04,TCP_transport,432214.5,6.6607,17.2133,21.29,HOL blocking
ABL_TCP_transport_022,0,2026-06-16 15:39:50,TCP_transport,66241.2,6.4989,15.6045,23.31,HOL blocking
ABL_TCP_transport_023,0,2026-06-16 15:42:18,TCP_transport,159992.8,6.6113,16.166,23.56,HOL blocking
ABL_Full_uDCN_137,6,2026-06-16 23:04:04,Full_uDCN,458444.4,7.5834,12.674,18.93,-
ABL_Full_uDCN_138,6,2026-06-16 23:05:18,Full_uDCN,165790.5,8.6133,12.2255,19.95,-
ABL_Full_uDCN_139,6,2026-06-16 23:06:15,Full_uDCN,390156.7,8.643,12.0909,19.04,-
ABL_Full_uDCN_140,6,2026-06-16 23:12:21,Full_uDCN,298684.6,8.4192,12.6853,17.9,-
ABL_Full_uDCN_141,6,2026-06-16 23:13:41,Full_uDCN,267967.3,8.5993,12.99,19.56,-
ABL_Full_uDCN_142,6,2026-06-16 23:15:41,Full_uDCN,329360.8,8.1062,12.3557,18.41,-
ABL_Full_uDCN_143,6,2026-06-16 23:20:14,Full_uDCN,263779.6,8.5212,12.7645,18.15,-
ABL_Full_uDCN_144,6,2026-06-16 23:22:30,Full_uDCN,301909.4,8.0869,12.016,18.17,-
ABL_Full_uDCN_145,6,2026-06-16 23:24:07,Full_uDCN,170419.5,8.3332,12.7513,17.28,-
ABL_Full_uDCN_146,6,2026-06-16 23:25:35,Full_uDCN,447862.4,8.2912,11.9803,16.83,-
ABL_Full_uDCN_147,6,2026-06-16 23:26:59,Full_uDCN,292771.2,8.4449,12.6989,17.47,-
ABL_Full_uDCN_148,6,2026-06-16 23:28:24,Full_uDCN,364612.7,8.0146,11.8753,17.91,-
ABL_Full_uDCN_149,6,2026-06-16 23:29:55,Full_uDCN,150831.9,8.4757,12.6418,18.25,-
ABL_Full_uDCN_150,6,2026-06-16 23:31:15,Full_uDCN,269932.2,8.5023,13.109,17.02,-
ABL_No_ML_001,0,2026-06-19 07:00:00,No_ML,193104.9,7.0914,15.8122,20.12,Fragmentation
ABL_No_ML_002,0,2026-06-19 07:01:51,No_ML,480583.4,7.1199,15.7571,20.33,Fragmentation
ABL_No_ML_003,0,2026-06-19 07:04:21,No_ML,232168.1,6.8875,17.1787,22.07,Fragmentation
ABL_No_ML_004,0,2026-06-19 07:06:39,No_ML,477123.9,6.933,14.6705,20.7,Fragmentation
ABL_No_ML_005,0,2026-06-19 07:11:29,No_ML,427862.7,7.2496,16.6926,22.82,Fragmentation
ABL_No_ML_006,0,2026-06-19 07:13:20,No_ML,254042.5,6.9142,15.0438,22.37,Fragmentation
ABL_No_ML_007,0,2026-06-19 07:17:06,No_ML,353006.7,7.1155,15.8784,21.78,Fragmentation
ABL_No_ML_008,0,2026-06-19 07:18:47,No_ML,494678.1,6.5817,16.9944,22.4,Fragmentation
ABL_No_ML_009,0,2026-06-19 07:20:07,No_ML,239722.4,7.2193,15.8265,21.11,Fragmentation
ABL_No_ML_010,0,2026-06-19 07:23:22,No_ML,490386.6,6.6054,16.0981,23.41,Fragmentation
ABL_No_ML_011,0,2026-06-19 07:26:14,No_ML,203649.6,6.6022,15.3537,20.82,Fragmentation
ABL_No_ML_012,0,2026-06-19 07:29:41,No_ML,141535.2,7.0651,14.8441,22.11,Fragmentation
ABL_No_ML_013,0,2026-06-19 07:33:55,No_ML,110354.1,6.8666,17.3387,21.48,Fragmentation
ABL_TCP_transport_024,1,2026-06-19 07:35:36,TCP_transport,198153.8,6.4588,17.8908,21.54,HOL blocking
ABL_TCP_transport_025,1,2026-06-19 07:37:12,TCP_transport,118229.0,6.4189,17.012,21.64,HOL blocking
ABL_TCP_transport_026,1,2026-06-19 07:38:07,TCP_transport,331749.6,6.378,17.2436,23.33,HOL blocking
ABL_TCP_transport_027,1,2026-06-19 07:41:07,TCP_transport,415771.4,6.9369,16.4433,25.05,HOL blocking
ABL_TCP_transport_028,1,2026-06-19 07:43:21,TCP_transport,464547.2,6.5364,18.5368,23.3,HOL blocking
ABL_TCP_transport_029,1,2026-06-19 07:45:59,TCP_transport,151315.8,6.626,16.6608,23.72,HOL blocking
ABL_TCP_transport_030,1,2026-06-19 07:48:07,TCP_transport,298757.2,6.2183,16.2623,20.01,HOL blocking
ABL_TCP_transport_031,1,2026-06-19 07:48:37,TCP_transport,167949.6,6.4111,17.3467,20.83,HOL blocking
ABL_TCP_transport_032,1,2026-06-19 07:49:40,TCP_transport,496170.0,6.3516,18.8324,22.16,HOL blocking
ABL_TCP_transport_033,1,2026-06-19 07:52:55,TCP_transport,472867.3,6.6131,16.6915,21.62,HOL blocking
ABL_TCP_transport_034,1,2026-06-19 07:53:37,TCP_transport,188557.5,6.6507,16.8826,21.95,HOL blocking
ABL_TCP_transport_035,1,2026-06-19 07:55:18,TCP_transport,343036.5,6.4056,15.8295,22.91,HOL blocking
ABL_TCP_transport_036,1,2026-06-19 07:57:37,TCP_transport,346587.5,6.5647,16.7015,21.88,HOL blocking
ABL_TCP_transport_037,1,2026-06-19 07:58:47,TCP_transport,141282.7,6.5418,17.805,23.0,HOL blocking
ABL_TCP_transport_038,1,2026-06-19 08:00:51,TCP_transport,366717.7,6.2463,15.7328,23.87,HOL blocking
ABL_TCP_transport_039,1,2026-06-19 08:02:01,TCP_transport,209822.4,6.3875,19.2462,22.52,HOL blocking
ABL_TCP_transport_040,1,2026-06-19 08:02:53,TCP_transport,94728.7,6.6048,18.2197,21.67,HOL blocking
ABL_TCP_transport_041,1,2026-06-19 08:04:45,TCP_transport,288157.8,6.8655,16.294,21.09,HOL blocking
ABL_TCP_transport_042,1,2026-06-19 08:05:45,TCP_transport,244673.2,6.419,16.8766,21.9,HOL blocking
ABL_TCP_transport_043,1,2026-06-19 08:06:45,TCP_transport,333705.5,6.3197,17.7137,22.84,HOL blocking
ABL_TCP_transport_044,1,2026-06-19 08:10:41,TCP_transport,402353.4,6.7352,17.2247,22.23,HOL blocking
ABL_TCP_transport_045,1,2026-06-19 08:13:42,TCP_transport,99420.5,6.541,17.8253,24.03,HOL blocking
ABL_TCP_transport_046,1,2026-06-19 08:13:55,TCP_transport,348148.2,6.8863,17.064,19.93,HOL blocking
ABL_TCP_transport_047,1,2026-06-19 08:15:50,TCP_transport,197720.1,6.4413,16.0427,21.31,HOL blocking
ABL_TCP_transport_048,1,2026-06-19 08:18:17,TCP_transport,92266.2,6.8722,17.3394,23.74,HOL blocking
ABL_TCP_transport_049,1,2026-06-19 08:20:56,TCP_transport,139482.9,6.7212,17.6792,21.13,HOL blocking
ABL_TCP_transport_050,1,2026-06-19 08:23:40,TCP_transport,393289.2,6.365,17.2612,20.9,HOL blocking
ABL_TCP_transport_051,1,2026-06-19 08:25:06,TCP_transport,307811.4,6.6892,17.3695,21.85,HOL blocking
ABL_TCP_transport_052,1,2026-06-19 08:27:33,TCP_transport,108262.5,6.5786,18.4009,22.46,HOL blocking
ABL_No_ML_014,1,2026-06-20 07:46:34,No_ML,475538.2,6.6115,15.5961,20.98,Fragmentation
ABL_No_ML_015,1,2026-06-20 07:48:02,No_ML,500379.5,7.0025,15.9881,20.19,Fragmentation
ABL_No_ML_016,1,2026-06-20 07:49:50,No_ML,121464.1,6.8374,15.4676,21.13,Fragmentation
ABL_No_ML_017,1,2026-06-20 07:52:40,No_ML,417291.5,7.2615,15.7392,20.1,Fragmentation
ABL_No_ML_018,1,2026-06-20 07:54:25,No_ML,97298.9,6.9404,15.8796,22.08,Fragmentation
ABL_No_ML_019,1,2026-06-20 07:56:28,No_ML,79000.8,7.2065,16.1722,21.0,Fragmentation
ABL_No_ML_020,1,2026-06-20 07:58:15,No_ML,113770.5,6.7071,15.0158,21.65,Fragmentation
ABL_No_ML_021,1,2026-06-20 07:59:54,No_ML,498608.9,6.9779,15.4092,20.54,Fragmentation
ABL_No_ML_022,1,2026-06-20 08:00:59,No_ML,64466.9,7.6596,16.0811,20.85,Fragmentation
ABL_No_ML_023,1,2026-06-20 08:02:52,No_ML,440998.3,7.0404,15.6365,20.9,Fragmentation
ABL_No_ML_024,1,2026-06-20 08:04:19,No_ML,376540.6,6.7344,15.8811,20.22,Fragmentation
ABL_No_ML_025,1,2026-06-20 08:06:13,No_ML,392407.6,6.8155,15.4167,20.76,Fragmentation
ABL_No_ML_026,1,2026-06-20 08:07:52,No_ML,76562.0,6.8413,16.0705,19.52,Fragmentation
ABL_No_ML_027,1,2026-06-20 08:08:42,No_ML,440574.8,7.057,15.5807,20.02,Fragmentation
ABL_No_ML_028,1,2026-06-20 08:09:40,No_ML,412284.3,6.4435,14.2175,21.41,Fragmentation
ABL_No_ML_029,1,2026-06-20 08:11:28,No_ML,225564.8,7.1364,15.0609,19.26,Fragmentation
ABL_No_ML_030,1,2026-06-20 08:12:59,No_ML,428119.8,7.0169,16.2687,18.2,Fragmentation
ABL_No_ML_031,1,2026-06-20 08:15:14,No_ML,305397.4,6.8554,18.1913,20.87,Fragmentation
ABL_No_ML_032,1,2026-06-20 08:16:05,No_ML,171092.5,7.1307,15.2544,22.38,Fragmentation
ABL_No_ML_033,1,2026-06-20 08:16:49,No_ML,383751.6,6.3843,14.3409,20.15,Fragmentation
ABL_No_ML_034,1,2026-06-20 08:17:53,No_ML,394668.2,7.3596,16.3976,20.51,Fragmentation
ABL_No_ML_035,1,2026-06-20 08:19:41,No_ML,427192.3,6.9675,17.8963,20.49,Fragmentation
ABL_No_ML_036,1,2026-06-20 08:25:13,No_ML,185981.2,7.1678,15.2893,21.69,Fragmentation
ABL_No_ML_037,1,2026-06-20 08:26:50,No_ML,360779.0,6.7144,15.678,19.46,Fragmentation
ABL_No_ML_038,1,2026-06-20 08:28:13,No_ML,120912.8,7.0332,15.6693,20.63,Fragmentation
ABL_No_ML_039,1,2026-06-20 08:29:00,No_ML,424593.2,6.935,16.9979,20.61,Fragmentation
ABL_No_ML_040,1,2026-06-20 08:32:37,No_ML,113614.2,7.1797,14.3422,22.59,Fragmentation
ABL_No_ML_041,1,2026-06-20 08:33:59,No_ML,303277.7,6.6368,16.5527,20.86,Fragmentation
ABL_No_ML_042,1,2026-06-20 08:35:13,No_ML,452199.4,7.4907,15.9147,20.24,Fragmentation
ABL_No_ML_043,1,2026-06-20 08:36:25,No_ML,343651.4,7.0192,15.841,19.71,Fragmentation
ABL_No_ML_044,1,2026-06-20 08:39:06,No_ML,312782.1,7.3524,15.7127,19.59,Fragmentation
ABL_No_ML_045,1,2026-06-20 08:42:20,No_ML,383838.5,6.9924,16.4394,18.75,Fragmentation
ABL_No_ML_046,1,2026-06-20 08:44:34,No_ML,253055.1,6.9632,16.7261,19.33,Fragmentation
ABL_No_ML_047,1,2026-06-20 08:47:51,No_ML,150149.9,6.9674,14.7689,20.07,Fragmentation
ABL_No_ML_048,2,2026-06-20 14:16:08,No_ML,487433.2,7.323,15.9081,20.98,Fragmentation
ABL_No_ML_049,2,2026-06-20 14:18:31,No_ML,116598.2,7.2429,16.819,20.07,Fragmentation
ABL_No_ML_050,2,2026-06-20 14:22:57,No_ML,340299.6,6.8531,15.0845,21.65,Fragmentation
ABL_No_ML_051,2,2026-06-20 14:24:52,No_ML,245973.1,6.9292,16.9347,20.83,Fragmentation
ABL_No_ML_052,2,2026-06-20 14:26:22,No_ML,504155.1,7.1933,16.8614,21.16,Fragmentation
ABL_No_ML_053,2,2026-06-20 14:29:33,No_ML,352819.5,6.7906,16.1142,23.41,Fragmentation
ABL_No_ML_054,2,2026-06-20 14:31:42,No_ML,187760.1,7.1846,14.9211,20.48,Fragmentation
ABL_No_ML_055,2,2026-06-20 14:33:18,No_ML,390342.1,6.9037,15.3308,21.43,Fragmentation
ABL_No_ML_056,2,2026-06-20 14:35:45,No_ML,388380.3,7.3053,15.7067,22.26,Fragmentation
ABL_No_ML_057,2,2026-06-20 14:38:21,No_ML,488734.3,7.1894,16.4731,20.14,Fragmentation
ABL_No_ML_058,2,2026-06-20 14:41:49,No_ML,331395.0,7.2028,16.1189,20.45,Fragmentation
ABL_No_ML_059,2,2026-06-20 14:42:52,No_ML,143483.7,7.0106,16.0904,21.09,Fragmentation
ABL_TCP_transport_053,2,2026-06-20 19:54:42,TCP_transport,434495.9,6.4205,17.0713,21.63,HOL blocking
ABL_TCP_transport_054,2,2026-06-20 19:56:03,TCP_transport,236758.5,6.697,16.3246,21.4,HOL blocking
ABL_TCP_transport_055,2,2026-06-20 19:59:15,TCP_transport,70713.3,5.9154,17.7516,19.99,HOL blocking
ABL_TCP_transport_056,2,2026-06-20 20:00:04,TCP_transport,277591.8,6.0956,17.9489,23.78,HOL blocking
ABL_TCP_transport_057,2,2026-06-20 20:01:58,TCP_transport,293975.2,6.3627,17.5659,23.52,HOL blocking
ABL_TCP_transport_058,2,2026-06-20 20:02:55,TCP_transport,180422.1,6.1171,15.3616,20.6,HOL blocking
ABL_TCP_transport_059,2,2026-06-20 20:04:59,TCP_transport,264403.5,6.3454,15.4673,22.47,HOL blocking
ABL_TCP_transport_060,2,2026-06-20 20:06:50,TCP_transport,255723.3,6.1545,17.4696,21.71,HOL blocking
ABL_TCP_transport_061,2,2026-06-20 20:10:14,TCP_transport,68902.3,6.5852,15.9475,21.25,HOL blocking
ABL_TCP_transport_062,2,2026-06-20 20:13:43,TCP_transport,476738.9,6.0701,17.6423,22.83,HOL blocking
ABL_TCP_transport_063,2,2026-06-20 20:16:16,TCP_transport,373632.1,6.4746,16.3769,20.87,HOL blocking
ABL_TCP_transport_064,2,2026-06-20 20:19:31,TCP_transport,216999.4,6.5338,18.4619,21.42,HOL blocking
ABL_TCP_transport_065,2,2026-06-20 20:21:02,TCP_transport,457209.4,6.4053,16.4292,23.09,HOL blocking
ABL_TCP_transport_066,3,2026-06-22 01:49:25,TCP_transport,343771.5,6.6065,16.2457,22.3,HOL blocking
ABL_TCP_transport_067,3,2026-06-22 01:52:04,TCP_transport,195354.4,6.1315,15.9976,20.97,HOL blocking
ABL_TCP_transport_068,3,2026-06-22 01:54:39,TCP_transport,257621.8,6.1165,16.2553,22.37,HOL blocking
ABL_TCP_transport_069,3,2026-06-22 01:55:28,TCP_transport,407533.5,6.2763,16.1162,24.48,HOL blocking
ABL_TCP_transport_070,3,2026-06-22 01:57:26,TCP_transport,375243.6,5.9801,16.7255,21.11,HOL blocking
ABL_TCP_transport_071,3,2026-06-22 01:58:30,TCP_transport,307839.4,6.8225,16.694,21.34,HOL blocking
ABL_TCP_transport_072,3,2026-06-22 02:01:52,TCP_transport,321234.9,6.183,16.4272,22.45,HOL blocking
ABL_TCP_transport_073,3,2026-06-22 02:05:07,TCP_transport,373377.7,6.2671,17.1002,21.57,HOL blocking
ABL_TCP_transport_074,3,2026-06-22 02:06:37,TCP_transport,357329.7,6.0584,17.0984,22.24,HOL blocking
ABL_TCP_transport_075,3,2026-06-22 02:08:06,TCP_transport,240592.2,5.9341,17.4636,20.3,HOL blocking
ABL_TCP_transport_076,3,2026-06-22 02:09:39,TCP_transport,122240.8,6.4914,17.3294,22.14,HOL blocking
ABL_TCP_transport_077,3,2026-06-22 02:11:04,TCP_transport,255531.5,6.2454,17.2899,21.19,HOL blocking
ABL_TCP_transport_078,3,2026-06-22 02:12:21,TCP_transport,76469.1,6.1518,16.0299,20.67,HOL blocking
ABL_TCP_transport_079,3,2026-06-22 02:14:02,TCP_transport,494353.3,6.725,16.4142,22.78,HOL blocking
ABL_TCP_transport_080,4,2026-06-22 11:42:59,TCP_transport,475346.1,6.3732,15.0863,20.89,HOL blocking
ABL_No_ML_060,3,2026-06-22 11:43:56,No_ML,85183.9,7.2101,16.4325,20.64,Fragmentation
ABL_TCP_transport_081,4,2026-06-22 11:47:04,TCP_transport,66137.1,6.51,16.3659,23.59,HOL blocking
ABL_No_ML_061,3,2026-06-22 11:47:47,No_ML,395097.5,6.8699,15.7665,20.9,Fragmentation
ABL_No_ML_062,3,2026-06-22 11:49:01,No_ML,361327.3,7.3057,15.6366,20.88,Fragmentation
ABL_TCP_transport_082,4,2026-06-22 11:49:01,TCP_transport,230178.1,6.0374,16.3883,21.91,HOL blocking
ABL_No_ML_063,3,2026-06-22 11:51:43,No_ML,176530.6,6.6653,15.7999,21.39,Fragmentation
ABL_TCP_transport_083,4,2026-06-22 11:52:07,TCP_transport,349895.7,6.73,17.3848,20.6,HOL blocking
ABL_No_ML_064,3,2026-06-22 11:53:14,No_ML,111012.9,7.0183,15.9492,20.18,Fragmentation
ABL_No_ML_065,3,2026-06-22 11:54:42,No_ML,214370.9,6.8329,15.4068,19.76,Fragmentation
ABL_TCP_transport_084,4,2026-06-22 11:55:01,TCP_transport,201080.5,6.2336,16.2778,21.04,HOL blocking
ABL_No_ML_066,3,2026-06-22 11:58:10,No_ML,440981.9,7.3168,15.0799,20.71,Fragmentation
ABL_No_ML_067,3,2026-06-22 11:59:07,No_ML,344785.1,7.139,15.484,21.38,Fragmentation
ABL_No_ML_068,3,2026-06-22 12:00:09,No_ML,92383.4,7.1409,15.8577,19.73,Fragmentation
ABL_TCP_transport_085,4,2026-06-22 12:01:37,TCP_transport,365076.1,6.3357,16.107,20.9,HOL blocking
ABL_No_ML_069,3,2026-06-22 12:04:23,No_ML,332206.3,6.7967,14.5094,21.02,Fragmentation
ABL_TCP_transport_086,4,2026-06-22 12:04:40,TCP_transport,247770.0,6.3939,16.373,21.34,HOL blocking
ABL_TCP_transport_087,4,2026-06-22 12:06:12,TCP_transport,489270.3,6.1014,16.0815,22.02,HOL blocking
ABL_TCP_transport_088,4,2026-06-22 12:07:06,TCP_transport,465523.3,6.2676,15.895,21.76,HOL blocking
ABL_No_ML_070,3,2026-06-22 12:08:00,No_ML,334585.3,6.9375,15.4383,20.75,Fragmentation
ABL_TCP_transport_089,4,2026-06-22 12:11:29,TCP_transport,189571.5,6.4221,15.0524,22.46,HOL blocking
ABL_No_ML_071,3,2026-06-22 12:11:41,No_ML,415648.3,6.698,15.2449,20.47,Fragmentation
ABL_TCP_transport_090,4,2026-06-22 12:13:57,TCP_transport,65378.2,6.1359,16.1641,20.64,HOL blocking
ABL_TCP_transport_091,4,2026-06-22 12:15:42,TCP_transport,112793.1,6.4756,17.8587,22.32,HOL blocking
ABL_No_ML_072,3,2026-06-22 12:16:14,No_ML,360553.0,6.7535,14.6348,20.45,Fragmentation
ABL_No_ML_073,3,2026-06-22 12:17:37,No_ML,94964.2,7.2848,16.5659,21.24,Fragmentation
ABL_TCP_transport_092,4,2026-06-22 12:17:41,TCP_transport,107156.3,6.6218,16.9361,21.78,HOL blocking
ABL_No_ML_074,3,2026-06-22 12:18:47,No_ML,165996.0,6.6711,15.3888,21.11,Fragmentation
ABL_TCP_transport_093,4,2026-06-22 12:19:25,TCP_transport,120710.6,5.9725,15.5631,22.83,HOL blocking
ABL_No_ML_075,3,2026-06-22 12:20:16,No_ML,285052.5,7.0287,13.92,21.27,Fragmentation
ABL_TCP_transport_094,4,2026-06-22 12:21:24,TCP_transport,246604.5,6.3787,18.2027,22.27,HOL blocking
ABL_TCP_transport_095,4,2026-06-22 12:24:29,TCP_transport,239455.9,5.9869,16.2328,23.77,HOL blocking
ABL_TCP_transport_096,4,2026-06-22 12:25:54,TCP_transport,222387.2,6.3307,16.2234,21.13,HOL blocking
ABL_TCP_transport_097,4,2026-06-22 12:27:34,TCP_transport,421256.8,6.2975,16.5365,23.3,HOL blocking
ABL_TCP_transport_098,4,2026-06-22 12:30:50,TCP_transport,261998.4,6.6457,17.4501,21.31,HOL blocking
ABL_TCP_transport_099,4,2026-06-22 12:33:01,TCP_transport,460507.0,6.4109,15.8507,22.86,HOL blocking
ABL_TCP_transport_100,4,2026-06-22 12:34:23,TCP_transport,378782.6,6.486,18.0921,22.32,HOL blocking
ABL_TCP_transport_101,4,2026-06-22 12:38:48,TCP_transport,118748.5,6.6049,17.6475,20.04,HOL blocking
ABL_TCP_transport_102,4,2026-06-22 12:42:41,TCP_transport,304630.6,6.3883,15.0384,23.74,HOL blocking
ABL_TCP_transport_103,4,2026-06-22 12:43:05,TCP_transport,286929.2,6.2395,16.4391,22.71,HOL blocking
ABL_TCP_transport_104,5,2026-06-22 21:30:42,TCP_transport,89579.6,6.7553,17.6013,21.1,HOL blocking
ABL_TCP_transport_105,5,2026-06-22 21:32:15,TCP_transport,346887.6,5.9401,18.933,21.04,HOL blocking
ABL_TCP_transport_106,5,2026-06-22 21:34:13,TCP_transport,286735.6,6.2233,17.4977,19.66,HOL blocking
ABL_TCP_transport_107,5,2026-06-22 21:34:34,TCP_transport,176808.5,6.3945,16.2329,23.9,HOL blocking
ABL_TCP_transport_108,5,2026-06-22 21:35:51,TCP_transport,230425.3,6.9913,15.4775,21.5,HOL blocking
ABL_TCP_transport_109,5,2026-06-22 21:39:15,TCP_transport,508537.1,6.9641,15.33,22.35,HOL blocking
ABL_TCP_transport_110,5,2026-06-22 21:40:54,TCP_transport,447507.7,6.396,18.6028,20.51,HOL blocking
ABL_TCP_transport_111,5,2026-06-22 21:44:27,TCP_transport,153984.4,6.4072,15.5276,22.58,HOL blocking
ABL_TCP_transport_112,5,2026-06-22 21:47:00,TCP_transport,152828.4,6.302,17.1077,23.37,HOL blocking
ABL_TCP_transport_113,5,2026-06-22 21:48:00,TCP_transport,257794.7,6.6587,17.0557,23.45,HOL blocking
ABL_TCP_transport_114,5,2026-06-22 21:49:34,TCP_transport,279827.6,6.3359,17.6444,22.37,HOL blocking
ABL_TCP_transport_115,5,2026-06-22 21:52:19,TCP_transport,181678.6,6.483,16.5136,21.5,HOL blocking
ABL_TCP_transport_116,5,2026-06-22 21:53:35,TCP_transport,156075.3,6.3568,16.855,22.18,HOL blocking
ABL_TCP_transport_117,5,2026-06-22 21:57:37,TCP_transport,463830.5,6.4043,16.1085,21.24,HOL blocking
ABL_TCP_transport_118,5,2026-06-22 22:00:31,TCP_transport,261429.6,6.125,15.5591,20.25,HOL blocking
ABL_TCP_transport_119,5,2026-06-22 22:01:13,TCP_transport,247143.7,6.6214,16.2562,20.02,HOL blocking
ABL_TCP_transport_120,5,2026-06-22 22:04:37,TCP_transport,183126.0,6.2999,15.7459,22.38,HOL blocking
ABL_TCP_transport_121,5,2026-06-22 22:06:41,TCP_transport,344414.1,6.7681,17.7432,23.75,HOL blocking
ABL_TCP_transport_122,5,2026-06-22 22:08:28,TCP_transport,204003.0,6.629,17.3483,22.31,HOL blocking
ABL_TCP_transport_123,5,2026-06-22 22:12:16,TCP_transport,239952.1,6.878,15.492,22.61,HOL blocking
ABL_TCP_transport_124,5,2026-06-22 22:15:40,TCP_transport,492568.5,6.634,16.5674,22.22,HOL blocking
ABL_TCP_transport_125,5,2026-06-22 22:17:34,TCP_transport,153988.5,6.3717,17.6485,20.77,HOL blocking
ABL_TCP_transport_126,5,2026-06-22 22:20:37,TCP_transport,477451.7,6.2533,16.2408,23.65,HOL blocking
ABL_TCP_transport_127,5,2026-06-22 22:23:04,TCP_transport,432281.6,6.0806,15.1935,21.13,HOL blocking
ABL_TCP_transport_128,5,2026-06-22 22:23:55,TCP_transport,98799.8,6.3217,16.6205,23.85,HOL blocking
ABL_TCP_transport_129,5,2026-06-22 22:27:56,TCP_transport,304947.3,6.538,16.705,21.4,HOL blocking
ABL_TCP_transport_130,5,2026-06-22 22:31:03,TCP_transport,79826.0,6.6419,16.4929,20.19,HOL blocking
ABL_TCP_transport_131,5,2026-06-22 22:34:12,TCP_transport,465469.1,6.5229,17.2551,22.45,HOL blocking
ABL_No_ML_076,4,2026-06-23 16:18:02,No_ML,120235.7,7.3808,17.1851,20.91,Fragmentation
ABL_No_ML_077,4,2026-06-23 16:19:32,No_ML,505076.4,7.3161,16.4931,21.5,Fragmentation
ABL_No_ML_078,4,2026-06-23 16:23:30,No_ML,327060.4,7.5651,14.0256,21.64,Fragmentation
ABL_No_ML_079,4,2026-06-23 16:24:42,No_ML,282647.3,6.7404,16.639,21.42,Fragmentation
ABL_No_ML_080,4,2026-06-23 16:25:13,No_ML,402152.9,7.4101,16.5068,20.24,Fragmentation
ABL_No_ML_081,4,2026-06-23 16:26:03,No_ML,350580.2,7.5818,16.1377,22.52,Fragmentation
ABL_No_ML_082,4,2026-06-23 16:28:23,No_ML,478695.9,6.8945,16.8579,22.41,Fragmentation
ABL_No_ML_083,4,2026-06-23 16:30:08,No_ML,121169.4,7.1308,15.6867,21.24,Fragmentation
ABL_No_ML_084,4,2026-06-23 16:33:16,No_ML,347378.7,7.0726,17.0015,22.65,Fragmentation
ABL_No_ML_085,4,2026-06-23 16:37:23,No_ML,350633.0,6.9584,15.5734,20.3,Fragmentation
ABL_No_ML_086,4,2026-06-23 16:38:11,No_ML,223766.6,7.3232,16.2403,21.33,Fragmentation
ABL_No_ML_087,4,2026-06-23 16:40:41,No_ML,82668.2,6.9425,15.9162,20.25,Fragmentation
ABL_No_ML_088,4,2026-06-23 16:41:02,No_ML,181169.6,7.2068,16.1841,19.36,Fragmentation
ABL_No_ML_089,4,2026-06-23 16:44:14,No_ML,112213.8,7.26,15.9473,21.28,Fragmentation
ABL_No_ML_090,4,2026-06-23 16:46:03,No_ML,320431.9,6.7523,15.2566,20.7,Fragmentation
ABL_No_ML_091,4,2026-06-23 16:50:25,No_ML,459491.8,6.9274,16.2942,21.12,Fragmentation
ABL_No_ML_092,4,2026-06-23 16:51:58,No_ML,479208.5,7.0671,15.8122,22.32,Fragmentation
ABL_No_ML_093,4,2026-06-23 16:55:09,No_ML,74750.2,7.4786,16.3099,22.74,Fragmentation
ABL_No_ML_094,4,2026-06-23 16:56:53,No_ML,456593.3,7.1185,14.9664,21.53,Fragmentation
ABL_No_ML_095,4,2026-06-23 16:59:34,No_ML,329856.8,7.1918,16.7441,21.74,Fragmentation
ABL_No_ML_096,4,2026-06-23 17:01:23,No_ML,200474.6,6.7157,15.02,22.16,Fragmentation
ABL_No_ML_097,4,2026-06-23 17:02:12,No_ML,473938.3,7.7178,15.0253,21.54,Fragmentation
ABL_No_ML_098,4,2026-06-23 17:03:19,No_ML,395673.3,7.193,15.5553,20.47,Fragmentation
ABL_No_ML_099,5,2026-06-24 01:01:56,No_ML,99997.4,7.2197,16.7282,21.5,Fragmentation
ABL_No_ML_100,5,2026-06-24 01:02:57,No_ML,81687.1,7.3809,15.902,21.13,Fragmentation
ABL_No_ML_101,5,2026-06-24 01:04:48,No_ML,484424.9,7.1756,15.7572,23.5,Fragmentation
ABL_No_ML_102,5,2026-06-24 01:08:12,No_ML,399566.3,6.8862,16.1336,20.38,Fragmentation
ABL_No_ML_103,5,2026-06-24 01:09:30,No_ML,82391.0,6.8336,15.3041,22.18,Fragmentation
ABL_No_ML_104,5,2026-06-24 01:12:15,No_ML,106267.4,7.4311,15.8675,22.23,Fragmentation
ABL_No_ML_105,5,2026-06-24 01:14:15,No_ML,493148.6,6.68,16.3976,20.71,Fragmentation
ABL_No_ML_106,5,2026-06-24 01:18:08,No_ML,92806.6,7.3167,15.7998,22.93,Fragmentation
ABL_No_ML_107,5,2026-06-24 01:20:05,No_ML,129830.0,7.543,14.8414,22.59,Fragmentation
ABL_No_ML_108,5,2026-06-24 01:20:59,No_ML,217803.2,6.939,17.2678,22.8,Fragmentation
ABL_No_ML_109,5,2026-06-24 01:23:25,No_ML,193256.6,6.9548,15.9682,22.7,Fragmentation
ABL_No_ML_110,5,2026-06-24 01:27:31,No_ML,305035.5,7.2354,14.6529,21.34,Fragmentation
ABL_No_ML_111,5,2026-06-24 01:28:07,No_ML,74015.8,7.2146,15.2536,19.79,Fragmentation
ABL_No_ML_112,5,2026-06-24 01:30:19,No_ML,78790.8,7.1328,18.9467,22.29,Fragmentation
ABL_No_ML_113,5,2026-06-24 01:33:47,No_ML,369544.2,7.8315,16.1385,21.76,Fragmentation
ABL_No_ML_114,5,2026-06-24 01:36:45,No_ML,384934.3,6.9782,15.1124,19.49,Fragmentation
ABL_No_ML_115,6,2026-06-24 08:57:18,No_ML,158107.7,7.4355,14.6137,19.52,Fragmentation
ABL_No_ML_116,6,2026-06-24 08:58:32,No_ML,311986.9,7.7872,14.837,20.14,Fragmentation
ABL_No_ML_117,6,2026-06-24 09:00:04,No_ML,500714.0,7.1574,15.9254,20.49,Fragmentation
ABL_No_ML_118,6,2026-06-24 09:01:09,No_ML,160511.2,6.9215,16.7586,20.13,Fragmentation
ABL_No_ML_119,6,2026-06-24 09:03:46,No_ML,464256.3,7.7113,16.5694,19.86,Fragmentation
ABL_No_ML_120,6,2026-06-24 09:05:38,No_ML,417931.5,7.0139,16.1737,20.06,Fragmentation
ABL_No_ML_121,6,2026-06-24 09:07:45,No_ML,340049.5,7.4253,16.3065,21.21,Fragmentation
ABL_No_ML_122,6,2026-06-24 09:13:21,No_ML,420339.6,6.747,16.1854,21.55,Fragmentation
ABL_No_ML_123,6,2026-06-24 09:15:16,No_ML,385282.4,7.1597,15.9802,20.25,Fragmentation
ABL_No_ML_124,6,2026-06-24 09:19:32,No_ML,371444.7,6.554,16.6791,21.55,Fragmentation
ABL_No_ML_125,6,2026-06-24 09:20:36,No_ML,121592.7,6.7037,15.7595,19.81,Fragmentation
ABL_No_ML_126,6,2026-06-24 09:21:37,No_ML,399133.1,6.7303,16.5347,18.96,Fragmentation
ABL_No_ML_127,6,2026-06-24 09:23:58,No_ML,123654.0,7.0231,14.0986,21.07,Fragmentation
ABL_No_ML_128,6,2026-06-24 09:25:02,No_ML,241463.7,7.2467,14.5994,20.44,Fragmentation
ABL_No_ML_129,6,2026-06-24 09:27:06,No_ML,417963.9,7.3476,16.4285,20.21,Fragmentation
ABL_No_ML_130,6,2026-06-24 09:28:17,No_ML,66491.4,6.9395,15.8155,20.71,Fragmentation
ABL_No_ML_131,6,2026-06-24 09:30:00,No_ML,206785.1,6.6115,14.7719,21.91,Fragmentation
ABL_No_ML_132,6,2026-06-24 09:35:13,No_ML,147766.8,6.2329,17.4024,22.23,Fragmentation
ABL_No_ML_133,6,2026-06-24 09:38:00,No_ML,382236.8,7.1056,17.7681,20.97,Fragmentation
ABL_No_ML_134,6,2026-06-24 09:40:21,No_ML,173332.8,6.9538,15.929,20.9,Fragmentation
ABL_No_ML_135,6,2026-06-24 09:43:05,No_ML,144435.4,6.9046,16.1069,22.36,Fragmentation
ABL_No_ML_136,6,2026-06-24 09:47:48,No_ML,305765.4,7.2812,15.225,21.36,Fragmentation
ABL_No_ML_137,6,2026-06-24 09:53:11,No_ML,164885.9,7.2545,14.5061,20.62,Fragmentation
ABL_No_ML_138,6,2026-06-24 09:54:38,No_ML,137509.1,7.4665,15.7025,20.25,Fragmentation
ABL_No_ML_139,6,2026-06-24 09:56:46,No_ML,177188.9,7.4406,15.1953,20.46,Fragmentation
ABL_No_ML_140,6,2026-06-24 09:59:40,No_ML,267508.5,7.458,15.805,20.53,Fragmentation
ABL_No_ML_141,6,2026-06-24 10:01:28,No_ML,485281.3,7.0719,15.6337,20.65,Fragmentation
ABL_No_ML_142,6,2026-06-24 10:02:27,No_ML,170250.0,6.8754,15.4588,19.88,Fragmentation
ABL_No_ML_143,6,2026-06-24 10:06:29,No_ML,262321.6,6.827,15.8605,22.45,Fragmentation
ABL_No_ML_144,6,2026-06-24 10:10:39,No_ML,283857.2,6.9972,17.1048,23.49,Fragmentation
ABL_No_ML_145,6,2026-06-24 10:13:58,No_ML,110442.8,7.1319,14.9809,20.95,Fragmentation
ABL_No_ML_146,6,2026-06-24 10:14:35,No_ML,82715.3,6.6337,15.8955,20.08,Fragmentation
ABL_No_ML_147,6,2026-06-24 10:16:10,No_ML,433373.5,6.987,16.9137,21.62,Fragmentation
ABL_TCP_transport_132,6,2026-06-25 11:09:58,TCP_transport,300640.5,6.607,16.8639,21.18,HOL blocking
ABL_TCP_transport_133,6,2026-06-25 11:11:51,TCP_transport,122902.6,6.1474,16.8623,24.28,HOL blocking
ABL_TCP_transport_134,6,2026-06-25 11:17:16,TCP_transport,94771.0,6.242,16.2663,22.13,HOL blocking
ABL_TCP_transport_135,6,2026-06-25 11:20:58,TCP_transport,321856.9,6.421,17.2037,21.62,HOL blocking
ABL_TCP_transport_136,6,2026-06-25 11:22:35,TCP_transport,421851.9,6.4596,17.83,22.87,HOL blocking
ABL_TCP_transport_137,6,2026-06-25 11:25:49,TCP_transport,510919.0,6.5533,17.4744,23.71,HOL blocking
ABL_TCP_transport_138,6,2026-06-25 11:28:02,TCP_transport,225665.6,6.581,17.9652,21.29,HOL blocking
ABL_TCP_transport_139,6,2026-06-25 11:30:20,TCP_transport,138234.8,6.5509,16.9248,22.91,HOL blocking
ABL_TCP_transport_140,6,2026-06-25 11:31:49,TCP_transport,467109.4,6.4935,16.7977,21.56,HOL blocking
ABL_TCP_transport_141,6,2026-06-25 11:33:41,TCP_transport,345313.2,6.774,16.0595,22.47,HOL blocking
ABL_TCP_transport_142,6,2026-06-25 11:36:48,TCP_transport,271460.3,6.6837,17.7309,21.68,HOL blocking
ABL_TCP_transport_143,6,2026-06-25 11:37:10,TCP_transport,74655.2,6.2311,16.6159,21.37,HOL blocking
ABL_TCP_transport_144,6,2026-06-25 11:40:07,TCP_transport,476186.0,5.992,17.6014,22.14,HOL blocking
ABL_TCP_transport_145,6,2026-06-25 11:41:44,TCP_transport,82389.0,6.6587,16.4868,22.63,HOL blocking
ABL_TCP_transport_146,6,2026-06-25 11:44:50,TCP_transport,95570.2,5.9971,17.4894,21.39,HOL blocking
ABL_TCP_transport_147,6,2026-06-25 11:46:51,TCP_transport,449397.2,6.6157,16.4284,21.89,HOL blocking
ABL_TCP_transport_148,6,2026-06-25 11:49:28,TCP_transport,507430.2,6.8219,16.748,21.34,HOL blocking
ABL_TCP_transport_149,6,2026-06-25 11:50:24,TCP_transport,499745.6,6.6032,16.5783,21.14,HOL blocking
ABL_TCP_transport_150,6,2026-06-25 11:53:14,TCP_transport,274899.8,6.3846,16.2261,19.72,HOL blocking
ABL_No_ML_148,7,2026-06-26 19:50:01,No_ML,276746.6,6.8155,15.5339,17.81,Fragmentation
ABL_No_ML_149,7,2026-06-26 19:52:42,No_ML,288988.7,7.1061,15.249,18.92,Fragmentation
ABL_No_ML_150,7,2026-06-26 19:54:07,No_ML,458004.0,6.6538,14.9714,19.64,Fragmentation
