run_id,timestamp,implementation,device,nic,memory_mb,cpu_util_pct,startup_time_s,throughput_mbps
EDGE_PythonNDN_001,2026-09-12 17:00:00,PythonNDN,RaspberryPi4B_4GB,ASIX_AX88179_USB3_GbE,191.78,81.04,4.565,82.36
EDGE_PythonNDN_002,2026-09-12 17:00:41,PythonNDN,RaspberryPi4B_4GB,ASIX_AX88179_USB3_GbE,173.4,81.65,5.345,83.81
EDGE_PythonNDN_003,2026-09-12 17:02:42,PythonNDN,RaspberryPi4B_4GB,ASIX_AX88179_USB3_GbE,172.98,87.4,5.066,85.2
EDGE_PythonNDN_004,2026-09-12 17:07:07,PythonNDN,RaspberryPi4B_4GB,ASIX_AX88179_USB3_GbE,178.74,81.51,4.72,88.56
EDGE_PythonNDN_005,2026-09-12 17:09:08,PythonNDN,RaspberryPi4B_4GB,ASIX_AX88179_USB3_GbE,167.13,77.97,5.145,82.39
EDGE_PythonNDN_006,2026-09-12 17:11:42,PythonNDN,RaspberryPi4B_4GB,ASIX_AX88179_USB3_GbE,160.02,82.58,5.527,80.32
EDGE_PythonNDN_007,2026-09-12 17:13:13,PythonNDN,RaspberryPi4B_4GB,ASIX_AX88179_USB3_GbE,178.68,84.66,4.762,88.57
EDGE_PythonNDN_008,2026-09-12 17:16:12,PythonNDN,RaspberryPi4B_4GB,ASIX_AX88179_USB3_GbE,175.13,84.12,5.535,84.04
EDGE_PythonNDN_009,2026-09-12 17:19:33,PythonNDN,RaspberryPi4B_4GB,ASIX_AX88179_USB3_GbE,170.34,82.08,5.038,85.13
EDGE_PythonNDN_010,2026-09-12 17:21:38,PythonNDN,RaspberryPi4B_4GB,ASIX_AX88179_USB3_GbE,166.7,89.52,4.925,80.73
EDGE_PythonNDN_011,2026-09-12 17:23:14,PythonNDN,RaspberryPi4B_4GB,ASIX_AX88179_USB3_GbE,180.41,85.24,5.307,84.42
EDGE_PythonNDN_012,2026-09-12 17:23:38,PythonNDN,RaspberryPi4B_4GB,ASIX_AX88179_USB3_GbE,171.46,74.6,4.803,81.07
EDGE_PythonNDN_013,2026-09-12 17:24:54,PythonNDN,RaspberryPi4B_4GB,ASIX_AX88179_USB3_GbE,164.89,77.97,4.986,89.08
EDGE_PythonNDN_014,2026-09-12 17:27:05,PythonNDN,RaspberryPi4B_4GB,ASIX_AX88179_USB3_GbE,175.69,76.71,4.564,81.98
EDGE_PythonNDN_015,2026-09-12 17:28:38,PythonNDN,RaspberryPi4B_4GB,ASIX_AX88179_USB3_GbE,172.78,81.82,5.62,76.94
EDGE_PythonNDN_016,2026-09-12 17:31:44,PythonNDN,RaspberryPi4B_4GB,ASIX_AX88179_USB3_GbE,173.5,82.73,4.621,90.92
EDGE_PythonNDN_017,2026-09-12 17:33:04,PythonNDN,RaspberryPi4B_4GB,ASIX_AX88179_USB3_GbE,169.62,75.44,5.637,85.65
EDGE_PythonNDN_018,2026-09-12 17:36:07,PythonNDN,RaspberryPi4B_4GB,ASIX_AX88179_USB3_GbE,177.93,79.31,5.081,81.72
EDGE_PythonNDN_019,2026-09-12 17:39:58,PythonNDN,RaspberryPi4B_4GB,ASIX_AX88179_USB3_GbE,168.34,84.48,6.416,80.26
EDGE_PythonNDN_020,2026-09-12 17:45:03,PythonNDN,RaspberryPi4B_4GB,ASIX_AX88179_USB3_GbE,163.58,90.23,6.237,81.71
EDGE_PythonNDN_021,2026-09-12 17:45:15,PythonNDN,RaspberryPi4B_4GB,ASIX_AX88179_USB3_GbE,170.73,80.02,5.004,84.25
EDGE_PythonNDN_022,2026-09-12 17:46:31,PythonNDN,RaspberryPi4B_4GB,ASIX_AX88179_USB3_GbE,177.21,84.7,5.834,82.65
EDGE_PythonNDN_023,2026-09-12 17:47:48,PythonNDN,RaspberryPi4B_4GB,ASIX_AX88179_USB3_GbE,186.31,88.13,4.746,80.16
EDGE_PythonNDN_024,2026-09-12 17:49:41,PythonNDN,RaspberryPi4B_4GB,ASIX_AX88179_USB3_GbE,163.51,81.57,4.915,83.31
EDGE_PythonNDN_025,2026-09-13 00:57:06,PythonNDN,RaspberryPi4B_4GB,ASIX_AX88179_USB3_GbE,174.91,76.87,5.127,80.34
EDGE_PythonNDN_026,2026-09-13 00:58:20,PythonNDN,RaspberryPi4B_4GB,ASIX_AX88179_USB3_GbE,184.63,81.68,4.58,86.03
EDGE_PythonNDN_027,2026-09-13 01:00:42,PythonNDN,RaspberryPi4B_4GB,ASIX_AX88179_USB3_GbE,179.49,85.01,5.721,88.75
EDGE_PythonNDN_028,2026-09-13 01:01:51,PythonNDN,RaspberryPi4B_4GB,ASIX_AX88179_USB3_GbE,173.48,80.86,4.706,82.65
EDGE_PythonNDN_029,2026-09-13 01:03:34,PythonNDN,RaspberryPi4B_4GB,ASIX_AX88179_USB3_GbE,183.88,83.04,4.73,86.82
EDGE_PythonNDN_030,2026-09-13 01:05:45,PythonNDN,RaspberryPi4B_4GB,ASIX_AX88179_USB3_GbE,167.53,77.19,5.032,83.87
EDGE_PythonNDN_031,2026-09-13 01:10:56,PythonNDN,RaspberryPi4B_4GB,ASIX_AX88179_USB3_GbE,176.92,85.28,5.432,80.16
EDGE_PythonNDN_032,2026-09-13 01:12:22,PythonNDN,RaspberryPi4B_4GB,ASIX_AX88179_USB3_GbE,177.09,84.49,5.088,82.62
EDGE_PythonNDN_033,2026-09-13 01:13:22,PythonNDN,RaspberryPi4B_4GB,ASIX_AX88179_USB3_GbE,166.57,81.25,5.441,80.25
EDGE_PythonNDN_034,2026-09-13 01:14:49,PythonNDN,RaspberryPi4B_4GB,ASIX_AX88179_USB3_GbE,178.59,86.21,5.262,86.62
EDGE_PythonNDN_035,2026-09-13 01:21:39,PythonNDN,RaspberryPi4B_4GB,ASIX_AX88179_USB3_GbE,179.05,82.89,5.29,85.95
EDGE_PythonNDN_036,2026-09-13 01:22:48,PythonNDN,RaspberryPi4B_4GB,ASIX_AX88179_USB3_GbE,177.63,73.26,5.446,81.08
EDGE_PythonNDN_037,2026-09-13 01:26:17,PythonNDN,RaspberryPi4B_4GB,ASIX_AX88179_USB3_GbE,171.62,77.84,4.657,83.53
EDGE_PythonNDN_038,2026-09-13 01:28:59,PythonNDN,RaspberryPi4B_4GB,ASIX_AX88179_USB3_GbE,173.76,80.78,4.917,80.34
EDGE_PythonNDN_039,2026-09-13 01:31:41,PythonNDN,RaspberryPi4B_4GB,ASIX_AX88179_USB3_GbE,168.6,80.69,4.836,84.73
EDGE_PythonNDN_040,2026-09-13 01:34:02,PythonNDN,RaspberryPi4B_4GB,ASIX_AX88179_USB3_GbE,167.08,87.93,4.692,86.62
EDGE_PythonNDN_041,2026-09-13 01:35:31,PythonNDN,RaspberryPi4B_4GB,ASIX_AX88179_USB3_GbE,168.74,85.35,6.171,85.75
EDGE_PythonNDN_042,2026-09-13 01:36:04,PythonNDN,RaspberryPi4B_4GB,ASIX_AX88179_USB3_GbE,179.78,75.29,5.264,93.58
EDGE_PythonNDN_043,2026-09-13 01:36:47,PythonNDN,RaspberryPi4B_4GB,ASIX_AX88179_USB3_GbE,172.29,79.89,4.635,79.26
EDGE_PythonNDN_044,2026-09-13 01:37:27,PythonNDN,RaspberryPi4B_4GB,ASIX_AX88179_USB3_GbE,172.6,86.8,5.311,84.41
EDGE_NFD_001,2026-09-13 16:00:00,NFD,RaspberryPi4B_4GB,ASIX_AX88179_USB3_GbE,139.5,66.68,3.769,308.44
EDGE_NFD_002,2026-09-13 16:02:28,NFD,RaspberryPi4B_4GB,ASIX_AX88179_USB3_GbE,134.78,71.0,4.115,310.66
EDGE_NFD_003,2026-09-13 16:04:52,NFD,RaspberryPi4B_4GB,ASIX_AX88179_USB3_GbE,137.11,56.74,3.684,296.96
EDGE_NFD_004,2026-09-13 16:05:25,NFD,RaspberryPi4B_4GB,ASIX_AX88179_USB3_GbE,134.26,59.56,4.065,322.62
EDGE_NFD_005,2026-09-13 16:07:39,NFD,RaspberryPi4B_4GB,ASIX_AX88179_USB3_GbE,134.24,66.92,3.776,328.33
EDGE_NFD_006,2026-09-13 16:08:45,NFD,RaspberryPi4B_4GB,ASIX_AX88179_USB3_GbE,125.65,62.65,3.705,307.03
EDGE_NFD_007,2026-09-13 16:10:10,NFD,RaspberryPi4B_4GB,ASIX_AX88179_USB3_GbE,130.75,62.23,3.8,310.72
EDGE_NFD_008,2026-09-13 16:14:10,NFD,RaspberryPi4B_4GB,ASIX_AX88179_USB3_GbE,141.13,67.1,3.512,302.17
EDGE_NFD_009,2026-09-13 16:16:46,NFD,RaspberryPi4B_4GB,ASIX_AX88179_USB3_GbE,137.53,68.78,4.22,302.94
EDGE_NFD_010,2026-09-13 16:19:13,NFD,RaspberryPi4B_4GB,ASIX_AX88179_USB3_GbE,133.77,61.47,3.79,282.7
EDGE_NFD_011,2026-09-13 16:21:57,NFD,RaspberryPi4B_4GB,ASIX_AX88179_USB3_GbE,142.32,64.21,3.952,327.83
EDGE_NFD_012,2026-09-13 16:23:54,NFD,RaspberryPi4B_4GB,ASIX_AX88179_USB3_GbE,130.43,62.36,3.679,306.56
EDGE_NFD_013,2026-09-13 16:27:00,NFD,RaspberryPi4B_4GB,ASIX_AX88179_USB3_GbE,142.6,62.54,3.298,303.51
EDGE_NFD_014,2026-09-13 16:28:41,NFD,RaspberryPi4B_4GB,ASIX_AX88179_USB3_GbE,144.28,65.72,3.593,313.33
EDGE_NFD_015,2026-09-13 16:29:07,NFD,RaspberryPi4B_4GB,ASIX_AX88179_USB3_GbE,135.05,66.79,3.363,291.7
EDGE_NFD_016,2026-09-13 16:29:41,NFD,RaspberryPi4B_4GB,ASIX_AX88179_USB3_GbE,136.34,62.88,4.011,301.61
EDGE_NFD_017,2026-09-13 16:31:48,NFD,RaspberryPi4B_4GB,ASIX_AX88179_USB3_GbE,138.19,65.12,3.589,287.21
EDGE_NFD_018,2026-09-13 16:34:02,NFD,RaspberryPi4B_4GB,ASIX_AX88179_USB3_GbE,133.53,62.33,3.727,333.31
EDGE_NFD_019,2026-09-13 16:36:47,NFD,RaspberryPi4B_4GB,ASIX_AX88179_USB3_GbE,133.56,61.27,3.204,317.91
EDGE_NFD_020,2026-09-13 16:37:41,NFD,RaspberryPi4B_4GB,ASIX_AX88179_USB3_GbE,146.79,59.39,4.154,295.66
EDGE_NFD_021,2026-09-13 16:38:22,NFD,RaspberryPi4B_4GB,ASIX_AX88179_USB3_GbE,130.82,60.78,3.565,293.86
EDGE_NFD_022,2026-09-13 16:41:15,NFD,RaspberryPi4B_4GB,ASIX_AX88179_USB3_GbE,139.79,66.74,3.505,347.31
EDGE_PythonNDN_045,2026-09-14 00:00:43,PythonNDN,RaspberryPi4B_4GB,ASIX_AX88179_USB3_GbE,176.68,79.4,5.181,80.26
EDGE_PythonNDN_046,2026-09-14 00:02:33,PythonNDN,RaspberryPi4B_4GB,ASIX_AX88179_USB3_GbE,180.36,79.23,5.476,92.24
EDGE_PythonNDN_047,2026-09-14 00:07:21,PythonNDN,RaspberryPi4B_4GB,ASIX_AX88179_USB3_GbE,173.49,76.21,5.099,87.5
EDGE_PythonNDN_048,2026-09-14 00:08:00,PythonNDN,RaspberryPi4B_4GB,ASIX_AX88179_USB3_GbE,166.83,81.38,6.117,81.11
EDGE_PythonNDN_049,2026-09-14 00:09:58,PythonNDN,RaspberryPi4B_4GB,ASIX_AX88179_USB3_GbE,180.28,85.71,4.622,91.45
EDGE_PythonNDN_050,2026-09-14 00:12:13,PythonNDN,RaspberryPi4B_4GB,ASIX_AX88179_USB3_GbE,167.03,83.05,5.285,85.38
EDGE_PythonNDN_051,2026-09-14 00:19:17,PythonNDN,RaspberryPi4B_4GB,ASIX_AX88179_USB3_GbE,172.96,80.77,4.892,82.67
EDGE_PythonNDN_052,2026-09-14 00:20:57,PythonNDN,RaspberryPi4B_4GB,ASIX_AX88179_USB3_GbE,174.57,77.54,4.97,82.05
EDGE_PythonNDN_053,2026-09-14 00:23:05,PythonNDN,RaspberryPi4B_4GB,ASIX_AX88179_USB3_GbE,159.91,89.11,5.949,91.15
EDGE_PythonNDN_054,2026-09-14 00:24:45,PythonNDN,RaspberryPi4B_4GB,ASIX_AX88179_USB3_GbE,182.02,80.25,5.749,90.71
EDGE_PythonNDN_055,2026-09-14 00:26:57,PythonNDN,RaspberryPi4B_4GB,ASIX_AX88179_USB3_GbE,185.75,87.88,5.64,81.02
EDGE_PythonNDN_056,2026-09-14 00:30:47,PythonNDN,RaspberryPi4B_4GB,ASIX_AX88179_USB3_GbE,173.22,80.91,5.696,88.78
EDGE_PythonNDN_057,2026-09-14 00:32:23,PythonNDN,RaspberryPi4B_4GB,ASIX_AX88179_USB3_GbE,175.9,81.56,5.15,84.3
EDGE_PythonNDN_058,2026-09-14 00:34:11,PythonNDN,RaspberryPi4B_4GB,ASIX_AX88179_USB3_GbE,171.76,84.45,4.815,90.22
EDGE_PythonNDN_059,2026-09-14 00:36:11,PythonNDN,RaspberryPi4B_4GB,ASIX_AX88179_USB3_GbE,171.1,81.57,6.379,82.71
EDGE_PythonNDN_060,2026-09-14 00:39:13,PythonNDN,RaspberryPi4B_4GB,ASIX_AX88179_USB3_GbE,178.71,87.73,5.806,84.5
EDGE_PythonNDN_061,2026-09-14 00:41:01,PythonNDN,RaspberryPi4B_4GB,ASIX_AX88179_USB3_GbE,173.02,76.65,6.126,83.87
EDGE_PythonNDN_062,2026-09-14 00:42:56,PythonNDN,RaspberryPi4B_4GB,ASIX_AX88179_USB3_GbE,174.05,82.48,5.62,87.53
EDGE_PythonNDN_063,2026-09-14 00:48:30,PythonNDN,RaspberryPi4B_4GB,ASIX_AX88179_USB3_GbE,166.4,84.33,4.966,83.96
EDGE_PythonNDN_064,2026-09-14 00:50:30,PythonNDN,RaspberryPi4B_4GB,ASIX_AX88179_USB3_GbE,183.78,85.21,5.473,82.64
EDGE_PythonNDN_065,2026-09-14 23:50:19,PythonNDN,RaspberryPi4B_4GB,ASIX_AX88179_USB3_GbE,181.8,79.51,5.064,79.15
EDGE_PythonNDN_066,2026-09-14 23:51:26,PythonNDN,RaspberryPi4B_4GB,ASIX_AX88179_USB3_GbE,161.61,83.03,5.676,86.5
EDGE_PythonNDN_067,2026-09-14 23:53:06,PythonNDN,RaspberryPi4B_4GB,ASIX_AX88179_USB3_GbE,179.36,79.28,5.252,84.37
EDGE_PythonNDN_068,2026-09-14 23:55:00,PythonNDN,RaspberryPi4B_4GB,ASIX_AX88179_USB3_GbE,178.65,84.84,5.523,89.76
EDGE_PythonNDN_069,2026-09-15 00:00:21,PythonNDN,RaspberryPi4B_4GB,ASIX_AX88179_USB3_GbE,173.56,83.9,5.789,85.51
EDGE_PythonNDN_070,2026-09-15 00:01:43,PythonNDN,RaspberryPi4B_4GB,ASIX_AX88179_USB3_GbE,180.28,80.66,4.58,78.6
EDGE_PythonNDN_071,2026-09-15 00:04:24,PythonNDN,RaspberryPi4B_4GB,ASIX_AX88179_USB3_GbE,176.08,84.75,5.686,84.5
EDGE_PythonNDN_072,2026-09-15 00:07:23,PythonNDN,RaspberryPi4B_4GB,ASIX_AX88179_USB3_GbE,172.62,83.76,5.072,77.59
EDGE_PythonNDN_073,2026-09-15 00:09:20,PythonNDN,RaspberryPi4B_4GB,ASIX_AX88179_USB3_GbE,168.19,83.01,4.581,86.13
EDGE_PythonNDN_074,2026-09-15 00:09:39,PythonNDN,RaspberryPi4B_4GB,ASIX_AX88179_USB3_GbE,165.21,83.13,5.132,86.01
EDGE_PythonNDN_075,2026-09-15 00:11:49,PythonNDN,RaspberryPi4B_4GB,ASIX_AX88179_USB3_GbE,168.95,74.37,4.822,81.02
EDGE_PythonNDN_076,2026-09-15 00:13:21,PythonNDN,RaspberryPi4B_4GB,ASIX_AX88179_USB3_GbE,187.06,88.04,5.251,84.83
EDGE_PythonNDN_077,2026-09-15 00:15:43,PythonNDN,RaspberryPi4B_4GB,ASIX_AX88179_USB3_GbE,176.89,86.89,5.212,82.44
EDGE_PythonNDN_078,2026-09-15 00:17:17,PythonNDN,RaspberryPi4B_4GB,ASIX_AX88179_USB3_GbE,169.51,82.14,5.132,83.91
EDGE_PythonNDN_079,2026-09-15 00:17:54,PythonNDN,RaspberryPi4B_4GB,ASIX_AX88179_USB3_GbE,169.2,86.6,5.14,88.19
EDGE_NFD_023,2026-09-15 20:15:13,NFD,RaspberryPi4B_4GB,ASIX_AX88179_USB3_GbE,136.75,64.85,3.68,315.94
EDGE_NFD_024,2026-09-15 20:19:36,NFD,RaspberryPi4B_4GB,ASIX_AX88179_USB3_GbE,142.45,59.84,3.876,311.98
EDGE_NFD_025,2026-09-15 20:21:11,NFD,RaspberryPi4B_4GB,ASIX_AX88179_USB3_GbE,144.93,61.24,3.589,327.44
EDGE_NFD_026,2026-09-15 20:22:56,NFD,RaspberryPi4B_4GB,ASIX_AX88179_USB3_GbE,135.31,64.6,3.663,323.86
EDGE_NFD_027,2026-09-15 20:26:38,NFD,RaspberryPi4B_4GB,ASIX_AX88179_USB3_GbE,135.18,59.35,3.789,307.86
EDGE_NFD_028,2026-09-15 20:29:54,NFD,RaspberryPi4B_4GB,ASIX_AX88179_USB3_GbE,136.22,61.31,3.406,295.84
EDGE_NFD_029,2026-09-15 20:33:33,NFD,RaspberryPi4B_4GB,ASIX_AX88179_USB3_GbE,127.21,60.86,4.003,293.33
EDGE_NFD_030,2026-09-15 20:34:11,NFD,RaspberryPi4B_4GB,ASIX_AX88179_USB3_GbE,139.71,63.36,3.503,302.88
EDGE_NFD_031,2026-09-15 20:35:28,NFD,RaspberryPi4B_4GB,ASIX_AX88179_USB3_GbE,145.62,61.5,3.483,322.09
EDGE_NFD_032,2026-09-15 20:37:19,NFD,RaspberryPi4B_4GB,ASIX_AX88179_USB3_GbE,142.09,66.99,3.581,287.46
EDGE_NFD_033,2026-09-15 20:37:52,NFD,RaspberryPi4B_4GB,ASIX_AX88179_USB3_GbE,129.66,65.89,4.269,338.81
EDGE_NFD_034,2026-09-15 20:40:20,NFD,RaspberryPi4B_4GB,ASIX_AX88179_USB3_GbE,135.56,61.42,3.685,329.88
EDGE_NFD_035,2026-09-15 20:42:09,NFD,RaspberryPi4B_4GB,ASIX_AX88179_USB3_GbE,135.84,57.77,3.522,290.22
EDGE_NFD_036,2026-09-15 20:42:30,NFD,RaspberryPi4B_4GB,ASIX_AX88179_USB3_GbE,138.6,59.74,3.528,329.32
EDGE_NFD_037,2026-09-15 20:42:57,NFD,RaspberryPi4B_4GB,ASIX_AX88179_USB3_GbE,137.6,64.57,3.757,322.24
EDGE_NFD_038,2026-09-16 06:06:55,NFD,RaspberryPi4B_4GB,ASIX_AX88179_USB3_GbE,135.39,62.98,3.987,310.54
EDGE_NFD_039,2026-09-16 06:08:00,NFD,RaspberryPi4B_4GB,ASIX_AX88179_USB3_GbE,128.2,65.86,3.593,303.72
EDGE_NFD_040,2026-09-16 06:09:30,NFD,RaspberryPi4B_4GB,ASIX_AX88179_USB3_GbE,139.95,61.12,3.72,282.31
EDGE_NFD_041,2026-09-16 06:11:24,NFD,RaspberryPi4B_4GB,ASIX_AX88179_USB3_GbE,137.71,62.35,3.887,318.25
EDGE_NFD_042,2026-09-16 06:11:43,NFD,RaspberryPi4B_4GB,ASIX_AX88179_USB3_GbE,149.28,65.95,3.703,326.95
EDGE_NFD_043,2026-09-16 06:12:44,NFD,RaspberryPi4B_4GB,ASIX_AX88179_USB3_GbE,134.74,64.1,3.521,295.01
EDGE_NFD_044,2026-09-16 06:15:15,NFD,RaspberryPi4B_4GB,ASIX_AX88179_USB3_GbE,138.3,60.1,4.308,306.61
EDGE_NFD_045,2026-09-16 06:16:53,NFD,RaspberryPi4B_4GB,ASIX_AX88179_USB3_GbE,136.7,64.01,3.29,317.99
EDGE_NFD_046,2026-09-16 06:19:30,NFD,RaspberryPi4B_4GB,ASIX_AX88179_USB3_GbE,139.7,68.58,3.745,319.73
EDGE_NFD_047,2026-09-16 06:22:19,NFD,RaspberryPi4B_4GB,ASIX_AX88179_USB3_GbE,137.26,62.26,3.617,289.9
EDGE_NFD_048,2026-09-16 06:26:41,NFD,RaspberryPi4B_4GB,ASIX_AX88179_USB3_GbE,135.29,59.98,3.958,305.74
EDGE_NFD_049,2026-09-16 06:30:45,NFD,RaspberryPi4B_4GB,ASIX_AX88179_USB3_GbE,135.67,58.43,3.654,315.45
EDGE_NFD_050,2026-09-16 06:34:26,NFD,RaspberryPi4B_4GB,ASIX_AX88179_USB3_GbE,145.82,61.76,3.263,307.45
EDGE_NFD_051,2026-09-16 06:36:45,NFD,RaspberryPi4B_4GB,ASIX_AX88179_USB3_GbE,136.43,62.54,3.369,312.07
EDGE_NFD_052,2026-09-16 06:38:57,NFD,RaspberryPi4B_4GB,ASIX_AX88179_USB3_GbE,134.01,65.97,3.366,297.69
EDGE_PythonNDN_080,2026-09-16 16:58:15,PythonNDN,RaspberryPi4B_4GB,ASIX_AX88179_USB3_GbE,173.69,82.89,4.876,86.5
EDGE_PythonNDN_081,2026-09-16 17:00:22,PythonNDN,RaspberryPi4B_4GB,ASIX_AX88179_USB3_GbE,178.62,84.85,5.516,83.06
EDGE_PythonNDN_082,2026-09-16 17:04:52,PythonNDN,RaspberryPi4B_4GB,ASIX_AX88179_USB3_GbE,169.5,80.39,4.584,82.54
EDGE_PythonNDN_083,2026-09-16 17:06:00,PythonNDN,RaspberryPi4B_4GB,ASIX_AX88179_USB3_GbE,163.81,77.74,4.417,83.27
EDGE_PythonNDN_084,2026-09-16 17:09:15,PythonNDN,RaspberryPi4B_4GB,ASIX_AX88179_USB3_GbE,179.94,83.0,4.707,86.94
EDGE_PythonNDN_085,2026-09-16 17:13:55,PythonNDN,RaspberryPi4B_4GB,ASIX_AX88179_USB3_GbE,162.2,80.23,4.982,76.15
EDGE_PythonNDN_086,2026-09-16 17:15:35,PythonNDN,RaspberryPi4B_4GB,ASIX_AX88179_USB3_GbE,171.13,83.68,5.029,86.33
EDGE_PythonNDN_087,2026-09-16 17:19:03,PythonNDN,RaspberryPi4B_4GB,ASIX_AX88179_USB3_GbE,165.89,74.01,4.747,82.73
EDGE_PythonNDN_088,2026-09-16 17:23:56,PythonNDN,RaspberryPi4B_4GB,ASIX_AX88179_USB3_GbE,160.49,84.55,5.432,89.37
EDGE_PythonNDN_089,2026-09-16 17:26:00,PythonNDN,RaspberryPi4B_4GB,ASIX_AX88179_USB3_GbE,173.3,82.14,5.058,84.68
EDGE_PythonNDN_090,2026-09-16 17:28:03,PythonNDN,RaspberryPi4B_4GB,ASIX_AX88179_USB3_GbE,172.02,82.14,5.691,86.05
EDGE_PythonNDN_091,2026-09-16 17:29:17,PythonNDN,RaspberryPi4B_4GB,ASIX_AX88179_USB3_GbE,171.66,77.13,5.063,81.49
EDGE_PythonNDN_092,2026-09-16 17:29:45,PythonNDN,RaspberryPi4B_4GB,ASIX_AX88179_USB3_GbE,170.43,80.75,4.596,81.09
EDGE_PythonNDN_093,2026-09-16 17:30:45,PythonNDN,RaspberryPi4B_4GB,ASIX_AX88179_USB3_GbE,177.34,83.6,5.069,83.43
EDGE_PythonNDN_094,2026-09-16 17:31:17,PythonNDN,RaspberryPi4B_4GB,ASIX_AX88179_USB3_GbE,170.95,82.22,5.953,88.44
EDGE_PythonNDN_095,2026-09-16 17:34:27,PythonNDN,RaspberryPi4B_4GB,ASIX_AX88179_USB3_GbE,184.14,88.31,5.904,83.43
EDGE_PythonNDN_096,2026-09-16 17:36:55,PythonNDN,RaspberryPi4B_4GB,ASIX_AX88179_USB3_GbE,180.02,86.79,5.404,80.48
EDGE_PythonNDN_097,2026-09-16 17:39:57,PythonNDN,RaspberryPi4B_4GB,ASIX_AX88179_USB3_GbE,165.84,93.38,5.439,81.7
EDGE_PythonNDN_098,2026-09-16 17:40:22,PythonNDN,RaspberryPi4B_4GB,ASIX_AX88179_USB3_GbE,178.4,74.0,4.846,84.15
EDGE_PythonNDN_099,2026-09-16 17:43:32,PythonNDN,RaspberryPi4B_4GB,ASIX_AX88179_USB3_GbE,169.56,89.13,4.832,83.66
EDGE_PythonNDN_100,2026-09-16 17:46:26,PythonNDN,RaspberryPi4B_4GB,ASIX_AX88179_USB3_GbE,167.06,75.27,5.519,88.53
EDGE_PythonNDN_101,2026-09-16 17:49:03,PythonNDN,RaspberryPi4B_4GB,ASIX_AX88179_USB3_GbE,180.65,84.99,5.019,86.32
EDGE_PythonNDN_102,2026-09-16 17:51:26,PythonNDN,RaspberryPi4B_4GB,ASIX_AX88179_USB3_GbE,169.11,83.9,5.173,82.99
EDGE_PythonNDN_103,2026-09-16 17:53:36,PythonNDN,RaspberryPi4B_4GB,ASIX_AX88179_USB3_GbE,176.73,79.61,5.163,83.44
EDGE_PythonNDN_104,2026-09-16 17:55:44,PythonNDN,RaspberryPi4B_4GB,ASIX_AX88179_USB3_GbE,180.54,73.84,5.351,77.83
EDGE_PythonNDN_105,2026-09-16 21:09:05,PythonNDN,RaspberryPi4B_4GB,ASIX_AX88179_USB3_GbE,177.01,84.34,5.321,86.36
EDGE_PythonNDN_106,2026-09-16 21:10:08,PythonNDN,RaspberryPi4B_4GB,ASIX_AX88179_USB3_GbE,170.2,75.18,5.143,84.52
EDGE_PythonNDN_107,2026-09-16 21:11:38,PythonNDN,RaspberryPi4B_4GB,ASIX_AX88179_USB3_GbE,178.63,83.55,4.958,83.94
EDGE_PythonNDN_108,2026-09-16 21:12:47,PythonNDN,RaspberryPi4B_4GB,ASIX_AX88179_USB3_GbE,176.72,82.79,4.677,80.67
EDGE_PythonNDN_109,2026-09-16 21:13:50,PythonNDN,RaspberryPi4B_4GB,ASIX_AX88179_USB3_GbE,179.3,82.35,5.578,87.22
EDGE_PythonNDN_110,2026-09-16 21:15:43,PythonNDN,RaspberryPi4B_4GB,ASIX_AX88179_USB3_GbE,177.23,86.69,5.093,89.23
EDGE_PythonNDN_111,2026-09-16 21:17:21,PythonNDN,RaspberryPi4B_4GB,ASIX_AX88179_USB3_GbE,173.82,77.57,4.633,87.24
EDGE_PythonNDN_112,2026-09-16 21:21:34,PythonNDN,RaspberryPi4B_4GB,ASIX_AX88179_USB3_GbE,173.88,87.99,4.838,88.23
EDGE_PythonNDN_113,2026-09-16 21:23:31,PythonNDN,RaspberryPi4B_4GB,ASIX_AX88179_USB3_GbE,176.42,83.44,5.44,82.35
EDGE_PythonNDN_114,2026-09-16 21:24:57,PythonNDN,RaspberryPi4B_4GB,ASIX_AX88179_USB3_GbE,175.56,76.44,5.409,85.5
EDGE_PythonNDN_115,2026-09-16 21:26:52,PythonNDN,RaspberryPi4B_4GB,ASIX_AX88179_USB3_GbE,170.59,86.52,4.936,82.82
EDGE_PythonNDN_116,2026-09-16 21:30:28,PythonNDN,RaspberryPi4B_4GB,ASIX_AX88179_USB3_GbE,178.78,84.78,5.165,90.64
EDGE_NFD_053,2026-09-17 02:30:25,NFD,RaspberryPi4B_4GB,ASIX_AX88179_USB3_GbE,140.43,65.31,3.839,341.52
EDGE_NFD_054,2026-09-17 02:31:23,NFD,RaspberryPi4B_4GB,ASIX_AX88179_USB3_GbE,135.69,60.17,3.869,303.04
EDGE_NFD_055,2026-09-17 02:32:57,NFD,RaspberryPi4B_4GB,ASIX_AX88179_USB3_GbE,137.64,61.16,3.883,315.51
EDGE_NFD_056,2026-09-17 02:34:46,NFD,RaspberryPi4B_4GB,ASIX_AX88179_USB3_GbE,139.53,61.29,3.672,316.41
EDGE_NFD_057,2026-09-17 02:36:54,NFD,RaspberryPi4B_4GB,ASIX_AX88179_USB3_GbE,130.91,63.12,3.375,312.25
EDGE_NFD_058,2026-09-17 02:38:18,NFD,RaspberryPi4B_4GB,ASIX_AX88179_USB3_GbE,136.85,69.47,3.817,333.3
EDGE_NFD_059,2026-09-17 02:42:08,NFD,RaspberryPi4B_4GB,ASIX_AX88179_USB3_GbE,143.15,63.66,3.542,303.25
EDGE_NFD_060,2026-09-17 02:43:27,NFD,RaspberryPi4B_4GB,ASIX_AX88179_USB3_GbE,136.92,58.3,3.434,313.84
EDGE_NFD_061,2026-09-17 02:45:39,NFD,RaspberryPi4B_4GB,ASIX_AX88179_USB3_GbE,149.57,65.37,3.681,307.64
EDGE_NFD_062,2026-09-17 02:48:48,NFD,RaspberryPi4B_4GB,ASIX_AX88179_USB3_GbE,139.32,59.53,4.023,312.17
EDGE_NFD_063,2026-09-17 02:50:44,NFD,RaspberryPi4B_4GB,ASIX_AX88179_USB3_GbE,136.76,66.85,4.025,311.96
EDGE_NFD_064,2026-09-17 02:53:30,NFD,RaspberryPi4B_4GB,ASIX_AX88179_USB3_GbE,132.95,65.71,3.892,307.13
EDGE_NFD_065,2026-09-17 02:57:38,NFD,RaspberryPi4B_4GB,ASIX_AX88179_USB3_GbE,131.92,62.16,3.705,331.97
EDGE_NFD_066,2026-09-17 03:00:04,NFD,RaspberryPi4B_4GB,ASIX_AX88179_USB3_GbE,151.71,66.34,3.722,314.01
EDGE_NFD_067,2026-09-17 03:00:59,NFD,RaspberryPi4B_4GB,ASIX_AX88179_USB3_GbE,139.51,63.43,4.297,318.48
EDGE_NFD_068,2026-09-17 03:01:49,NFD,RaspberryPi4B_4GB,ASIX_AX88179_USB3_GbE,128.53,59.78,3.623,317.05
EDGE_NFD_069,2026-09-17 03:02:38,NFD,RaspberryPi4B_4GB,ASIX_AX88179_USB3_GbE,141.33,65.31,3.448,311.65
EDGE_NFD_070,2026-09-17 03:03:35,NFD,RaspberryPi4B_4GB,ASIX_AX88179_USB3_GbE,139.97,62.61,3.639,321.92
EDGE_NFD_071,2026-09-17 03:05:33,NFD,RaspberryPi4B_4GB,ASIX_AX88179_USB3_GbE,135.39,66.24,3.364,313.24
EDGE_NFD_072,2026-09-17 03:07:00,NFD,RaspberryPi4B_4GB,ASIX_AX88179_USB3_GbE,137.97,62.48,3.64,284.16
EDGE_NFD_073,2026-09-17 03:08:19,NFD,RaspberryPi4B_4GB,ASIX_AX88179_USB3_GbE,143.73,61.49,4.296,310.45
EDGE_NFD_074,2026-09-17 15:19:28,NFD,RaspberryPi4B_4GB,ASIX_AX88179_USB3_GbE,136.1,65.22,3.853,303.55
EDGE_NFD_075,2026-09-17 15:20:52,NFD,RaspberryPi4B_4GB,ASIX_AX88179_USB3_GbE,139.56,60.43,3.844,317.11
EDGE_NFD_076,2026-09-17 15:22:12,NFD,RaspberryPi4B_4GB,ASIX_AX88179_USB3_GbE,127.9,63.17,3.618,329.4
EDGE_NFD_077,2026-09-17 15:24:46,NFD,RaspberryPi4B_4GB,ASIX_AX88179_USB3_GbE,137.0,59.94,3.58,329.5
EDGE_NFD_078,2026-09-17 15:26:03,NFD,RaspberryPi4B_4GB,ASIX_AX88179_USB3_GbE,143.03,61.65,3.475,313.27
EDGE_NFD_079,2026-09-17 15:32:24,NFD,RaspberryPi4B_4GB,ASIX_AX88179_USB3_GbE,144.73,61.23,4.023,307.16
EDGE_NFD_080,2026-09-17 15:33:33,NFD,RaspberryPi4B_4GB,ASIX_AX88179_USB3_GbE,137.08,64.88,4.173,327.16
EDGE_NFD_081,2026-09-17 15:36:47,NFD,RaspberryPi4B_4GB,ASIX_AX88179_USB3_GbE,135.89,58.53,4.228,317.79
EDGE_NFD_082,2026-09-17 15:38:10,NFD,RaspberryPi4B_4GB,ASIX_AX88179_USB3_GbE,137.55,64.05,4.184,288.3
EDGE_NFD_083,2026-09-17 15:41:00,NFD,RaspberryPi4B_4GB,ASIX_AX88179_USB3_GbE,137.8,61.8,3.318,313.43
EDGE_NFD_084,2026-09-17 15:41:49,NFD,RaspberryPi4B_4GB,ASIX_AX88179_USB3_GbE,149.12,62.6,3.773,310.23
EDGE_NFD_085,2026-09-17 15:43:08,NFD,RaspberryPi4B_4GB,ASIX_AX88179_USB3_GbE,140.47,64.73,3.722,304.97
EDGE_NFD_086,2026-09-17 15:45:56,NFD,RaspberryPi4B_4GB,ASIX_AX88179_USB3_GbE,143.45,61.76,3.648,325.78
EDGE_NFD_087,2026-09-17 15:49:23,NFD,RaspberryPi4B_4GB,ASIX_AX88179_USB3_GbE,135.04,60.51,3.415,291.59
EDGE_NFD_088,2026-09-17 15:51:02,NFD,RaspberryPi4B_4GB,ASIX_AX88179_USB3_GbE,131.92,61.56,4.17,297.94
EDGE_NFD_089,2026-09-17 15:54:42,NFD,RaspberryPi4B_4GB,ASIX_AX88179_USB3_GbE,141.12,61.41,3.512,307.41
EDGE_NFD_090,2026-09-17 15:56:59,NFD,RaspberryPi4B_4GB,ASIX_AX88179_USB3_GbE,135.54,63.99,3.975,311.41
EDGE_NFD_091,2026-09-17 15:59:22,NFD,RaspberryPi4B_4GB,ASIX_AX88179_USB3_GbE,136.29,61.7,3.652,323.34
EDGE_NFD_092,2026-09-17 16:02:58,NFD,RaspberryPi4B_4GB,ASIX_AX88179_USB3_GbE,139.63,61.94,3.545,333.5
EDGE_NFD_093,2026-09-17 16:03:43,NFD,RaspberryPi4B_4GB,ASIX_AX88179_USB3_GbE,138.48,63.16,4.112,327.17
EDGE_NFD_094,2026-09-17 16:08:24,NFD,RaspberryPi4B_4GB,ASIX_AX88179_USB3_GbE,136.05,61.38,3.951,319.28
EDGE_NFD_095,2026-09-17 16:08:57,NFD,RaspberryPi4B_4GB,ASIX_AX88179_USB3_GbE,135.72,66.14,3.479,299.96
EDGE_NFD_096,2026-09-17 16:12:57,NFD,RaspberryPi4B_4GB,ASIX_AX88179_USB3_GbE,144.3,60.14,4.286,295.62
EDGE_NFD_097,2026-09-17 16:15:52,NFD,RaspberryPi4B_4GB,ASIX_AX88179_USB3_GbE,139.46,64.3,4.315,308.27
EDGE_NFD_098,2026-09-17 16:22:02,NFD,RaspberryPi4B_4GB,ASIX_AX88179_USB3_GbE,141.2,62.0,3.19,326.31
EDGE_NFD_099,2026-09-17 16:24:41,NFD,RaspberryPi4B_4GB,ASIX_AX88179_USB3_GbE,147.38,56.48,3.637,309.63
EDGE_NFD_100,2026-09-17 16:27:15,NFD,RaspberryPi4B_4GB,ASIX_AX88179_USB3_GbE,145.06,66.53,3.39,285.14
EDGE_NFD_101,2026-09-17 16:30:57,NFD,RaspberryPi4B_4GB,ASIX_AX88179_USB3_GbE,132.98,58.11,3.982,324.72
EDGE_NFD_102,2026-09-17 16:32:10,NFD,RaspberryPi4B_4GB,ASIX_AX88179_USB3_GbE,138.44,60.15,3.875,300.63
EDGE_NFD_103,2026-09-17 16:34:11,NFD,RaspberryPi4B_4GB,ASIX_AX88179_USB3_GbE,144.3,65.49,3.244,309.82
EDGE_NFD_104,2026-09-17 16:38:09,NFD,RaspberryPi4B_4GB,ASIX_AX88179_USB3_GbE,133.98,60.86,3.574,301.69
EDGE_NFD_105,2026-09-17 16:41:29,NFD,RaspberryPi4B_4GB,ASIX_AX88179_USB3_GbE,135.23,62.62,3.669,314.73
EDGE_PythonNDN_117,2026-09-17 21:21:27,PythonNDN,RaspberryPi4B_4GB,ASIX_AX88179_USB3_GbE,170.98,81.97,5.084,87.88
EDGE_PythonNDN_118,2026-09-17 21:24:33,PythonNDN,RaspberryPi4B_4GB,ASIX_AX88179_USB3_GbE,165.37,77.57,5.273,84.85
EDGE_PythonNDN_119,2026-09-17 21:28:42,PythonNDN,RaspberryPi4B_4GB,ASIX_AX88179_USB3_GbE,177.64,85.22,4.936,92.0
EDGE_PythonNDN_120,2026-09-17 21:33:44,PythonNDN,RaspberryPi4B_4GB,ASIX_AX88179_USB3_GbE,169.72,79.2,4.979,88.43
EDGE_PythonNDN_121,2026-09-17 21:35:02,PythonNDN,RaspberryPi4B_4GB,ASIX_AX88179_USB3_GbE,176.08,80.6,5.407,86.49
EDGE_PythonNDN_122,2026-09-17 21:37:34,PythonNDN,RaspberryPi4B_4GB,ASIX_AX88179_USB3_GbE,168.99,83.54,5.017,85.89
EDGE_PythonNDN_123,2026-09-17 21:40:21,PythonNDN,RaspberryPi4B_4GB,ASIX_AX88179_USB3_GbE,173.03,88.48,5.399,90.21
EDGE_PythonNDN_124,2026-09-17 21:42:16,PythonNDN,RaspberryPi4B_4GB,ASIX_AX88179_USB3_GbE,178.02,82.16,5.246,83.7
EDGE_PythonNDN_125,2026-09-17 21:45:25,PythonNDN,RaspberryPi4B_4GB,ASIX_AX88179_USB3_GbE,177.5,75.33,5.459,87.74
EDGE_PythonNDN_126,2026-09-17 21:46:58,PythonNDN,RaspberryPi4B_4GB,ASIX_AX88179_USB3_GbE,174.08,76.64,4.844,85.37
EDGE_PythonNDN_127,2026-09-17 21:50:00,PythonNDN,RaspberryPi4B_4GB,ASIX_AX88179_USB3_GbE,177.85,77.66,6.818,88.7
EDGE_PythonNDN_128,2026-09-17 21:50:57,PythonNDN,RaspberryPi4B_4GB,ASIX_AX88179_USB3_GbE,174.44,81.39,5.398,88.1
EDGE_PythonNDN_129,2026-09-17 21:53:04,PythonNDN,RaspberryPi4B_4GB,ASIX_AX88179_USB3_GbE,175.48,77.82,5.012,84.1
EDGE_PythonNDN_130,2026-09-17 21:53:55,PythonNDN,RaspberryPi4B_4GB,ASIX_AX88179_USB3_GbE,172.82,88.97,4.893,79.62
EDGE_PythonNDN_131,2026-09-17 21:56:04,PythonNDN,RaspberryPi4B_4GB,ASIX_AX88179_USB3_GbE,164.81,79.86,4.947,84.41
EDGE_PythonNDN_132,2026-09-17 21:56:43,PythonNDN,RaspberryPi4B_4GB,ASIX_AX88179_USB3_GbE,174.85,78.04,4.757,82.05
EDGE_PythonNDN_133,2026-09-17 21:58:13,PythonNDN,RaspberryPi4B_4GB,ASIX_AX88179_USB3_GbE,180.48,82.74,5.155,86.81
EDGE_NFD_106,2026-09-18 13:51:19,NFD,RaspberryPi4B_4GB,ASIX_AX88179_USB3_GbE,132.78,65.06,3.788,323.65
EDGE_NFD_107,2026-09-18 13:54:30,NFD,RaspberryPi4B_4GB,ASIX_AX88179_USB3_GbE,136.23,61.89,3.462,289.23
EDGE_NFD_108,2026-09-18 13:55:09,NFD,RaspberryPi4B_4GB,ASIX_AX88179_USB3_GbE,132.36,61.96,3.489,307.2
EDGE_NFD_109,2026-09-18 13:57:40,NFD,RaspberryPi4B_4GB,ASIX_AX88179_USB3_GbE,134.69,62.27,3.232,309.28
EDGE_NFD_110,2026-09-18 13:59:40,NFD,RaspberryPi4B_4GB,ASIX_AX88179_USB3_GbE,141.44,56.82,4.803,301.23
EDGE_NFD_111,2026-09-18 14:01:10,NFD,RaspberryPi4B_4GB,ASIX_AX88179_USB3_GbE,134.62,69.76,3.448,321.87
EDGE_NFD_112,2026-09-18 14:04:12,NFD,RaspberryPi4B_4GB,ASIX_AX88179_USB3_GbE,133.81,59.35,3.673,281.86
EDGE_NFD_113,2026-09-18 14:05:31,NFD,RaspberryPi4B_4GB,ASIX_AX88179_USB3_GbE,141.22,67.49,4.225,299.81
EDGE_NFD_114,2026-09-18 14:06:22,NFD,RaspberryPi4B_4GB,ASIX_AX88179_USB3_GbE,139.69,58.74,3.707,288.14
EDGE_NFD_115,2026-09-18 14:07:33,NFD,RaspberryPi4B_4GB,ASIX_AX88179_USB3_GbE,137.39,63.78,3.623,308.79
EDGE_NFD_116,2026-09-18 14:09:04,NFD,RaspberryPi4B_4GB,ASIX_AX88179_USB3_GbE,128.85,65.39,3.55,317.13
EDGE_NFD_117,2026-09-18 14:13:21,NFD,RaspberryPi4B_4GB,ASIX_AX88179_USB3_GbE,141.46,63.71,4.026,302.82
EDGE_NFD_118,2026-09-18 14:16:30,NFD,RaspberryPi4B_4GB,ASIX_AX88179_USB3_GbE,138.42,63.9,4.097,298.65
EDGE_NFD_119,2026-09-18 14:18:34,NFD,RaspberryPi4B_4GB,ASIX_AX88179_USB3_GbE,138.76,64.01,4.598,308.86
EDGE_NFD_120,2026-09-18 14:23:22,NFD,RaspberryPi4B_4GB,ASIX_AX88179_USB3_GbE,130.32,63.71,4.013,310.19
EDGE_NFD_121,2026-09-18 14:25:30,NFD,RaspberryPi4B_4GB,ASIX_AX88179_USB3_GbE,134.03,61.85,4.009,306.35
EDGE_NFD_122,2026-09-18 14:29:38,NFD,RaspberryPi4B_4GB,ASIX_AX88179_USB3_GbE,139.58,62.9,3.712,293.83
EDGE_NFD_123,2026-09-18 14:32:51,NFD,RaspberryPi4B_4GB,ASIX_AX88179_USB3_GbE,128.0,66.36,3.669,287.39
EDGE_NFD_124,2026-09-18 14:33:50,NFD,RaspberryPi4B_4GB,ASIX_AX88179_USB3_GbE,125.24,57.06,4.065,306.45
EDGE_NFD_125,2026-09-18 14:36:39,NFD,RaspberryPi4B_4GB,ASIX_AX88179_USB3_GbE,135.9,59.24,4.17,306.16
EDGE_NFD_126,2026-09-18 14:38:55,NFD,RaspberryPi4B_4GB,ASIX_AX88179_USB3_GbE,137.33,60.25,3.727,298.64
EDGE_NFD_127,2026-09-18 14:40:25,NFD,RaspberryPi4B_4GB,ASIX_AX88179_USB3_GbE,136.58,68.96,3.306,315.91
EDGE_NFD_128,2026-09-18 14:43:07,NFD,RaspberryPi4B_4GB,ASIX_AX88179_USB3_GbE,132.76,54.39,4.994,308.66
EDGE_NFD_129,2026-09-18 14:44:06,NFD,RaspberryPi4B_4GB,ASIX_AX88179_USB3_GbE,130.77,60.56,3.838,319.4
EDGE_NFD_130,2026-09-18 14:45:22,NFD,RaspberryPi4B_4GB,ASIX_AX88179_USB3_GbE,136.54,62.92,4.032,318.43
EDGE_NFD_131,2026-09-18 14:46:57,NFD,RaspberryPi4B_4GB,ASIX_AX88179_USB3_GbE,143.81,61.91,3.692,339.1
EDGE_NFD_132,2026-09-18 14:49:00,NFD,RaspberryPi4B_4GB,ASIX_AX88179_USB3_GbE,133.2,63.47,4.173,316.43
EDGE_NFD_133,2026-09-18 14:51:21,NFD,RaspberryPi4B_4GB,ASIX_AX88179_USB3_GbE,143.74,60.43,3.804,286.93
EDGE_NFD_134,2026-09-18 14:53:09,NFD,RaspberryPi4B_4GB,ASIX_AX88179_USB3_GbE,142.7,62.44,3.512,302.82
EDGE_PythonNDN_134,2026-09-18 22:44:32,PythonNDN,RaspberryPi4B_4GB,ASIX_AX88179_USB3_GbE,165.56,83.42,5.565,88.04
EDGE_PythonNDN_135,2026-09-18 22:46:32,PythonNDN,RaspberryPi4B_4GB,ASIX_AX88179_USB3_GbE,168.52,80.86,4.936,83.01
EDGE_PythonNDN_136,2026-09-18 22:51:08,PythonNDN,RaspberryPi4B_4GB,ASIX_AX88179_USB3_GbE,172.19,82.49,5.539,86.12
EDGE_PythonNDN_137,2026-09-18 22:52:25,PythonNDN,RaspberryPi4B_4GB,ASIX_AX88179_USB3_GbE,173.76,83.72,4.834,83.31
EDGE_PythonNDN_138,2026-09-18 22:54:25,PythonNDN,RaspberryPi4B_4GB,ASIX_AX88179_USB3_GbE,174.03,81.35,5.393,83.9
EDGE_PythonNDN_139,2026-09-18 22:58:15,PythonNDN,RaspberryPi4B_4GB,ASIX_AX88179_USB3_GbE,176.41,76.6,5.378,85.85
EDGE_PythonNDN_140,2026-09-18 23:01:13,PythonNDN,RaspberryPi4B_4GB,ASIX_AX88179_USB3_GbE,178.79,79.82,4.924,85.33
EDGE_PythonNDN_141,2026-09-18 23:05:12,PythonNDN,RaspberryPi4B_4GB,ASIX_AX88179_USB3_GbE,171.79,78.13,4.781,89.68
EDGE_PythonNDN_142,2026-09-18 23:07:14,PythonNDN,RaspberryPi4B_4GB,ASIX_AX88179_USB3_GbE,181.76,79.99,5.291,80.75
EDGE_PythonNDN_143,2026-09-18 23:10:48,PythonNDN,RaspberryPi4B_4GB,ASIX_AX88179_USB3_GbE,168.75,80.53,5.473,90.54
EDGE_PythonNDN_144,2026-09-18 23:12:45,PythonNDN,RaspberryPi4B_4GB,ASIX_AX88179_USB3_GbE,177.38,78.99,5.738,87.33
EDGE_PythonNDN_145,2026-09-18 23:14:59,PythonNDN,RaspberryPi4B_4GB,ASIX_AX88179_USB3_GbE,168.22,80.81,5.528,81.72
EDGE_PythonNDN_146,2026-09-18 23:15:47,PythonNDN,RaspberryPi4B_4GB,ASIX_AX88179_USB3_GbE,182.39,74.84,5.063,85.76
EDGE_PythonNDN_147,2026-09-18 23:20:08,PythonNDN,RaspberryPi4B_4GB,ASIX_AX88179_USB3_GbE,171.42,84.83,4.958,82.77
EDGE_PythonNDN_148,2026-09-18 23:22:23,PythonNDN,RaspberryPi4B_4GB,ASIX_AX88179_USB3_GbE,178.17,86.8,4.95,89.88
EDGE_PythonNDN_149,2026-09-18 23:24:42,PythonNDN,RaspberryPi4B_4GB,ASIX_AX88179_USB3_GbE,177.16,81.58,5.72,86.89
EDGE_PythonNDN_150,2026-09-18 23:26:15,PythonNDN,RaspberryPi4B_4GB,ASIX_AX88179_USB3_GbE,177.93,87.19,5.412,86.06
EDGE_uDCN_001,2026-09-19 18:00:00,uDCN,RaspberryPi4B_4GB,ASIX_AX88179_USB3_GbE,44.47,16.49,1.148,801.38
EDGE_uDCN_002,2026-09-19 18:02:03,uDCN,RaspberryPi4B_4GB,ASIX_AX88179_USB3_GbE,42.76,17.46,1.161,903.81
EDGE_uDCN_003,2026-09-19 18:06:04,uDCN,RaspberryPi4B_4GB,ASIX_AX88179_USB3_GbE,40.65,17.12,1.028,859.68
EDGE_uDCN_004,2026-09-19 18:06:51,uDCN,RaspberryPi4B_4GB,ASIX_AX88179_USB3_GbE,46.34,17.74,1.298,929.83
EDGE_uDCN_005,2026-09-19 18:08:43,uDCN,RaspberryPi4B_4GB,ASIX_AX88179_USB3_GbE,42.4,19.45,1.186,858.15
EDGE_uDCN_006,2026-09-19 18:10:34,uDCN,RaspberryPi4B_4GB,ASIX_AX88179_USB3_GbE,42.56,18.14,1.093,947.14
EDGE_uDCN_007,2026-09-19 18:12:22,uDCN,RaspberryPi4B_4GB,ASIX_AX88179_USB3_GbE,41.17,19.81,1.202,865.42
EDGE_uDCN_008,2026-09-19 18:13:44,uDCN,RaspberryPi4B_4GB,ASIX_AX88179_USB3_GbE,42.67,18.4,1.048,882.57
EDGE_uDCN_009,2026-09-19 18:15:42,uDCN,RaspberryPi4B_4GB,ASIX_AX88179_USB3_GbE,40.42,17.4,1.232,874.55
EDGE_uDCN_010,2026-09-19 18:16:14,uDCN,RaspberryPi4B_4GB,ASIX_AX88179_USB3_GbE,39.06,19.03,1.251,852.96
EDGE_uDCN_011,2026-09-19 18:20:31,uDCN,RaspberryPi4B_4GB,ASIX_AX88179_USB3_GbE,40.78,18.74,1.339,857.21
EDGE_uDCN_012,2026-09-19 18:22:19,uDCN,RaspberryPi4B_4GB,ASIX_AX88179_USB3_GbE,42.01,20.14,1.256,892.32
EDGE_uDCN_013,2026-09-19 18:25:42,uDCN,RaspberryPi4B_4GB,ASIX_AX88179_USB3_GbE,42.08,17.38,1.096,870.81
EDGE_uDCN_014,2026-09-19 18:30:52,uDCN,RaspberryPi4B_4GB,ASIX_AX88179_USB3_GbE,40.33,17.68,1.17,902.24
EDGE_uDCN_015,2026-09-19 18:31:14,uDCN,RaspberryPi4B_4GB,ASIX_AX88179_USB3_GbE,40.88,17.83,1.348,901.64
EDGE_uDCN_016,2026-09-19 18:32:55,uDCN,RaspberryPi4B_4GB,ASIX_AX88179_USB3_GbE,42.98,18.37,1.168,857.9
EDGE_uDCN_017,2026-09-19 18:36:03,uDCN,RaspberryPi4B_4GB,ASIX_AX88179_USB3_GbE,39.91,17.8,1.187,904.3
EDGE_uDCN_018,2026-09-19 18:37:32,uDCN,RaspberryPi4B_4GB,ASIX_AX88179_USB3_GbE,40.15,17.99,1.089,803.83
EDGE_uDCN_019,2026-09-19 18:41:10,uDCN,RaspberryPi4B_4GB,ASIX_AX88179_USB3_GbE,43.0,18.52,1.168,832.06
EDGE_uDCN_020,2026-09-19 18:44:08,uDCN,RaspberryPi4B_4GB,ASIX_AX88179_USB3_GbE,41.37,19.31,1.322,870.51
EDGE_uDCN_021,2026-09-19 18:45:55,uDCN,RaspberryPi4B_4GB,ASIX_AX88179_USB3_GbE,42.34,17.22,1.011,912.61
EDGE_uDCN_022,2026-09-19 18:48:36,uDCN,RaspberryPi4B_4GB,ASIX_AX88179_USB3_GbE,42.46,18.81,1.109,912.33
EDGE_uDCN_023,2026-09-19 18:49:40,uDCN,RaspberryPi4B_4GB,ASIX_AX88179_USB3_GbE,40.86,17.22,1.296,839.97
EDGE_uDCN_024,2026-09-19 18:52:05,uDCN,RaspberryPi4B_4GB,ASIX_AX88179_USB3_GbE,42.05,17.73,1.315,832.59
EDGE_uDCN_025,2026-09-19 18:53:44,uDCN,RaspberryPi4B_4GB,ASIX_AX88179_USB3_GbE,43.02,18.15,1.191,867.14
EDGE_uDCN_026,2026-09-19 18:55:17,uDCN,RaspberryPi4B_4GB,ASIX_AX88179_USB3_GbE,42.11,17.3,1.223,861.26
EDGE_uDCN_027,2026-09-19 18:57:20,uDCN,RaspberryPi4B_4GB,ASIX_AX88179_USB3_GbE,42.75,17.5,1.042,812.0
EDGE_uDCN_028,2026-09-19 23:48:16,uDCN,RaspberryPi4B_4GB,ASIX_AX88179_USB3_GbE,41.84,20.68,1.447,849.1
EDGE_uDCN_029,2026-09-19 23:51:44,uDCN,RaspberryPi4B_4GB,ASIX_AX88179_USB3_GbE,39.99,19.74,1.091,891.14
EDGE_uDCN_030,2026-09-19 23:53:20,uDCN,RaspberryPi4B_4GB,ASIX_AX88179_USB3_GbE,41.27,18.08,1.145,910.71
EDGE_uDCN_031,2026-09-19 23:58:37,uDCN,RaspberryPi4B_4GB,ASIX_AX88179_USB3_GbE,42.33,17.55,1.179,865.72
EDGE_uDCN_032,2026-09-19 23:59:43,uDCN,RaspberryPi4B_4GB,ASIX_AX88179_USB3_GbE,41.53,19.77,1.161,886.67
EDGE_uDCN_033,2026-09-20 00:00:56,uDCN,RaspberryPi4B_4GB,ASIX_AX88179_USB3_GbE,42.39,18.09,1.223,899.38
EDGE_uDCN_034,2026-09-20 00:02:22,uDCN,RaspberryPi4B_4GB,ASIX_AX88179_USB3_GbE,44.11,18.49,1.008,838.56
EDGE_uDCN_035,2026-09-20 00:03:47,uDCN,RaspberryPi4B_4GB,ASIX_AX88179_USB3_GbE,42.42,17.59,1.292,906.91
EDGE_uDCN_036,2026-09-20 00:04:01,uDCN,RaspberryPi4B_4GB,ASIX_AX88179_USB3_GbE,41.66,17.83,1.293,953.92
EDGE_uDCN_037,2026-09-20 00:04:44,uDCN,RaspberryPi4B_4GB,ASIX_AX88179_USB3_GbE,43.19,17.86,1.272,841.0
EDGE_uDCN_038,2026-09-20 00:06:33,uDCN,RaspberryPi4B_4GB,ASIX_AX88179_USB3_GbE,44.55,19.49,1.203,923.27
EDGE_uDCN_039,2026-09-20 00:09:38,uDCN,RaspberryPi4B_4GB,ASIX_AX88179_USB3_GbE,42.01,17.3,1.227,919.29
EDGE_uDCN_040,2026-09-20 00:13:33,uDCN,RaspberryPi4B_4GB,ASIX_AX88179_USB3_GbE,42.88,16.81,1.189,854.51
EDGE_uDCN_041,2026-09-20 00:18:03,uDCN,RaspberryPi4B_4GB,ASIX_AX88179_USB3_GbE,39.45,18.2,1.303,828.19
EDGE_uDCN_042,2026-09-20 00:22:25,uDCN,RaspberryPi4B_4GB,ASIX_AX88179_USB3_GbE,43.51,19.19,1.208,888.06
EDGE_uDCN_043,2026-09-20 00:25:43,uDCN,RaspberryPi4B_4GB,ASIX_AX88179_USB3_GbE,42.02,20.95,1.196,804.48
EDGE_uDCN_044,2026-09-20 00:30:56,uDCN,RaspberryPi4B_4GB,ASIX_AX88179_USB3_GbE,40.51,17.1,1.154,864.95
EDGE_uDCN_045,2026-09-20 00:33:00,uDCN,RaspberryPi4B_4GB,ASIX_AX88179_USB3_GbE,44.09,17.32,1.115,879.02
EDGE_uDCN_046,2026-09-20 00:34:58,uDCN,RaspberryPi4B_4GB,ASIX_AX88179_USB3_GbE,40.38,17.43,1.137,872.09
EDGE_uDCN_047,2026-09-20 00:36:09,uDCN,RaspberryPi4B_4GB,ASIX_AX88179_USB3_GbE,46.07,16.8,1.23,814.16
EDGE_uDCN_048,2026-09-20 00:37:39,uDCN,RaspberryPi4B_4GB,ASIX_AX88179_USB3_GbE,40.81,17.38,1.194,853.01
EDGE_uDCN_049,2026-09-20 00:41:18,uDCN,RaspberryPi4B_4GB,ASIX_AX88179_USB3_GbE,41.94,20.0,1.213,868.83
EDGE_uDCN_050,2026-09-20 00:43:20,uDCN,RaspberryPi4B_4GB,ASIX_AX88179_USB3_GbE,41.54,18.96,1.169,898.36
EDGE_uDCN_051,2026-09-20 00:47:16,uDCN,RaspberryPi4B_4GB,ASIX_AX88179_USB3_GbE,40.19,18.28,1.036,884.99
EDGE_uDCN_052,2026-09-20 06:41:36,uDCN,RaspberryPi4B_4GB,ASIX_AX88179_USB3_GbE,40.09,18.09,1.0,909.42
EDGE_uDCN_053,2026-09-20 06:42:19,uDCN,RaspberryPi4B_4GB,ASIX_AX88179_USB3_GbE,44.1,17.9,1.308,856.03
EDGE_uDCN_054,2026-09-20 06:43:28,uDCN,RaspberryPi4B_4GB,ASIX_AX88179_USB3_GbE,43.67,17.91,1.253,908.02
EDGE_uDCN_055,2026-09-20 06:46:51,uDCN,RaspberryPi4B_4GB,ASIX_AX88179_USB3_GbE,42.01,16.83,1.271,861.76
EDGE_uDCN_056,2026-09-20 06:48:03,uDCN,RaspberryPi4B_4GB,ASIX_AX88179_USB3_GbE,41.72,18.43,1.022,901.99
EDGE_uDCN_057,2026-09-20 06:51:34,uDCN,RaspberryPi4B_4GB,ASIX_AX88179_USB3_GbE,40.33,18.25,1.137,850.67
EDGE_uDCN_058,2026-09-20 06:53:38,uDCN,RaspberryPi4B_4GB,ASIX_AX88179_USB3_GbE,46.42,18.5,1.381,888.83
EDGE_uDCN_059,2026-09-20 06:55:09,uDCN,RaspberryPi4B_4GB,ASIX_AX88179_USB3_GbE,40.66,18.02,1.15,844.7
EDGE_uDCN_060,2026-09-20 06:57:30,uDCN,RaspberryPi4B_4GB,ASIX_AX88179_USB3_GbE,43.84,17.31,1.19,798.76
EDGE_uDCN_061,2026-09-20 06:58:39,uDCN,RaspberryPi4B_4GB,ASIX_AX88179_USB3_GbE,42.06,18.74,1.112,901.48
EDGE_uDCN_062,2026-09-20 07:00:20,uDCN,RaspberryPi4B_4GB,ASIX_AX88179_USB3_GbE,43.93,18.0,1.301,904.0
EDGE_uDCN_063,2026-09-20 07:01:42,uDCN,RaspberryPi4B_4GB,ASIX_AX88179_USB3_GbE,43.4,18.4,1.158,850.92
EDGE_uDCN_064,2026-09-20 07:02:26,uDCN,RaspberryPi4B_4GB,ASIX_AX88179_USB3_GbE,44.21,18.28,1.242,818.58
EDGE_uDCN_065,2026-09-20 07:05:19,uDCN,RaspberryPi4B_4GB,ASIX_AX88179_USB3_GbE,42.31,19.61,1.237,848.08
EDGE_uDCN_066,2026-09-20 07:07:14,uDCN,RaspberryPi4B_4GB,ASIX_AX88179_USB3_GbE,44.6,17.17,1.128,810.83
EDGE_uDCN_067,2026-09-20 07:07:48,uDCN,RaspberryPi4B_4GB,ASIX_AX88179_USB3_GbE,40.19,20.38,1.265,881.6
EDGE_uDCN_068,2026-09-20 07:11:19,uDCN,RaspberryPi4B_4GB,ASIX_AX88179_USB3_GbE,41.31,17.93,1.084,820.83
EDGE_uDCN_069,2026-09-20 09:29:34,uDCN,RaspberryPi4B_4GB,ASIX_AX88179_USB3_GbE,40.61,16.93,1.06,884.92
EDGE_uDCN_070,2026-09-20 09:31:24,uDCN,RaspberryPi4B_4GB,ASIX_AX88179_USB3_GbE,41.42,17.03,1.264,850.94
EDGE_uDCN_071,2026-09-20 09:32:29,uDCN,RaspberryPi4B_4GB,ASIX_AX88179_USB3_GbE,41.85,18.26,1.144,857.97
EDGE_uDCN_072,2026-09-20 09:32:50,uDCN,RaspberryPi4B_4GB,ASIX_AX88179_USB3_GbE,42.07,17.18,1.453,822.09
EDGE_uDCN_073,2026-09-20 09:36:41,uDCN,RaspberryPi4B_4GB,ASIX_AX88179_USB3_GbE,40.18,18.0,1.176,832.71
EDGE_uDCN_074,2026-09-20 09:38:57,uDCN,RaspberryPi4B_4GB,ASIX_AX88179_USB3_GbE,42.15,18.49,1.135,883.75
EDGE_uDCN_075,2026-09-20 09:40:04,uDCN,RaspberryPi4B_4GB,ASIX_AX88179_USB3_GbE,42.06,18.65,1.148,889.88
EDGE_uDCN_076,2026-09-20 09:41:45,uDCN,RaspberryPi4B_4GB,ASIX_AX88179_USB3_GbE,39.42,18.38,1.142,893.6
EDGE_uDCN_077,2026-09-20 09:43:19,uDCN,RaspberryPi4B_4GB,ASIX_AX88179_USB3_GbE,42.91,18.0,1.112,879.33
EDGE_uDCN_078,2026-09-20 09:48:00,uDCN,RaspberryPi4B_4GB,ASIX_AX88179_USB3_GbE,43.61,17.74,1.219,880.02
EDGE_uDCN_079,2026-09-20 09:48:45,uDCN,RaspberryPi4B_4GB,ASIX_AX88179_USB3_GbE,40.95,19.02,1.282,855.61
EDGE_uDCN_080,2026-09-20 09:52:47,uDCN,RaspberryPi4B_4GB,ASIX_AX88179_USB3_GbE,38.25,16.64,1.114,835.12
EDGE_uDCN_081,2026-09-20 09:53:37,uDCN,RaspberryPi4B_4GB,ASIX_AX88179_USB3_GbE,43.35,17.83,1.137,916.1
EDGE_uDCN_082,2026-09-20 09:55:19,uDCN,RaspberryPi4B_4GB,ASIX_AX88179_USB3_GbE,40.66,17.54,1.121,898.14
EDGE_uDCN_083,2026-09-20 09:57:28,uDCN,RaspberryPi4B_4GB,ASIX_AX88179_USB3_GbE,43.55,16.75,1.099,868.16
EDGE_uDCN_084,2026-09-20 09:59:19,uDCN,RaspberryPi4B_4GB,ASIX_AX88179_USB3_GbE,41.4,17.0,1.245,884.34
EDGE_uDCN_085,2026-09-20 10:05:02,uDCN,RaspberryPi4B_4GB,ASIX_AX88179_USB3_GbE,42.81,17.63,1.211,890.25
EDGE_uDCN_086,2026-09-20 10:09:17,uDCN,RaspberryPi4B_4GB,ASIX_AX88179_USB3_GbE,43.65,18.92,1.151,877.58
EDGE_uDCN_087,2026-09-20 10:11:37,uDCN,RaspberryPi4B_4GB,ASIX_AX88179_USB3_GbE,43.05,18.77,1.099,881.38
EDGE_uDCN_088,2026-09-20 10:14:22,uDCN,RaspberryPi4B_4GB,ASIX_AX88179_USB3_GbE,40.5,18.86,1.195,848.49
EDGE_uDCN_089,2026-09-20 10:18:55,uDCN,RaspberryPi4B_4GB,ASIX_AX88179_USB3_GbE,44.61,17.42,1.227,924.75
EDGE_uDCN_090,2026-09-20 10:19:55,uDCN,RaspberryPi4B_4GB,ASIX_AX88179_USB3_GbE,42.33,18.43,1.033,836.81
EDGE_uDCN_091,2026-09-20 10:20:38,uDCN,RaspberryPi4B_4GB,ASIX_AX88179_USB3_GbE,41.36,17.4,1.139,880.31
EDGE_uDCN_092,2026-09-20 10:22:07,uDCN,RaspberryPi4B_4GB,ASIX_AX88179_USB3_GbE,42.0,17.92,1.16,880.91
EDGE_uDCN_093,2026-09-20 10:22:39,uDCN,RaspberryPi4B_4GB,ASIX_AX88179_USB3_GbE,40.11,16.52,1.028,869.67
EDGE_uDCN_094,2026-09-20 10:24:24,uDCN,RaspberryPi4B_4GB,ASIX_AX88179_USB3_GbE,44.77,18.4,1.159,892.65
EDGE_uDCN_095,2026-09-20 10:26:52,uDCN,RaspberryPi4B_4GB,ASIX_AX88179_USB3_GbE,40.36,16.9,1.167,888.19
EDGE_uDCN_096,2026-09-20 10:31:09,uDCN,RaspberryPi4B_4GB,ASIX_AX88179_USB3_GbE,40.99,17.97,1.061,882.17
EDGE_uDCN_097,2026-09-20 10:32:19,uDCN,RaspberryPi4B_4GB,ASIX_AX88179_USB3_GbE,40.36,17.58,1.247,821.71
EDGE_uDCN_098,2026-09-20 12:49:23,uDCN,RaspberryPi4B_4GB,ASIX_AX88179_USB3_GbE,43.09,16.52,1.047,871.9
EDGE_uDCN_099,2026-09-20 12:49:57,uDCN,RaspberryPi4B_4GB,ASIX_AX88179_USB3_GbE,41.24,15.57,1.176,842.65
EDGE_uDCN_100,2026-09-20 12:51:27,uDCN,RaspberryPi4B_4GB,ASIX_AX88179_USB3_GbE,42.29,16.36,1.075,884.57
EDGE_uDCN_101,2026-09-20 12:52:58,uDCN,RaspberryPi4B_4GB,ASIX_AX88179_USB3_GbE,41.38,18.89,1.138,906.14
EDGE_uDCN_102,2026-09-20 12:55:03,uDCN,RaspberryPi4B_4GB,ASIX_AX88179_USB3_GbE,40.2,17.54,1.121,844.91
EDGE_uDCN_103,2026-09-20 12:56:53,uDCN,RaspberryPi4B_4GB,ASIX_AX88179_USB3_GbE,43.24,16.97,1.005,860.56
EDGE_uDCN_104,2026-09-20 12:57:37,uDCN,RaspberryPi4B_4GB,ASIX_AX88179_USB3_GbE,43.64,18.68,1.141,893.07
EDGE_uDCN_105,2026-09-20 13:00:10,uDCN,RaspberryPi4B_4GB,ASIX_AX88179_USB3_GbE,42.56,19.26,1.13,843.8
EDGE_uDCN_106,2026-09-20 13:05:02,uDCN,RaspberryPi4B_4GB,ASIX_AX88179_USB3_GbE,42.93,18.03,1.179,852.46
EDGE_uDCN_107,2026-09-20 13:08:59,uDCN,RaspberryPi4B_4GB,ASIX_AX88179_USB3_GbE,40.12,18.22,1.112,884.88
EDGE_uDCN_108,2026-09-20 13:10:08,uDCN,RaspberryPi4B_4GB,ASIX_AX88179_USB3_GbE,42.52,18.35,1.264,849.89
EDGE_uDCN_109,2026-09-20 13:12:28,uDCN,RaspberryPi4B_4GB,ASIX_AX88179_USB3_GbE,42.19,16.8,1.347,886.8
EDGE_uDCN_110,2026-09-20 13:14:09,uDCN,RaspberryPi4B_4GB,ASIX_AX88179_USB3_GbE,39.86,18.95,1.344,892.58
EDGE_uDCN_111,2026-09-20 13:18:06,uDCN,RaspberryPi4B_4GB,ASIX_AX88179_USB3_GbE,38.97,18.94,1.193,816.84
EDGE_uDCN_112,2026-09-20 13:18:57,uDCN,RaspberryPi4B_4GB,ASIX_AX88179_USB3_GbE,41.99,17.47,1.244,877.37
EDGE_uDCN_113,2026-09-20 13:19:26,uDCN,RaspberryPi4B_4GB,ASIX_AX88179_USB3_GbE,43.25,18.38,1.192,831.04
EDGE_uDCN_114,2026-09-20 13:19:58,uDCN,RaspberryPi4B_4GB,ASIX_AX88179_USB3_GbE,42.21,16.81,1.211,816.91
EDGE_uDCN_115,2026-09-20 13:22:13,uDCN,RaspberryPi4B_4GB,ASIX_AX88179_USB3_GbE,43.09,16.91,1.168,874.58
EDGE_NFD_135,2026-09-20 13:22:15,NFD,RaspberryPi4B_4GB,ASIX_AX88179_USB3_GbE,145.38,61.47,3.834,293.64
EDGE_NFD_136,2026-09-20 13:24:29,NFD,RaspberryPi4B_4GB,ASIX_AX88179_USB3_GbE,132.59,61.92,3.516,334.73
EDGE_NFD_137,2026-09-20 13:25:34,NFD,RaspberryPi4B_4GB,ASIX_AX88179_USB3_GbE,131.53,57.86,4.313,320.62
EDGE_uDCN_116,2026-09-20 13:26:54,uDCN,RaspberryPi4B_4GB,ASIX_AX88179_USB3_GbE,42.63,16.96,1.302,897.99
EDGE_NFD_138,2026-09-20 13:27:33,NFD,RaspberryPi4B_4GB,ASIX_AX88179_USB3_GbE,143.52,64.55,3.511,313.08
EDGE_uDCN_117,2026-09-20 13:29:50,uDCN,RaspberryPi4B_4GB,ASIX_AX88179_USB3_GbE,40.47,18.66,1.054,880.12
EDGE_uDCN_118,2026-09-20 13:31:03,uDCN,RaspberryPi4B_4GB,ASIX_AX88179_USB3_GbE,41.76,19.3,1.232,870.15
EDGE_uDCN_119,2026-09-20 13:32:09,uDCN,RaspberryPi4B_4GB,ASIX_AX88179_USB3_GbE,43.17,15.48,1.17,852.36
EDGE_uDCN_120,2026-09-20 13:33:29,uDCN,RaspberryPi4B_4GB,ASIX_AX88179_USB3_GbE,39.84,18.26,1.041,852.04
EDGE_NFD_139,2026-09-20 13:34:38,NFD,RaspberryPi4B_4GB,ASIX_AX88179_USB3_GbE,141.4,66.12,4.124,317.36
EDGE_uDCN_121,2026-09-20 13:35:56,uDCN,RaspberryPi4B_4GB,ASIX_AX88179_USB3_GbE,41.64,19.6,1.059,886.76
EDGE_NFD_140,2026-09-20 13:37:36,NFD,RaspberryPi4B_4GB,ASIX_AX88179_USB3_GbE,130.61,58.28,4.134,313.43
EDGE_uDCN_122,2026-09-20 13:38:25,uDCN,RaspberryPi4B_4GB,ASIX_AX88179_USB3_GbE,40.39,16.67,1.353,900.95
EDGE_NFD_141,2026-09-20 13:40:48,NFD,RaspberryPi4B_4GB,ASIX_AX88179_USB3_GbE,147.24,66.1,3.79,321.34
EDGE_uDCN_123,2026-09-20 13:43:22,uDCN,RaspberryPi4B_4GB,ASIX_AX88179_USB3_GbE,43.2,18.56,1.183,839.59
EDGE_uDCN_124,2026-09-20 13:45:44,uDCN,RaspberryPi4B_4GB,ASIX_AX88179_USB3_GbE,42.39,18.18,1.17,921.8
EDGE_NFD_142,2026-09-20 13:45:49,NFD,RaspberryPi4B_4GB,ASIX_AX88179_USB3_GbE,139.9,63.63,3.564,307.82
EDGE_uDCN_125,2026-09-20 13:46:49,uDCN,RaspberryPi4B_4GB,ASIX_AX88179_USB3_GbE,42.51,17.21,1.16,853.12
EDGE_NFD_143,2026-09-20 13:47:55,NFD,RaspberryPi4B_4GB,ASIX_AX88179_USB3_GbE,142.25,71.34,3.617,311.37
EDGE_NFD_144,2026-09-20 13:48:34,NFD,RaspberryPi4B_4GB,ASIX_AX88179_USB3_GbE,135.06,60.82,3.687,311.13
EDGE_NFD_145,2026-09-20 13:49:46,NFD,RaspberryPi4B_4GB,ASIX_AX88179_USB3_GbE,141.18,61.03,3.963,304.06
EDGE_NFD_146,2026-09-20 13:51:38,NFD,RaspberryPi4B_4GB,ASIX_AX88179_USB3_GbE,135.14,63.25,3.925,289.54
EDGE_NFD_147,2026-09-20 13:53:19,NFD,RaspberryPi4B_4GB,ASIX_AX88179_USB3_GbE,141.72,64.94,3.788,311.32
EDGE_NFD_148,2026-09-20 13:53:38,NFD,RaspberryPi4B_4GB,ASIX_AX88179_USB3_GbE,137.93,65.47,3.762,325.13
EDGE_NFD_149,2026-09-20 13:54:05,NFD,RaspberryPi4B_4GB,ASIX_AX88179_USB3_GbE,141.18,66.17,3.524,318.64
EDGE_NFD_150,2026-09-20 13:59:02,NFD,RaspberryPi4B_4GB,ASIX_AX88179_USB3_GbE,130.46,58.97,3.829,323.72
EDGE_CCNlite_001,2026-09-21 13:00:00,CCNlite,RaspberryPi4B_4GB,ASIX_AX88179_USB3_GbE,28.82,46.79,0.718,263.57
EDGE_CCNlite_002,2026-09-21 13:02:43,CCNlite,RaspberryPi4B_4GB,ASIX_AX88179_USB3_GbE,27.98,46.06,0.678,274.38
EDGE_CCNlite_003,2026-09-21 13:05:04,CCNlite,RaspberryPi4B_4GB,ASIX_AX88179_USB3_GbE,26.76,50.17,0.673,294.83
EDGE_CCNlite_004,2026-09-21 13:09:25,CCNlite,RaspberryPi4B_4GB,ASIX_AX88179_USB3_GbE,28.53,47.71,0.659,289.07
EDGE_CCNlite_005,2026-09-21 13:11:29,CCNlite,RaspberryPi4B_4GB,ASIX_AX88179_USB3_GbE,27.86,46.33,0.726,287.93
EDGE_CCNlite_006,2026-09-21 13:12:32,CCNlite,RaspberryPi4B_4GB,ASIX_AX88179_USB3_GbE,27.89,49.13,0.766,280.86
EDGE_CCNlite_007,2026-09-21 13:13:18,CCNlite,RaspberryPi4B_4GB,ASIX_AX88179_USB3_GbE,27.37,42.86,0.716,290.6
EDGE_CCNlite_008,2026-09-21 13:16:52,CCNlite,RaspberryPi4B_4GB,ASIX_AX88179_USB3_GbE,29.49,46.01,0.652,263.74
EDGE_CCNlite_009,2026-09-21 13:18:50,CCNlite,RaspberryPi4B_4GB,ASIX_AX88179_USB3_GbE,26.53,48.95,0.708,265.71
EDGE_CCNlite_010,2026-09-21 13:20:56,CCNlite,RaspberryPi4B_4GB,ASIX_AX88179_USB3_GbE,27.14,40.64,0.717,260.76
EDGE_CCNlite_011,2026-09-21 13:22:49,CCNlite,RaspberryPi4B_4GB,ASIX_AX88179_USB3_GbE,27.48,47.7,0.703,289.13
EDGE_CCNlite_012,2026-09-21 13:24:43,CCNlite,RaspberryPi4B_4GB,ASIX_AX88179_USB3_GbE,27.79,45.05,0.697,305.85
EDGE_CCNlite_013,2026-09-21 13:26:14,CCNlite,RaspberryPi4B_4GB,ASIX_AX88179_USB3_GbE,27.69,45.59,0.675,287.63
EDGE_CCNlite_014,2026-09-21 13:28:53,CCNlite,RaspberryPi4B_4GB,ASIX_AX88179_USB3_GbE,27.58,48.09,0.713,278.46
EDGE_CCNlite_015,2026-09-21 13:31:09,CCNlite,RaspberryPi4B_4GB,ASIX_AX88179_USB3_GbE,27.27,43.53,0.717,269.53
EDGE_CCNlite_016,2026-09-21 13:33:20,CCNlite,RaspberryPi4B_4GB,ASIX_AX88179_USB3_GbE,27.28,51.65,0.714,253.44
EDGE_CCNlite_017,2026-09-21 13:33:59,CCNlite,RaspberryPi4B_4GB,ASIX_AX88179_USB3_GbE,28.55,43.12,0.707,276.17
EDGE_CCNlite_018,2026-09-21 13:37:23,CCNlite,RaspberryPi4B_4GB,ASIX_AX88179_USB3_GbE,28.8,50.88,0.795,268.08
EDGE_CCNlite_019,2026-09-21 13:38:31,CCNlite,RaspberryPi4B_4GB,ASIX_AX88179_USB3_GbE,27.2,45.41,0.811,282.13
EDGE_CCNlite_020,2026-09-22 15:27:58,CCNlite,RaspberryPi4B_4GB,ASIX_AX88179_USB3_GbE,28.11,45.17,0.634,295.04
EDGE_CCNlite_021,2026-09-22 15:32:28,CCNlite,RaspberryPi4B_4GB,ASIX_AX88179_USB3_GbE,28.37,50.02,0.693,291.58
EDGE_CCNlite_022,2026-09-22 15:33:56,CCNlite,RaspberryPi4B_4GB,ASIX_AX88179_USB3_GbE,28.25,49.12,0.664,271.9
EDGE_CCNlite_023,2026-09-22 15:35:26,CCNlite,RaspberryPi4B_4GB,ASIX_AX88179_USB3_GbE,27.51,45.83,0.687,278.59
EDGE_CCNlite_024,2026-09-22 15:38:41,CCNlite,RaspberryPi4B_4GB,ASIX_AX88179_USB3_GbE,26.71,41.84,0.706,269.78
EDGE_CCNlite_025,2026-09-22 15:39:12,CCNlite,RaspberryPi4B_4GB,ASIX_AX88179_USB3_GbE,30.52,45.27,0.664,272.52
EDGE_CCNlite_026,2026-09-22 15:40:52,CCNlite,RaspberryPi4B_4GB,ASIX_AX88179_USB3_GbE,27.19,49.95,0.712,293.43
EDGE_CCNlite_027,2026-09-22 15:42:21,CCNlite,RaspberryPi4B_4GB,ASIX_AX88179_USB3_GbE,27.88,46.27,0.625,276.49
EDGE_CCNlite_028,2026-09-22 15:44:05,CCNlite,RaspberryPi4B_4GB,ASIX_AX88179_USB3_GbE,27.73,47.31,0.689,265.08
EDGE_CCNlite_029,2026-09-22 15:46:44,CCNlite,RaspberryPi4B_4GB,ASIX_AX88179_USB3_GbE,27.42,46.88,0.681,298.86
EDGE_CCNlite_030,2026-09-22 15:47:43,CCNlite,RaspberryPi4B_4GB,ASIX_AX88179_USB3_GbE,28.3,47.67,0.598,262.24
EDGE_CCNlite_031,2026-09-22 15:49:25,CCNlite,RaspberryPi4B_4GB,ASIX_AX88179_USB3_GbE,27.34,47.01,0.598,280.07
EDGE_CCNlite_032,2026-09-22 15:52:43,CCNlite,RaspberryPi4B_4GB,ASIX_AX88179_USB3_GbE,29.25,48.64,0.696,275.68
EDGE_CCNlite_033,2026-09-22 15:54:49,CCNlite,RaspberryPi4B_4GB,ASIX_AX88179_USB3_GbE,28.11,44.26,0.663,301.25
EDGE_CCNlite_034,2026-09-22 15:56:31,CCNlite,RaspberryPi4B_4GB,ASIX_AX88179_USB3_GbE,26.82,47.34,0.66,278.43
EDGE_CCNlite_035,2026-09-22 15:59:31,CCNlite,RaspberryPi4B_4GB,ASIX_AX88179_USB3_GbE,28.41,44.64,0.663,293.92
EDGE_CCNlite_036,2026-09-22 16:01:11,CCNlite,RaspberryPi4B_4GB,ASIX_AX88179_USB3_GbE,28.51,50.45,0.759,297.89
EDGE_CCNlite_037,2026-09-22 16:02:52,CCNlite,RaspberryPi4B_4GB,ASIX_AX88179_USB3_GbE,27.2,46.32,0.689,276.78
EDGE_CCNlite_038,2026-09-22 16:03:41,CCNlite,RaspberryPi4B_4GB,ASIX_AX88179_USB3_GbE,27.46,48.41,0.788,288.49
EDGE_CCNlite_039,2026-09-22 16:05:17,CCNlite,RaspberryPi4B_4GB,ASIX_AX88179_USB3_GbE,28.93,45.23,0.637,273.93
EDGE_CCNlite_040,2026-09-22 16:06:19,CCNlite,RaspberryPi4B_4GB,ASIX_AX88179_USB3_GbE,26.73,45.29,0.663,299.96
EDGE_CCNlite_041,2026-09-22 16:08:02,CCNlite,RaspberryPi4B_4GB,ASIX_AX88179_USB3_GbE,27.63,45.09,0.714,295.23
EDGE_CCNlite_042,2026-09-22 16:10:31,CCNlite,RaspberryPi4B_4GB,ASIX_AX88179_USB3_GbE,27.94,46.31,0.648,283.88
EDGE_CCNlite_043,2026-09-22 16:14:47,CCNlite,RaspberryPi4B_4GB,ASIX_AX88179_USB3_GbE,29.59,47.28,0.623,279.22
EDGE_CCNlite_044,2026-09-22 16:15:08,CCNlite,RaspberryPi4B_4GB,ASIX_AX88179_USB3_GbE,28.54,45.32,0.736,290.49
EDGE_CCNlite_045,2026-09-22 16:15:21,CCNlite,RaspberryPi4B_4GB,ASIX_AX88179_USB3_GbE,28.94,47.62,0.644,270.22
EDGE_CCNlite_046,2026-09-22 16:15:33,CCNlite,RaspberryPi4B_4GB,ASIX_AX88179_USB3_GbE,27.18,47.76,0.712,300.57
EDGE_CCNlite_047,2026-09-22 16:16:16,CCNlite,RaspberryPi4B_4GB,ASIX_AX88179_USB3_GbE,26.83,45.35,0.674,279.48
EDGE_CCNlite_048,2026-09-22 16:18:50,CCNlite,RaspberryPi4B_4GB,ASIX_AX88179_USB3_GbE,28.26,51.95,0.702,279.64
EDGE_CCNlite_049,2026-09-22 16:20:28,CCNlite,RaspberryPi4B_4GB,ASIX_AX88179_USB3_GbE,29.53,47.69,0.678,280.63
EDGE_uDCN_126,2026-09-22 17:04:33,uDCN,RaspberryPi4B_4GB,ASIX_AX88179_USB3_GbE,43.75,18.29,1.171,887.88
EDGE_uDCN_127,2026-09-22 17:05:51,uDCN,RaspberryPi4B_4GB,ASIX_AX88179_USB3_GbE,41.7,18.18,1.246,841.73
EDGE_uDCN_128,2026-09-22 17:06:40,uDCN,RaspberryPi4B_4GB,ASIX_AX88179_USB3_GbE,42.6,18.09,1.122,890.65
EDGE_uDCN_129,2026-09-22 17:11:15,uDCN,RaspberryPi4B_4GB,ASIX_AX88179_USB3_GbE,41.36,19.06,1.583,892.63
EDGE_uDCN_130,2026-09-22 17:14:45,uDCN,RaspberryPi4B_4GB,ASIX_AX88179_USB3_GbE,38.41,18.89,1.262,894.31
EDGE_uDCN_131,2026-09-22 17:16:25,uDCN,RaspberryPi4B_4GB,ASIX_AX88179_USB3_GbE,41.47,17.67,1.212,879.32
EDGE_uDCN_132,2026-09-22 17:20:22,uDCN,RaspberryPi4B_4GB,ASIX_AX88179_USB3_GbE,42.76,18.43,1.154,910.24
EDGE_uDCN_133,2026-09-22 17:22:19,uDCN,RaspberryPi4B_4GB,ASIX_AX88179_USB3_GbE,40.8,20.31,1.077,877.38
EDGE_uDCN_134,2026-09-22 17:23:35,uDCN,RaspberryPi4B_4GB,ASIX_AX88179_USB3_GbE,41.71,19.49,1.217,867.64
EDGE_uDCN_135,2026-09-22 17:28:09,uDCN,RaspberryPi4B_4GB,ASIX_AX88179_USB3_GbE,42.58,17.73,1.162,858.84
EDGE_uDCN_136,2026-09-22 17:30:54,uDCN,RaspberryPi4B_4GB,ASIX_AX88179_USB3_GbE,40.37,17.29,1.229,930.61
EDGE_uDCN_137,2026-09-22 17:34:29,uDCN,RaspberryPi4B_4GB,ASIX_AX88179_USB3_GbE,43.5,16.96,1.192,857.94
EDGE_uDCN_138,2026-09-22 17:39:14,uDCN,RaspberryPi4B_4GB,ASIX_AX88179_USB3_GbE,42.27,17.38,1.332,869.43
EDGE_uDCN_139,2026-09-22 17:40:40,uDCN,RaspberryPi4B_4GB,ASIX_AX88179_USB3_GbE,40.7,16.94,1.413,831.9
EDGE_uDCN_140,2026-09-22 17:44:37,uDCN,RaspberryPi4B_4GB,ASIX_AX88179_USB3_GbE,46.22,18.99,1.213,952.63
EDGE_uDCN_141,2026-09-22 17:46:33,uDCN,RaspberryPi4B_4GB,ASIX_AX88179_USB3_GbE,41.62,19.01,1.175,846.72
EDGE_uDCN_142,2026-09-22 17:49:25,uDCN,RaspberryPi4B_4GB,ASIX_AX88179_USB3_GbE,41.27,17.2,1.233,808.12
EDGE_uDCN_143,2026-09-22 17:51:35,uDCN,RaspberryPi4B_4GB,ASIX_AX88179_USB3_GbE,42.07,18.59,1.166,846.72
EDGE_uDCN_144,2026-09-22 17:58:12,uDCN,RaspberryPi4B_4GB,ASIX_AX88179_USB3_GbE,42.1,17.49,1.131,847.88
EDGE_uDCN_145,2026-09-22 17:59:45,uDCN,RaspberryPi4B_4GB,ASIX_AX88179_USB3_GbE,44.21,16.85,1.226,868.54
EDGE_uDCN_146,2026-09-22 18:03:31,uDCN,RaspberryPi4B_4GB,ASIX_AX88179_USB3_GbE,41.59,19.27,1.192,893.03
EDGE_uDCN_147,2026-09-22 18:06:26,uDCN,RaspberryPi4B_4GB,ASIX_AX88179_USB3_GbE,41.56,18.6,1.052,890.44
EDGE_uDCN_148,2026-09-22 18:10:35,uDCN,RaspberryPi4B_4GB,ASIX_AX88179_USB3_GbE,41.03,17.19,1.084,849.04
EDGE_uDCN_149,2026-09-22 18:11:26,uDCN,RaspberryPi4B_4GB,ASIX_AX88179_USB3_GbE,42.11,19.34,1.146,847.6
EDGE_CCNlite_050,2026-09-23 06:55:14,CCNlite,RaspberryPi4B_4GB,ASIX_AX88179_USB3_GbE,29.47,41.36,0.77,266.74
EDGE_CCNlite_051,2026-09-23 06:57:24,CCNlite,RaspberryPi4B_4GB,ASIX_AX88179_USB3_GbE,27.54,48.87,0.668,301.02
EDGE_CCNlite_052,2026-09-23 07:00:12,CCNlite,RaspberryPi4B_4GB,ASIX_AX88179_USB3_GbE,29.95,49.97,0.789,282.6
EDGE_CCNlite_053,2026-09-23 07:00:33,CCNlite,RaspberryPi4B_4GB,ASIX_AX88179_USB3_GbE,29.51,44.98,0.805,301.64
EDGE_CCNlite_054,2026-09-23 07:06:15,CCNlite,RaspberryPi4B_4GB,ASIX_AX88179_USB3_GbE,29.49,49.44,0.66,275.43
EDGE_CCNlite_055,2026-09-23 07:08:31,CCNlite,RaspberryPi4B_4GB,ASIX_AX88179_USB3_GbE,29.84,46.31,0.65,275.83
EDGE_CCNlite_056,2026-09-23 07:10:37,CCNlite,RaspberryPi4B_4GB,ASIX_AX88179_USB3_GbE,27.9,49.68,0.73,285.07
EDGE_CCNlite_057,2026-09-23 07:14:14,CCNlite,RaspberryPi4B_4GB,ASIX_AX88179_USB3_GbE,29.12,46.06,0.655,273.77
EDGE_CCNlite_058,2026-09-23 07:15:24,CCNlite,RaspberryPi4B_4GB,ASIX_AX88179_USB3_GbE,29.59,45.24,0.714,282.96
EDGE_CCNlite_059,2026-09-23 07:16:07,CCNlite,RaspberryPi4B_4GB,ASIX_AX88179_USB3_GbE,30.46,45.22,0.693,287.56
EDGE_CCNlite_060,2026-09-23 07:17:58,CCNlite,RaspberryPi4B_4GB,ASIX_AX88179_USB3_GbE,28.1,47.0,0.638,282.23
EDGE_CCNlite_061,2026-09-23 07:22:20,CCNlite,RaspberryPi4B_4GB,ASIX_AX88179_USB3_GbE,25.77,47.57,0.688,282.03
EDGE_CCNlite_062,2026-09-23 07:24:14,CCNlite,RaspberryPi4B_4GB,ASIX_AX88179_USB3_GbE,30.08,45.09,0.686,300.27
EDGE_CCNlite_063,2026-09-23 07:27:56,CCNlite,RaspberryPi4B_4GB,ASIX_AX88179_USB3_GbE,26.95,48.86,0.632,276.12
EDGE_CCNlite_064,2026-09-23 07:29:29,CCNlite,RaspberryPi4B_4GB,ASIX_AX88179_USB3_GbE,26.86,46.59,0.679,265.05
EDGE_CCNlite_065,2026-09-23 07:31:25,CCNlite,RaspberryPi4B_4GB,ASIX_AX88179_USB3_GbE,28.69,43.28,0.702,275.88
EDGE_CCNlite_066,2026-09-23 07:32:21,CCNlite,RaspberryPi4B_4GB,ASIX_AX88179_USB3_GbE,28.03,47.73,0.767,257.22
EDGE_CCNlite_067,2026-09-23 07:33:43,CCNlite,RaspberryPi4B_4GB,ASIX_AX88179_USB3_GbE,28.1,47.96,0.749,269.12
EDGE_CCNlite_068,2026-09-23 07:36:25,CCNlite,RaspberryPi4B_4GB,ASIX_AX88179_USB3_GbE,28.54,49.69,0.715,288.42
EDGE_CCNlite_069,2026-09-23 07:40:11,CCNlite,RaspberryPi4B_4GB,ASIX_AX88179_USB3_GbE,27.85,44.11,0.714,259.99
EDGE_CCNlite_070,2026-09-23 07:43:52,CCNlite,RaspberryPi4B_4GB,ASIX_AX88179_USB3_GbE,26.48,50.16,0.703,287.93
EDGE_CCNlite_071,2026-09-23 07:44:15,CCNlite,RaspberryPi4B_4GB,ASIX_AX88179_USB3_GbE,29.76,48.22,0.685,255.32
EDGE_CCNlite_072,2026-09-23 07:45:19,CCNlite,RaspberryPi4B_4GB,ASIX_AX88179_USB3_GbE,28.91,48.65,0.653,272.07
EDGE_CCNlite_073,2026-09-23 07:50:02,CCNlite,RaspberryPi4B_4GB,ASIX_AX88179_USB3_GbE,30.03,42.17,0.703,263.93
EDGE_CCNlite_074,2026-09-23 07:50:49,CCNlite,RaspberryPi4B_4GB,ASIX_AX88179_USB3_GbE,27.19,43.02,0.74,285.29
EDGE_CCNlite_075,2026-09-23 07:52:05,CCNlite,RaspberryPi4B_4GB,ASIX_AX88179_USB3_GbE,27.94,48.59,0.747,283.21
EDGE_CCNlite_076,2026-09-23 07:53:50,CCNlite,RaspberryPi4B_4GB,ASIX_AX88179_USB3_GbE,27.37,47.49,0.863,273.12
EDGE_CCNlite_077,2026-09-23 07:54:57,CCNlite,RaspberryPi4B_4GB,ASIX_AX88179_USB3_GbE,27.55,43.13,0.679,286.44
EDGE_uDCN_150,2026-09-23 20:07:10,uDCN,RaspberryPi4B_4GB,ASIX_AX88179_USB3_GbE,42.31,17.56,1.11,847.47
EDGE_CCNlite_078,2026-09-24 13:13:44,CCNlite,RaspberryPi4B_4GB,ASIX_AX88179_USB3_GbE,27.72,43.92,0.715,279.77
EDGE_CCNlite_079,2026-09-24 13:15:42,CCNlite,RaspberryPi4B_4GB,ASIX_AX88179_USB3_GbE,28.07,48.64,0.684,264.41
EDGE_CCNlite_080,2026-09-24 13:16:45,CCNlite,RaspberryPi4B_4GB,ASIX_AX88179_USB3_GbE,27.78,47.77,0.803,286.55
EDGE_CCNlite_081,2026-09-24 13:19:16,CCNlite,RaspberryPi4B_4GB,ASIX_AX88179_USB3_GbE,29.81,48.04,0.728,260.42
EDGE_CCNlite_082,2026-09-24 13:24:40,CCNlite,RaspberryPi4B_4GB,ASIX_AX88179_USB3_GbE,29.42,48.51,0.736,293.08
EDGE_CCNlite_083,2026-09-24 13:25:31,CCNlite,RaspberryPi4B_4GB,ASIX_AX88179_USB3_GbE,29.55,46.61,0.736,271.57
EDGE_CCNlite_084,2026-09-24 13:26:12,CCNlite,RaspberryPi4B_4GB,ASIX_AX88179_USB3_GbE,28.16,47.05,0.692,268.22
EDGE_CCNlite_085,2026-09-24 13:29:00,CCNlite,RaspberryPi4B_4GB,ASIX_AX88179_USB3_GbE,29.02,48.04,0.672,286.2
EDGE_CCNlite_086,2026-09-24 13:29:57,CCNlite,RaspberryPi4B_4GB,ASIX_AX88179_USB3_GbE,29.03,45.02,0.684,274.54
EDGE_CCNlite_087,2026-09-24 13:35:02,CCNlite,RaspberryPi4B_4GB,ASIX_AX88179_USB3_GbE,27.61,45.76,0.649,290.23
EDGE_CCNlite_088,2026-09-24 13:37:45,CCNlite,RaspberryPi4B_4GB,ASIX_AX88179_USB3_GbE,26.97,44.25,0.898,273.9
EDGE_CCNlite_089,2026-09-24 13:39:45,CCNlite,RaspberryPi4B_4GB,ASIX_AX88179_USB3_GbE,27.39,44.43,0.643,287.05
EDGE_CCNlite_090,2026-09-24 13:40:27,CCNlite,RaspberryPi4B_4GB,ASIX_AX88179_USB3_GbE,27.45,43.73,0.729,258.04
EDGE_CCNlite_091,2026-09-24 13:43:32,CCNlite,RaspberryPi4B_4GB,ASIX_AX88179_USB3_GbE,27.07,41.45,0.862,277.54
EDGE_CCNlite_092,2026-09-24 13:47:19,CCNlite,RaspberryPi4B_4GB,ASIX_AX88179_USB3_GbE,28.52,48.66,0.594,281.58
EDGE_CCNlite_093,2026-09-24 13:49:05,CCNlite,RaspberryPi4B_4GB,ASIX_AX88179_USB3_GbE,29.14,45.39,0.792,279.31
EDGE_CCNlite_094,2026-09-24 13:50:21,CCNlite,RaspberryPi4B_4GB,ASIX_AX88179_USB3_GbE,27.5,46.54,0.68,277.41
EDGE_CCNlite_095,2026-09-24 13:54:50,CCNlite,RaspberryPi4B_4GB,ASIX_AX88179_USB3_GbE,28.3,46.13,0.655,277.12
EDGE_CCNlite_096,2026-09-24 13:59:25,CCNlite,RaspberryPi4B_4GB,ASIX_AX88179_USB3_GbE,28.02,45.16,0.826,277.18
EDGE_CCNlite_097,2026-09-24 14:01:29,CCNlite,RaspberryPi4B_4GB,ASIX_AX88179_USB3_GbE,28.4,47.64,0.766,290.97
EDGE_CCNlite_098,2026-09-24 14:02:47,CCNlite,RaspberryPi4B_4GB,ASIX_AX88179_USB3_GbE,27.81,47.41,0.731,278.94
EDGE_CCNlite_099,2026-09-24 14:04:33,CCNlite,RaspberryPi4B_4GB,ASIX_AX88179_USB3_GbE,28.9,49.0,0.763,283.28
EDGE_CCNlite_100,2026-09-24 14:07:37,CCNlite,RaspberryPi4B_4GB,ASIX_AX88179_USB3_GbE,29.64,49.02,0.642,280.66
EDGE_CCNlite_101,2026-09-24 14:09:18,CCNlite,RaspberryPi4B_4GB,ASIX_AX88179_USB3_GbE,28.07,45.57,0.753,295.2
EDGE_CCNlite_102,2026-09-24 14:10:53,CCNlite,RaspberryPi4B_4GB,ASIX_AX88179_USB3_GbE,28.41,50.36,0.695,285.2
EDGE_CCNlite_103,2026-09-25 07:06:26,CCNlite,RaspberryPi4B_4GB,ASIX_AX88179_USB3_GbE,28.88,49.24,0.679,273.23
EDGE_CCNlite_104,2026-09-25 07:07:30,CCNlite,RaspberryPi4B_4GB,ASIX_AX88179_USB3_GbE,27.69,50.07,0.821,288.7
EDGE_CCNlite_105,2026-09-25 07:12:01,CCNlite,RaspberryPi4B_4GB,ASIX_AX88179_USB3_GbE,27.07,46.89,0.629,271.03
EDGE_CCNlite_106,2026-09-25 07:12:31,CCNlite,RaspberryPi4B_4GB,ASIX_AX88179_USB3_GbE,27.43,48.29,0.732,266.37
EDGE_CCNlite_107,2026-09-25 07:13:45,CCNlite,RaspberryPi4B_4GB,ASIX_AX88179_USB3_GbE,28.5,42.94,0.738,277.03
EDGE_CCNlite_108,2026-09-25 07:16:34,CCNlite,RaspberryPi4B_4GB,ASIX_AX88179_USB3_GbE,28.5,46.57,0.674,289.09
EDGE_CCNlite_109,2026-09-25 07:19:54,CCNlite,RaspberryPi4B_4GB,ASIX_AX88179_USB3_GbE,25.35,42.04,0.701,295.85
EDGE_CCNlite_110,2026-09-25 07:22:21,CCNlite,RaspberryPi4B_4GB,ASIX_AX88179_USB3_GbE,27.3,46.42,0.702,275.25
EDGE_CCNlite_111,2026-09-25 07:22:36,CCNlite,RaspberryPi4B_4GB,ASIX_AX88179_USB3_GbE,27.08,44.86,0.723,264.54
EDGE_CCNlite_112,2026-09-25 07:25:35,CCNlite,RaspberryPi4B_4GB,ASIX_AX88179_USB3_GbE,26.98,44.47,0.77,294.26
EDGE_CCNlite_113,2026-09-25 07:27:56,CCNlite,RaspberryPi4B_4GB,ASIX_AX88179_USB3_GbE,29.19,46.41,0.789,287.0
EDGE_CCNlite_114,2026-09-25 07:31:38,CCNlite,RaspberryPi4B_4GB,ASIX_AX88179_USB3_GbE,29.53,45.54,0.63,263.87
EDGE_CCNlite_115,2026-09-25 07:33:17,CCNlite,RaspberryPi4B_4GB,ASIX_AX88179_USB3_GbE,27.12,46.6,0.63,267.23
EDGE_CCNlite_116,2026-09-25 07:33:47,CCNlite,RaspberryPi4B_4GB,ASIX_AX88179_USB3_GbE,28.47,49.72,0.667,257.41
EDGE_CCNlite_117,2026-09-25 07:35:10,CCNlite,RaspberryPi4B_4GB,ASIX_AX88179_USB3_GbE,28.5,46.2,0.819,264.36
EDGE_CCNlite_118,2026-09-25 07:37:07,CCNlite,RaspberryPi4B_4GB,ASIX_AX88179_USB3_GbE,27.13,45.66,0.731,276.88
EDGE_CCNlite_119,2026-09-25 07:38:36,CCNlite,RaspberryPi4B_4GB,ASIX_AX88179_USB3_GbE,27.62,48.17,0.757,283.91
EDGE_CCNlite_120,2026-09-25 07:41:58,CCNlite,RaspberryPi4B_4GB,ASIX_AX88179_USB3_GbE,28.1,47.06,0.735,275.56
EDGE_CCNlite_121,2026-09-25 07:45:38,CCNlite,RaspberryPi4B_4GB,ASIX_AX88179_USB3_GbE,28.97,42.12,0.642,284.29
EDGE_CCNlite_122,2026-09-25 07:47:44,CCNlite,RaspberryPi4B_4GB,ASIX_AX88179_USB3_GbE,28.94,49.33,0.672,296.71
EDGE_CCNlite_123,2026-09-25 07:48:41,CCNlite,RaspberryPi4B_4GB,ASIX_AX88179_USB3_GbE,27.94,44.54,0.679,287.85
EDGE_CCNlite_124,2026-09-25 07:49:56,CCNlite,RaspberryPi4B_4GB,ASIX_AX88179_USB3_GbE,28.62,50.92,0.658,280.88
EDGE_CCNlite_125,2026-09-25 07:50:48,CCNlite,RaspberryPi4B_4GB,ASIX_AX88179_USB3_GbE,29.84,47.63,0.773,314.55
EDGE_CCNlite_126,2026-09-25 07:52:16,CCNlite,RaspberryPi4B_4GB,ASIX_AX88179_USB3_GbE,28.27,47.23,0.746,289.61
EDGE_CCNlite_127,2026-09-25 07:53:25,CCNlite,RaspberryPi4B_4GB,ASIX_AX88179_USB3_GbE,26.9,49.05,0.626,276.2
EDGE_CCNlite_128,2026-09-25 07:55:08,CCNlite,RaspberryPi4B_4GB,ASIX_AX88179_USB3_GbE,27.6,44.68,0.643,270.66
EDGE_CCNlite_129,2026-09-25 07:56:08,CCNlite,RaspberryPi4B_4GB,ASIX_AX88179_USB3_GbE,27.94,45.17,0.776,293.86
EDGE_CCNlite_130,2026-09-25 07:57:58,CCNlite,RaspberryPi4B_4GB,ASIX_AX88179_USB3_GbE,28.48,46.37,0.682,262.71
EDGE_CCNlite_131,2026-09-26 19:18:20,CCNlite,RaspberryPi4B_4GB,ASIX_AX88179_USB3_GbE,27.16,48.41,0.702,292.86
EDGE_CCNlite_132,2026-09-26 19:19:23,CCNlite,RaspberryPi4B_4GB,ASIX_AX88179_USB3_GbE,27.88,50.98,0.879,290.92
EDGE_CCNlite_133,2026-09-26 19:20:30,CCNlite,RaspberryPi4B_4GB,ASIX_AX88179_USB3_GbE,26.24,47.16,0.696,291.52
EDGE_CCNlite_134,2026-09-26 19:20:53,CCNlite,RaspberryPi4B_4GB,ASIX_AX88179_USB3_GbE,26.76,49.12,0.735,279.73
EDGE_CCNlite_135,2026-09-26 19:25:05,CCNlite,RaspberryPi4B_4GB,ASIX_AX88179_USB3_GbE,27.46,47.7,0.634,274.32
EDGE_CCNlite_136,2026-09-26 19:27:25,CCNlite,RaspberryPi4B_4GB,ASIX_AX88179_USB3_GbE,28.21,45.63,0.68,275.6
EDGE_CCNlite_137,2026-09-26 19:29:23,CCNlite,RaspberryPi4B_4GB,ASIX_AX88179_USB3_GbE,28.59,46.72,0.688,271.01
EDGE_CCNlite_138,2026-09-26 19:32:44,CCNlite,RaspberryPi4B_4GB,ASIX_AX88179_USB3_GbE,28.99,47.82,0.626,286.26
EDGE_CCNlite_139,2026-09-26 19:34:00,CCNlite,RaspberryPi4B_4GB,ASIX_AX88179_USB3_GbE,27.51,51.36,0.596,293.46
EDGE_CCNlite_140,2026-09-26 19:35:39,CCNlite,RaspberryPi4B_4GB,ASIX_AX88179_USB3_GbE,31.23,45.81,0.697,295.19
EDGE_CCNlite_141,2026-09-26 19:40:17,CCNlite,RaspberryPi4B_4GB,ASIX_AX88179_USB3_GbE,28.04,48.63,0.659,272.34
EDGE_CCNlite_142,2026-09-26 19:41:09,CCNlite,RaspberryPi4B_4GB,ASIX_AX88179_USB3_GbE,27.35,44.17,0.774,293.88
EDGE_CCNlite_143,2026-09-26 19:41:43,CCNlite,RaspberryPi4B_4GB,ASIX_AX88179_USB3_GbE,27.01,44.1,0.694,291.44
EDGE_CCNlite_144,2026-09-26 19:44:29,CCNlite,RaspberryPi4B_4GB,ASIX_AX88179_USB3_GbE,29.48,52.5,0.689,275.06
EDGE_CCNlite_145,2026-09-26 19:45:39,CCNlite,RaspberryPi4B_4GB,ASIX_AX88179_USB3_GbE,27.35,48.88,0.632,285.24
EDGE_CCNlite_146,2026-09-26 19:48:42,CCNlite,RaspberryPi4B_4GB,ASIX_AX88179_USB3_GbE,26.96,42.34,0.654,276.89
EDGE_CCNlite_147,2026-09-26 19:52:36,CCNlite,RaspberryPi4B_4GB,ASIX_AX88179_USB3_GbE,28.28,44.24,0.646,259.85
EDGE_CCNlite_148,2026-09-26 19:54:34,CCNlite,RaspberryPi4B_4GB,ASIX_AX88179_USB3_GbE,26.73,44.69,0.849,282.56
EDGE_CCNlite_149,2026-09-26 19:57:06,CCNlite,RaspberryPi4B_4GB,ASIX_AX88179_USB3_GbE,28.52,42.99,0.702,273.85
EDGE_CCNlite_150,2026-09-26 20:00:26,CCNlite,RaspberryPi4B_4GB,ASIX_AX88179_USB3_GbE,27.79,44.01,0.666,284.47
