run_id,session_id,timestamp,importance_avg_object_size,importance_packet_loss_rate,importance_retransmission_count,importance_throughput,importance_latency,importance_jitter,importance_cache_hit_ratio,importance_bandwidth_utilization
FI_001,0,2026-07-20 09:00:00,0.30848,0.18458,0.16684,0.11769,0.07993,0.05429,0.05414,0.03405
FI_002,0,2026-07-20 09:02:00,0.31172,0.23057,0.15219,0.10913,0.07501,0.04739,0.04102,0.03298
FI_003,0,2026-07-20 09:05:44,0.33256,0.15569,0.15491,0.13789,0.0907,0.05734,0.04293,0.02799
FI_004,0,2026-07-20 09:09:01,0.27625,0.18424,0.20864,0.13202,0.08135,0.04857,0.0406,0.02833
FI_005,0,2026-07-20 09:11:53,0.30701,0.21651,0.14789,0.10305,0.08186,0.0676,0.04081,0.03528
FI_006,0,2026-07-20 09:12:10,0.35604,0.18863,0.14707,0.10231,0.08984,0.05982,0.02931,0.02697
FI_007,0,2026-07-20 09:14:02,0.31027,0.1848,0.16707,0.13787,0.07206,0.05822,0.04055,0.02916
FI_008,0,2026-07-20 09:15:55,0.31776,0.19447,0.16198,0.11198,0.08762,0.0585,0.0338,0.03389
FI_009,0,2026-07-20 09:16:49,0.33469,0.20838,0.14631,0.12257,0.06199,0.05841,0.03978,0.02788
FI_010,0,2026-07-20 09:18:10,0.30526,0.18776,0.16901,0.10857,0.07383,0.07235,0.04639,0.03683
FI_011,0,2026-07-20 09:19:22,0.27062,0.25121,0.16628,0.09513,0.07254,0.07418,0.03959,0.03045
FI_012,0,2026-07-20 09:21:30,0.35244,0.19796,0.14022,0.10769,0.07833,0.0531,0.04455,0.02571
FI_013,0,2026-07-20 09:24:12,0.28748,0.19054,0.18193,0.11944,0.0895,0.04673,0.05194,0.03243
FI_014,0,2026-07-20 09:26:18,0.27319,0.23713,0.16367,0.13088,0.07044,0.05586,0.0459,0.02292
FI_015,0,2026-07-20 09:28:13,0.28639,0.25467,0.1564,0.09411,0.0796,0.05724,0.03889,0.0327
FI_016,0,2026-07-20 09:31:54,0.31663,0.19932,0.16499,0.12327,0.08176,0.05624,0.03674,0.02105
FI_017,0,2026-07-20 09:33:50,0.34525,0.1947,0.13002,0.10984,0.07462,0.06751,0.04714,0.03092
FI_018,0,2026-07-20 09:35:41,0.30117,0.17679,0.19052,0.11645,0.08583,0.0552,0.04463,0.02941
FI_019,1,2026-07-21 05:31:34,0.32507,0.19935,0.15458,0.10156,0.08956,0.05414,0.04168,0.03406
FI_020,1,2026-07-21 05:33:46,0.3087,0.24854,0.16416,0.08632,0.06803,0.0532,0.03825,0.03279
FI_021,1,2026-07-21 05:36:46,0.32646,0.21166,0.14132,0.10498,0.0883,0.06073,0.03727,0.02927
FI_022,1,2026-07-21 05:37:21,0.34898,0.17162,0.1464,0.10712,0.0797,0.06234,0.04328,0.04056
FI_023,1,2026-07-21 05:38:22,0.28363,0.21866,0.17123,0.11405,0.08197,0.06735,0.03696,0.02616
FI_024,1,2026-07-21 05:40:11,0.33933,0.15688,0.20633,0.10351,0.06042,0.06258,0.04144,0.02951
FI_025,1,2026-07-21 05:41:41,0.26879,0.24105,0.17293,0.08635,0.09095,0.06938,0.04452,0.02602
FI_026,1,2026-07-21 05:42:44,0.27469,0.24989,0.17941,0.09515,0.08055,0.05522,0.03105,0.03404
FI_027,1,2026-07-21 05:44:32,0.26022,0.22365,0.15815,0.12186,0.08776,0.07072,0.03787,0.03977
FI_028,1,2026-07-21 05:45:30,0.33565,0.22872,0.13513,0.10333,0.06641,0.0529,0.04205,0.0358
FI_029,1,2026-07-21 05:47:32,0.30381,0.19335,0.15903,0.1124,0.08613,0.06382,0.04608,0.03537
FI_030,1,2026-07-21 05:48:12,0.33782,0.20144,0.14576,0.10949,0.064,0.0617,0.04699,0.0328
FI_031,1,2026-07-21 05:49:07,0.3996,0.20244,0.12301,0.08367,0.07752,0.05393,0.03628,0.02356
FI_032,1,2026-07-21 05:51:30,0.30304,0.22415,0.1656,0.1019,0.08391,0.05916,0.03796,0.02428
FI_033,1,2026-07-21 05:55:11,0.31661,0.19236,0.16886,0.09997,0.08825,0.06244,0.03553,0.03598
FI_034,1,2026-07-21 05:57:10,0.27015,0.2377,0.17037,0.10339,0.09091,0.05602,0.04032,0.03114
FI_035,1,2026-07-21 05:58:42,0.32273,0.20822,0.16237,0.11105,0.07834,0.05882,0.03325,0.02522
FI_036,1,2026-07-21 06:03:29,0.32473,0.14741,0.17335,0.1226,0.09428,0.06383,0.03394,0.03987
FI_037,1,2026-07-21 06:06:56,0.31605,0.21242,0.14069,0.13768,0.08435,0.04445,0.03799,0.02636
FI_038,1,2026-07-21 06:10:02,0.31268,0.21421,0.17479,0.08811,0.08186,0.06344,0.03711,0.0278
FI_039,1,2026-07-21 06:14:06,0.34766,0.14598,0.17041,0.09121,0.07614,0.07978,0.05352,0.03529
FI_040,1,2026-07-21 06:15:59,0.29883,0.20356,0.19051,0.11848,0.07846,0.04779,0.03551,0.02686
FI_041,1,2026-07-21 06:18:17,0.28686,0.22334,0.17734,0.09663,0.07137,0.07553,0.03456,0.03437
FI_042,1,2026-07-21 06:20:43,0.28172,0.19883,0.20423,0.10533,0.07709,0.06671,0.03341,0.03267
FI_043,1,2026-07-21 06:21:36,0.31346,0.19533,0.15915,0.11171,0.08622,0.06767,0.03667,0.02978
FI_044,1,2026-07-21 06:26:48,0.31461,0.17354,0.18847,0.1097,0.08887,0.05759,0.04273,0.02449
FI_045,1,2026-07-21 06:29:13,0.28923,0.22051,0.14374,0.10803,0.09541,0.06401,0.04525,0.03383
FI_046,2,2026-07-22 09:19:39,0.28677,0.19551,0.19296,0.0995,0.09356,0.05356,0.04533,0.0328
FI_047,2,2026-07-22 09:19:58,0.29495,0.21174,0.16475,0.13389,0.06959,0.05073,0.03411,0.04025
FI_048,2,2026-07-22 09:20:52,0.33546,0.18815,0.16872,0.11309,0.08563,0.05019,0.03543,0.02333
FI_049,2,2026-07-22 09:23:03,0.30658,0.25499,0.11883,0.09073,0.08792,0.06171,0.04554,0.0337
FI_050,2,2026-07-22 09:27:29,0.28347,0.18669,0.19668,0.10013,0.12336,0.04457,0.03597,0.02914
FI_051,2,2026-07-22 09:30:14,0.28741,0.22331,0.15456,0.12955,0.08606,0.05463,0.03343,0.03106
FI_052,2,2026-07-22 09:33:31,0.36413,0.21899,0.15006,0.10804,0.05601,0.0502,0.02775,0.02481
FI_053,2,2026-07-22 09:35:46,0.29337,0.22512,0.13625,0.09923,0.1108,0.05804,0.04452,0.03267
FI_054,2,2026-07-22 09:37:53,0.28589,0.24394,0.14796,0.12046,0.07051,0.05175,0.03975,0.03975
FI_055,2,2026-07-22 09:39:41,0.30228,0.17089,0.19799,0.12714,0.08291,0.0567,0.03079,0.0313
FI_056,2,2026-07-22 09:42:54,0.2731,0.20395,0.21037,0.10735,0.07903,0.06141,0.04055,0.02425
FI_057,2,2026-07-22 09:44:16,0.26968,0.26324,0.16338,0.10741,0.07377,0.04929,0.04419,0.02905
FI_058,2,2026-07-22 09:45:40,0.30602,0.2211,0.13955,0.09726,0.09814,0.0641,0.04882,0.02502
FI_059,2,2026-07-22 09:49:02,0.28263,0.20602,0.17078,0.12909,0.08781,0.06138,0.03439,0.0279
FI_060,2,2026-07-22 09:50:54,0.2356,0.25409,0.13154,0.15282,0.08887,0.05921,0.04548,0.03239
FI_061,2,2026-07-22 09:53:31,0.31897,0.20488,0.1524,0.11142,0.07541,0.06995,0.04108,0.02589
FI_062,2,2026-07-22 09:54:36,0.35275,0.18396,0.14864,0.10436,0.07987,0.05508,0.04551,0.02983
FI_063,2,2026-07-22 09:55:56,0.27313,0.21038,0.18264,0.11976,0.08045,0.05604,0.03941,0.0382
FI_064,2,2026-07-22 09:56:26,0.37021,0.22162,0.11718,0.10482,0.07891,0.04659,0.02802,0.03263
FI_065,2,2026-07-22 09:56:59,0.32164,0.204,0.15273,0.11433,0.08078,0.04822,0.05019,0.0281
FI_066,2,2026-07-22 10:03:11,0.30318,0.25211,0.15976,0.09118,0.05845,0.07318,0.04153,0.02061
FI_067,2,2026-07-22 10:05:18,0.26433,0.22903,0.18304,0.10457,0.08901,0.05939,0.04071,0.02993
FI_068,2,2026-07-22 10:06:58,0.40767,0.19497,0.12213,0.08909,0.07529,0.04766,0.03694,0.02625
FI_069,2,2026-07-22 10:07:13,0.39489,0.18292,0.13942,0.09392,0.06767,0.05699,0.03791,0.02627
FI_070,2,2026-07-22 10:11:10,0.33693,0.25909,0.10512,0.09736,0.07913,0.05682,0.03909,0.02645
FI_071,2,2026-07-22 10:14:51,0.33401,0.25072,0.15199,0.08539,0.07621,0.043,0.03658,0.02209
FI_072,2,2026-07-22 10:15:52,0.29291,0.18614,0.1564,0.152,0.08198,0.06083,0.03188,0.03787
FI_073,2,2026-07-22 10:20:05,0.28127,0.2074,0.14842,0.1073,0.11691,0.07353,0.0374,0.02777
FI_074,2,2026-07-22 10:21:57,0.33762,0.19431,0.14971,0.10677,0.07251,0.07001,0.03775,0.03134
FI_075,2,2026-07-22 10:23:16,0.28394,0.22984,0.18318,0.10224,0.07313,0.05349,0.03835,0.03583
FI_076,2,2026-07-22 10:25:53,0.27403,0.21859,0.16489,0.13444,0.08775,0.05164,0.03829,0.03037
FI_077,2,2026-07-22 10:27:49,0.30182,0.23083,0.13215,0.12434,0.07877,0.07085,0.03664,0.0246
FI_078,2,2026-07-22 10:33:04,0.33007,0.19543,0.17467,0.08909,0.09039,0.06868,0.02837,0.02329
FI_079,2,2026-07-22 10:34:25,0.31394,0.19293,0.18338,0.10086,0.07696,0.06044,0.03784,0.03364
FI_080,2,2026-07-22 10:35:45,0.35015,0.2426,0.14401,0.0872,0.06366,0.05304,0.03202,0.02731
FI_081,3,2026-07-24 13:47:48,0.31147,0.20721,0.13306,0.10276,0.10144,0.06507,0.04265,0.03635
FI_082,3,2026-07-24 13:51:02,0.29377,0.20862,0.16227,0.11227,0.08104,0.07234,0.04473,0.02495
FI_083,3,2026-07-24 13:52:33,0.27191,0.18508,0.17129,0.13946,0.08622,0.07161,0.04715,0.02726
FI_084,3,2026-07-24 13:53:54,0.26397,0.22323,0.15694,0.13835,0.09009,0.06383,0.03454,0.02905
FI_085,3,2026-07-24 13:56:32,0.32554,0.23287,0.14485,0.09075,0.08646,0.05419,0.03613,0.02921
FI_086,3,2026-07-24 14:00:23,0.27064,0.21762,0.19657,0.0832,0.09394,0.06493,0.04429,0.02881
FI_087,3,2026-07-24 14:01:45,0.31901,0.27877,0.1325,0.08289,0.06536,0.05353,0.04548,0.02246
FI_088,3,2026-07-24 14:02:18,0.30654,0.24526,0.16047,0.08754,0.06967,0.05771,0.03916,0.03364
FI_089,3,2026-07-24 14:04:08,0.26788,0.22721,0.15757,0.11301,0.08478,0.07731,0.04805,0.0242
FI_090,3,2026-07-24 14:06:38,0.32751,0.22376,0.12802,0.11472,0.0851,0.05411,0.04127,0.02551
FI_091,3,2026-07-24 14:08:15,0.31056,0.19832,0.17809,0.08972,0.09896,0.0515,0.05119,0.02166
FI_092,3,2026-07-24 14:09:43,0.35529,0.20112,0.15562,0.10787,0.06059,0.05133,0.03737,0.03081
FI_093,3,2026-07-24 14:11:43,0.33507,0.18059,0.14301,0.12521,0.08501,0.06753,0.04057,0.02303
FI_094,3,2026-07-24 14:13:45,0.33353,0.19815,0.15546,0.08383,0.08955,0.05556,0.04723,0.03669
FI_095,3,2026-07-24 14:14:37,0.29585,0.2639,0.16567,0.0776,0.07292,0.05203,0.04131,0.03071
FI_096,3,2026-07-24 14:15:23,0.34943,0.20205,0.15081,0.12914,0.05451,0.049,0.04327,0.02179
FI_097,3,2026-07-24 14:20:23,0.29624,0.25793,0.13171,0.11128,0.0713,0.05447,0.03669,0.0404
FI_098,3,2026-07-24 14:22:28,0.29834,0.20139,0.15077,0.11548,0.08161,0.07747,0.04156,0.03337
FI_099,3,2026-07-24 14:26:04,0.31407,0.20056,0.14959,0.16602,0.06195,0.05363,0.03139,0.02278
FI_100,3,2026-07-24 14:28:40,0.38549,0.18871,0.13436,0.1027,0.06729,0.05012,0.03428,0.03705
FI_101,3,2026-07-24 14:30:05,0.28558,0.17092,0.20398,0.11745,0.08364,0.06648,0.03665,0.03529
FI_102,3,2026-07-24 14:31:04,0.37394,0.19113,0.14283,0.0735,0.08099,0.05533,0.05085,0.03142
FI_103,3,2026-07-24 14:32:40,0.32866,0.20421,0.16928,0.10361,0.06274,0.061,0.03891,0.03158
FI_104,3,2026-07-24 14:35:37,0.34249,0.19893,0.15608,0.11057,0.06226,0.06712,0.03453,0.02803
FI_105,3,2026-07-24 14:36:24,0.3294,0.23627,0.16196,0.09149,0.06493,0.05207,0.03459,0.02929
FI_106,3,2026-07-24 14:40:57,0.28107,0.21739,0.15553,0.12855,0.08341,0.06549,0.03974,0.02882
FI_107,3,2026-07-24 14:44:54,0.32042,0.18866,0.17914,0.10503,0.07511,0.06294,0.0386,0.0301
FI_108,3,2026-07-24 14:46:39,0.39459,0.16921,0.12095,0.11928,0.08311,0.05591,0.03435,0.02259
FI_109,3,2026-07-24 14:49:17,0.26431,0.20733,0.19507,0.1169,0.08847,0.05159,0.04302,0.03331
FI_110,3,2026-07-24 14:50:05,0.32506,0.21432,0.15219,0.10172,0.08201,0.05161,0.04407,0.02902
FI_111,3,2026-07-24 14:51:03,0.37436,0.19812,0.13017,0.11346,0.06286,0.05903,0.03772,0.02428
FI_112,3,2026-07-24 14:58:54,0.30337,0.16619,0.19791,0.13305,0.07694,0.05919,0.03567,0.02767
FI_113,3,2026-07-24 15:03:29,0.33326,0.20326,0.13946,0.11458,0.07378,0.05417,0.05556,0.02593
FI_114,3,2026-07-24 15:06:07,0.31371,0.19543,0.19692,0.08769,0.07298,0.06071,0.03624,0.03632
FI_115,3,2026-07-24 15:07:29,0.32744,0.1746,0.13729,0.14337,0.07489,0.05994,0.04551,0.03696
FI_116,4,2026-07-24 23:26:49,0.35473,0.15307,0.17593,0.10787,0.07361,0.07228,0.03782,0.0247
FI_117,4,2026-07-24 23:29:58,0.31778,0.16634,0.16309,0.12368,0.06935,0.07703,0.05246,0.03028
FI_118,4,2026-07-24 23:32:51,0.30832,0.19527,0.15458,0.13309,0.07668,0.06444,0.03719,0.03044
FI_119,4,2026-07-24 23:33:50,0.33934,0.16446,0.18531,0.10402,0.07862,0.0628,0.03882,0.02664
FI_120,4,2026-07-24 23:36:13,0.3211,0.19095,0.14886,0.13507,0.07618,0.06123,0.03092,0.0357
FI_121,4,2026-07-24 23:38:33,0.34088,0.17598,0.17127,0.10328,0.07074,0.06998,0.03789,0.02997
FI_122,4,2026-07-24 23:40:05,0.29396,0.19259,0.15094,0.1309,0.10125,0.05932,0.04609,0.02494
FI_123,4,2026-07-24 23:42:02,0.35244,0.20159,0.16497,0.09192,0.07727,0.05095,0.03334,0.02753
FI_124,4,2026-07-24 23:44:41,0.33794,0.20737,0.12908,0.11381,0.09979,0.05632,0.03092,0.02477
FI_125,4,2026-07-24 23:45:07,0.33499,0.16444,0.16957,0.1159,0.09274,0.05562,0.03511,0.03163
FI_126,4,2026-07-24 23:46:19,0.30444,0.23363,0.16287,0.09936,0.07285,0.05814,0.04247,0.02625
FI_127,4,2026-07-24 23:47:57,0.2902,0.24445,0.11369,0.12758,0.08129,0.06121,0.0438,0.03778
FI_128,4,2026-07-24 23:50:56,0.2919,0.17789,0.24332,0.08406,0.07799,0.05027,0.03828,0.03629
FI_129,4,2026-07-24 23:51:20,0.26158,0.25819,0.15883,0.11953,0.07929,0.06224,0.03244,0.0279
FI_130,4,2026-07-24 23:54:09,0.35617,0.19117,0.1568,0.09463,0.07792,0.0517,0.03685,0.03476
FI_131,4,2026-07-24 23:56:51,0.29009,0.18428,0.1904,0.11479,0.08256,0.06724,0.04107,0.02956
FI_132,4,2026-07-24 23:59:13,0.32743,0.23833,0.13976,0.10069,0.08259,0.0472,0.03672,0.02727
FI_133,4,2026-07-25 00:05:53,0.34476,0.19649,0.14431,0.09509,0.08748,0.04885,0.04545,0.03756
FI_134,4,2026-07-25 00:08:53,0.32841,0.21109,0.1261,0.12715,0.06437,0.07023,0.04189,0.03078
FI_135,4,2026-07-25 00:12:38,0.29748,0.26849,0.14358,0.08957,0.08141,0.05451,0.03225,0.03271
FI_136,4,2026-07-25 00:15:25,0.26174,0.26452,0.16165,0.07348,0.08643,0.0644,0.05679,0.03097
FI_137,4,2026-07-25 00:18:17,0.30117,0.19889,0.17332,0.1082,0.07355,0.0757,0.0318,0.03736
FI_138,4,2026-07-25 00:22:14,0.2965,0.19634,0.16916,0.09145,0.10258,0.07129,0.04109,0.03158
FI_139,4,2026-07-25 00:25:16,0.33289,0.19535,0.15608,0.12047,0.07862,0.05363,0.03914,0.02382
FI_140,4,2026-07-25 00:27:23,0.27921,0.21295,0.16269,0.10634,0.09579,0.07744,0.03299,0.03259
FI_141,4,2026-07-25 00:32:10,0.27335,0.22869,0.1629,0.1051,0.09558,0.05133,0.05369,0.02935
FI_142,4,2026-07-25 00:35:30,0.35355,0.14805,0.17491,0.09461,0.0996,0.04701,0.05028,0.032
FI_143,4,2026-07-25 00:37:24,0.24439,0.22465,0.16799,0.12745,0.07624,0.08735,0.03868,0.03326
FI_144,5,2026-07-25 01:16:53,0.28503,0.22005,0.18604,0.09922,0.08097,0.0571,0.03582,0.03577
FI_145,5,2026-07-25 01:17:14,0.36631,0.19749,0.12709,0.09139,0.07819,0.0683,0.04411,0.02711
FI_146,5,2026-07-25 01:17:55,0.31484,0.2238,0.15778,0.09222,0.07015,0.05709,0.05776,0.02636
FI_147,5,2026-07-25 01:19:29,0.32423,0.21465,0.16552,0.09022,0.0708,0.06338,0.04602,0.02518
FI_148,5,2026-07-25 01:21:41,0.23007,0.19106,0.1832,0.14895,0.10096,0.07161,0.04525,0.0289
FI_149,5,2026-07-25 01:23:12,0.29834,0.18275,0.1501,0.12828,0.06765,0.09539,0.04933,0.02816
FI_150,5,2026-07-25 01:24:40,0.30247,0.20531,0.15577,0.11004,0.08645,0.05794,0.04282,0.0392
