run_id,timestamp,implementation,link_bandwidth_gbps,base_rtt_ms,packet_loss_pct,retransmission_count,throughput_gbps,latency_ms
LINKSENS_NFD_001,2026-08-01 11:00:00,NFD,10.0,5.0,3.5666,11,2.185,23.6143
LINKSENS_NFD_002,2026-08-01 11:01:20,NFD,10.0,5.0,4.1959,20,2.1985,21.4846
LINKSENS_NFD_003,2026-08-01 11:06:02,NFD,10.0,5.0,0.8852,3,2.7157,16.7607
LINKSENS_NFD_004,2026-08-01 11:07:16,NFD,10.0,5.0,3.0525,11,2.249,20.6076
LINKSENS_NFD_005,2026-08-01 11:09:49,NFD,10.0,5.0,1.5507,5,2.596,17.9925
LINKSENS_NFD_006,2026-08-01 11:13:06,NFD,10.0,5.0,2.0155,12,2.5608,19.0395
LINKSENS_NFD_007,2026-08-01 11:14:18,NFD,10.0,5.0,3.5871,10,2.1774,21.3857
LINKSENS_NFD_008,2026-08-01 11:18:12,NFD,10.0,5.0,0.7253,2,2.6259,18.849
LINKSENS_NFD_009,2026-08-01 11:21:06,NFD,10.0,5.0,3.0507,13,2.2676,21.9714
LINKSENS_NFD_010,2026-08-01 11:23:42,NFD,10.0,5.0,3.6101,13,2.2178,21.7766
LINKSENS_NFD_011,2026-08-01 11:24:49,NFD,10.0,5.0,3.4992,13,2.1178,23.8457
LINKSENS_NFD_012,2026-08-01 11:28:39,NFD,10.0,5.0,0.7506,2,2.6803,18.2031
LINKSENS_NFD_013,2026-08-01 11:29:31,NFD,10.0,5.0,2.2541,15,2.4222,20.2242
LINKSENS_NFD_014,2026-08-01 11:32:25,NFD,10.0,5.0,4.9,22,1.976,23.5964
LINKSENS_NFD_015,2026-08-01 11:34:13,NFD,10.0,5.0,3.0429,10,2.3373,21.1052
LINKSENS_PythonNDN_001,2026-08-01 18:00:00,PythonNDN,10.0,5.0,0.7546,8,0.7079,30.1386
LINKSENS_PythonNDN_002,2026-08-01 18:01:00,PythonNDN,10.0,5.0,3.75,15,0.5146,37.8075
LINKSENS_PythonNDN_003,2026-08-01 18:04:33,PythonNDN,10.0,5.0,4.8667,27,0.5002,36.808
LINKSENS_PythonNDN_004,2026-08-01 18:06:57,PythonNDN,10.0,5.0,4.4365,14,0.5122,39.5562
LINKSENS_PythonNDN_005,2026-08-01 18:07:52,PythonNDN,10.0,5.0,1.6433,5,0.6157,30.8469
LINKSENS_PythonNDN_006,2026-08-01 18:10:04,PythonNDN,10.0,5.0,3.0367,13,0.5896,33.8697
LINKSENS_PythonNDN_007,2026-08-01 18:12:48,PythonNDN,10.0,5.0,3.6065,11,0.5366,37.959
LINKSENS_PythonNDN_008,2026-08-01 18:16:01,PythonNDN,10.0,5.0,3.9308,17,0.5312,37.3096
LINKSENS_PythonNDN_009,2026-08-01 18:17:09,PythonNDN,10.0,5.0,1.3716,2,0.6217,29.9559
LINKSENS_PythonNDN_010,2026-08-01 18:19:28,PythonNDN,10.0,5.0,2.9066,13,0.5396,35.9885
LINKSENS_PythonNDN_011,2026-08-01 18:20:35,PythonNDN,10.0,5.0,1.8525,5,0.6206,29.767
LINKSENS_PythonNDN_012,2026-08-01 18:22:20,PythonNDN,10.0,5.0,0.914,3,0.6469,29.4683
LINKSENS_PythonNDN_013,2026-08-01 18:23:29,PythonNDN,10.0,5.0,1.3934,13,0.657,31.2814
LINKSENS_PythonNDN_014,2026-08-01 18:26:29,PythonNDN,10.0,5.0,4.9168,20,0.4892,36.6272
LINKSENS_PythonNDN_015,2026-08-01 18:27:29,PythonNDN,10.0,5.0,3.3403,13,0.523,36.0489
LINKSENS_PythonNDN_016,2026-08-01 18:30:51,PythonNDN,10.0,5.0,1.1967,4,0.6466,31.7881
LINKSENS_PythonNDN_017,2026-08-01 18:32:32,PythonNDN,10.0,5.0,0.102,0,0.7396,28.1152
LINKSENS_PythonNDN_018,2026-08-01 18:34:21,PythonNDN,10.0,5.0,3.1301,14,0.569,34.8721
LINKSENS_PythonNDN_019,2026-08-01 18:34:50,PythonNDN,10.0,5.0,0.0518,1,0.7249,28.9784
LINKSENS_PythonNDN_020,2026-08-01 18:35:38,PythonNDN,10.0,5.0,1.7787,7,0.612,30.5538
LINKSENS_PythonNDN_021,2026-08-01 18:37:36,PythonNDN,10.0,5.0,1.676,5,0.6217,31.8266
LINKSENS_PythonNDN_022,2026-08-02 05:48:41,PythonNDN,10.0,5.0,2.9718,17,0.5461,33.3737
LINKSENS_PythonNDN_023,2026-08-02 05:51:30,PythonNDN,10.0,5.0,0.686,1,0.6758,27.8512
LINKSENS_PythonNDN_024,2026-08-02 05:57:29,PythonNDN,10.0,5.0,3.0571,16,0.5777,34.2851
LINKSENS_PythonNDN_025,2026-08-02 05:59:30,PythonNDN,10.0,5.0,3.5505,12,0.5184,38.5344
LINKSENS_PythonNDN_026,2026-08-02 06:00:44,PythonNDN,10.0,5.0,2.1294,13,0.597,31.8971
LINKSENS_PythonNDN_027,2026-08-02 06:02:38,PythonNDN,10.0,5.0,2.9793,12,0.5828,36.1582
LINKSENS_PythonNDN_028,2026-08-02 06:03:10,PythonNDN,10.0,5.0,0.7406,1,0.6783,28.7659
LINKSENS_PythonNDN_029,2026-08-02 06:04:14,PythonNDN,10.0,5.0,3.2073,6,0.5508,35.0975
LINKSENS_PythonNDN_030,2026-08-02 06:07:17,PythonNDN,10.0,5.0,4.9726,23,0.4873,38.005
LINKSENS_PythonNDN_031,2026-08-02 06:10:05,PythonNDN,10.0,5.0,0.1144,0,0.6916,27.3907
LINKSENS_PythonNDN_032,2026-08-02 06:12:41,PythonNDN,10.0,5.0,3.7717,14,0.53,37.3194
LINKSENS_PythonNDN_033,2026-08-02 06:14:22,PythonNDN,10.0,5.0,1.0529,2,0.6725,27.5998
LINKSENS_PythonNDN_034,2026-08-02 06:18:08,PythonNDN,10.0,5.0,1.3542,4,0.6278,31.8109
LINKSENS_PythonNDN_035,2026-08-02 06:20:07,PythonNDN,10.0,5.0,3.6288,14,0.5238,33.2318
LINKSENS_uDCN_001,2026-08-02 08:00:00,uDCN,10.0,5.0,4.5917,18,7.9673,13.03
LINKSENS_uDCN_002,2026-08-02 08:01:05,uDCN,10.0,5.0,2.9446,13,7.9754,13.2876
LINKSENS_uDCN_003,2026-08-02 08:02:09,uDCN,10.0,5.0,0.4121,1,8.3283,12.011
LINKSENS_uDCN_004,2026-08-02 08:03:50,uDCN,10.0,5.0,4.1116,22,7.8718,14.8327
LINKSENS_uDCN_005,2026-08-02 08:06:18,uDCN,10.0,5.0,1.6917,5,7.679,13.1038
LINKSENS_uDCN_006,2026-08-02 08:07:54,uDCN,10.0,5.0,1.3659,11,8.0819,13.4053
LINKSENS_uDCN_007,2026-08-02 08:09:00,uDCN,10.0,5.0,4.6433,16,7.4931,13.9477
LINKSENS_uDCN_008,2026-08-02 08:09:44,uDCN,10.0,5.0,0.9724,2,8.2773,12.5757
LINKSENS_uDCN_009,2026-08-02 08:10:15,uDCN,10.0,5.0,0.6647,2,8.1175,13.0146
LINKSENS_uDCN_010,2026-08-02 08:13:27,uDCN,10.0,5.0,2.8067,9,7.9067,13.9547
LINKSENS_uDCN_011,2026-08-02 08:18:49,uDCN,10.0,5.0,4.3021,17,7.7531,13.1787
LINKSENS_uDCN_012,2026-08-02 08:22:32,uDCN,10.0,5.0,0.2765,2,8.2548,12.5892
LINKSENS_uDCN_013,2026-08-02 08:28:01,uDCN,10.0,5.0,0.0505,0,8.004,12.3896
LINKSENS_uDCN_014,2026-08-02 08:30:29,uDCN,10.0,5.0,3.9385,13,7.722,13.2402
LINKSENS_uDCN_015,2026-08-02 08:33:54,uDCN,10.0,5.0,4.8387,17,7.6105,13.2763
LINKSENS_uDCN_016,2026-08-02 08:35:53,uDCN,10.0,5.0,2.0692,3,8.5448,12.7682
LINKSENS_uDCN_017,2026-08-02 08:37:01,uDCN,10.0,5.0,1.3599,5,8.0469,13.4165
LINKSENS_uDCN_018,2026-08-02 08:39:59,uDCN,10.0,5.0,3.3171,11,7.5108,13.4018
LINKSENS_uDCN_019,2026-08-02 08:41:24,uDCN,10.0,5.0,3.166,19,8.1763,13.3012
LINKSENS_uDCN_020,2026-08-02 08:46:57,uDCN,10.0,5.0,3.4786,12,7.7297,12.4834
LINKSENS_uDCN_021,2026-08-02 08:50:30,uDCN,10.0,5.0,4.8284,16,7.4359,13.4658
LINKSENS_uDCN_022,2026-08-02 08:51:34,uDCN,10.0,5.0,0.9452,3,8.312,12.595
LINKSENS_uDCN_023,2026-08-02 08:54:55,uDCN,10.0,5.0,0.8133,5,7.8993,13.032
LINKSENS_uDCN_024,2026-08-02 08:57:22,uDCN,10.0,5.0,3.0178,4,7.4373,13.0695
LINKSENS_uDCN_025,2026-08-02 08:58:28,uDCN,10.0,5.0,4.2245,27,7.7974,13.2375
LINKSENS_uDCN_026,2026-08-02 09:00:45,uDCN,10.0,5.0,2.891,12,7.3673,13.598
LINKSENS_uDCN_027,2026-08-02 09:01:27,uDCN,10.0,5.0,2.6735,11,7.4538,12.4076
LINKSENS_uDCN_028,2026-08-02 09:06:00,uDCN,10.0,5.0,2.84,12,7.8054,12.7226
LINKSENS_uDCN_029,2026-08-02 09:08:50,uDCN,10.0,5.0,2.9833,12,8.3526,13.6532
LINKSENS_uDCN_030,2026-08-02 09:12:05,uDCN,10.0,5.0,0.2642,1,8.0833,13.0919
LINKSENS_uDCN_031,2026-08-03 00:47:59,uDCN,10.0,5.0,3.2806,12,7.7472,13.2946
LINKSENS_uDCN_032,2026-08-03 00:49:10,uDCN,10.0,5.0,1.9362,7,8.4402,12.4736
LINKSENS_uDCN_033,2026-08-03 00:52:43,uDCN,10.0,5.0,4.9044,26,7.4799,13.4117
LINKSENS_uDCN_034,2026-08-03 00:57:41,uDCN,10.0,5.0,2.6666,6,7.9984,13.1806
LINKSENS_uDCN_035,2026-08-03 00:58:58,uDCN,10.0,5.0,4.3991,15,7.7162,12.9585
LINKSENS_uDCN_036,2026-08-03 01:03:07,uDCN,10.0,5.0,3.6077,16,8.2504,12.9852
LINKSENS_uDCN_037,2026-08-03 01:03:36,uDCN,10.0,5.0,2.2102,10,7.9646,13.348
LINKSENS_uDCN_038,2026-08-03 01:06:57,uDCN,10.0,5.0,0.9886,7,8.286,12.2873
LINKSENS_uDCN_039,2026-08-03 01:08:09,uDCN,10.0,5.0,2.4692,14,8.0269,12.098
LINKSENS_uDCN_040,2026-08-03 01:09:19,uDCN,10.0,5.0,0.823,3,8.2598,12.2585
LINKSENS_uDCN_041,2026-08-03 01:13:42,uDCN,10.0,5.0,0.4583,0,8.4581,12.4717
LINKSENS_uDCN_042,2026-08-03 01:15:08,uDCN,10.0,5.0,4.1964,15,7.7893,12.8158
LINKSENS_uDCN_043,2026-08-03 01:17:45,uDCN,10.0,5.0,0.0453,0,8.3379,12.7813
LINKSENS_uDCN_044,2026-08-03 01:19:43,uDCN,10.0,5.0,4.6913,29,7.8135,14.6482
LINKSENS_uDCN_045,2026-08-03 01:23:58,uDCN,10.0,5.0,0.526,0,8.5517,12.5042
LINKSENS_uDCN_046,2026-08-03 01:27:11,uDCN,10.0,5.0,3.6945,16,7.4246,13.1718
LINKSENS_uDCN_047,2026-08-03 01:29:32,uDCN,10.0,5.0,1.7536,7,8.1535,12.2434
LINKSENS_uDCN_048,2026-08-03 01:31:33,uDCN,10.0,5.0,3.1808,5,8.2344,13.5046
LINKSENS_uDCN_049,2026-08-03 01:36:10,uDCN,10.0,5.0,0.3985,0,8.0825,12.4597
LINKSENS_uDCN_050,2026-08-03 01:37:49,uDCN,10.0,5.0,2.8002,9,7.5873,13.205
LINKSENS_uDCN_051,2026-08-03 01:42:48,uDCN,10.0,5.0,4.4292,19,7.229,14.0047
LINKSENS_uDCN_052,2026-08-03 01:43:55,uDCN,10.0,5.0,3.3704,8,8.0307,12.5761
LINKSENS_uDCN_053,2026-08-03 01:46:15,uDCN,10.0,5.0,4.0055,17,7.5792,13.3067
LINKSENS_uDCN_054,2026-08-03 01:47:52,uDCN,10.0,5.0,2.508,10,8.0494,13.2509
LINKSENS_uDCN_055,2026-08-03 01:53:29,uDCN,10.0,5.0,1.3062,7,8.4661,13.2188
LINKSENS_PythonNDN_036,2026-08-03 01:54:59,PythonNDN,10.0,5.0,0.7111,2,0.6336,28.3114
LINKSENS_PythonNDN_037,2026-08-03 01:56:14,PythonNDN,10.0,5.0,4.1234,14,0.509,39.7119
LINKSENS_PythonNDN_038,2026-08-03 01:57:00,PythonNDN,10.0,5.0,4.9359,16,0.4759,40.9633
LINKSENS_uDCN_056,2026-08-03 01:57:07,uDCN,10.0,5.0,2.3452,8,8.3774,13.4294
LINKSENS_PythonNDN_039,2026-08-03 01:59:45,PythonNDN,10.0,5.0,0.0153,0,0.7338,26.0661
LINKSENS_uDCN_057,2026-08-03 02:00:24,uDCN,10.0,5.0,2.2059,11,7.9152,13.0486
LINKSENS_PythonNDN_040,2026-08-03 02:01:55,PythonNDN,10.0,5.0,0.246,1,0.7175,27.3981
LINKSENS_uDCN_058,2026-08-03 02:03:07,uDCN,10.0,5.0,3.6941,11,7.4316,14.7421
LINKSENS_uDCN_059,2026-08-03 02:04:03,uDCN,10.0,5.0,3.4374,12,7.8205,13.2582
LINKSENS_PythonNDN_041,2026-08-03 02:04:03,PythonNDN,10.0,5.0,4.1533,14,0.4687,37.0715
LINKSENS_uDCN_060,2026-08-03 02:05:51,uDCN,10.0,5.0,3.1509,17,7.7006,14.6563
LINKSENS_PythonNDN_042,2026-08-03 02:06:28,PythonNDN,10.0,5.0,3.9642,11,0.5338,38.7533
LINKSENS_uDCN_061,2026-08-03 02:08:02,uDCN,10.0,5.0,4.5,13,7.5281,13.3715
LINKSENS_uDCN_062,2026-08-03 02:09:51,uDCN,10.0,5.0,2.2384,8,8.2803,13.1299
LINKSENS_PythonNDN_043,2026-08-03 02:09:53,PythonNDN,10.0,5.0,1.376,3,0.6388,30.4988
LINKSENS_PythonNDN_044,2026-08-03 02:11:34,PythonNDN,10.0,5.0,3.3027,10,0.5616,34.6522
LINKSENS_PythonNDN_045,2026-08-03 02:14:37,PythonNDN,10.0,5.0,2.9399,10,0.5633,36.15
LINKSENS_PythonNDN_046,2026-08-03 02:15:35,PythonNDN,10.0,5.0,2.7026,10,0.5627,32.0073
LINKSENS_PythonNDN_047,2026-08-03 02:17:28,PythonNDN,10.0,5.0,3.2198,19,0.571,35.3847
LINKSENS_PythonNDN_048,2026-08-03 02:18:45,PythonNDN,10.0,5.0,3.4286,4,0.5301,37.3897
LINKSENS_PythonNDN_049,2026-08-03 02:21:56,PythonNDN,10.0,5.0,3.6849,15,0.5185,37.1354
LINKSENS_PythonNDN_050,2026-08-03 02:23:58,PythonNDN,10.0,5.0,1.7029,7,0.6092,33.1227
LINKSENS_PythonNDN_051,2026-08-03 02:28:10,PythonNDN,10.0,5.0,1.117,2,0.6558,29.0713
LINKSENS_PythonNDN_052,2026-08-03 02:30:54,PythonNDN,10.0,5.0,0.8108,5,0.6536,31.4208
LINKSENS_PythonNDN_053,2026-08-03 02:33:02,PythonNDN,10.0,5.0,1.9421,9,0.606,34.0043
LINKSENS_PythonNDN_054,2026-08-03 02:35:14,PythonNDN,10.0,5.0,2.1127,4,0.5876,30.5658
LINKSENS_PythonNDN_055,2026-08-03 02:36:28,PythonNDN,10.0,5.0,4.315,17,0.5127,36.6409
LINKSENS_PythonNDN_056,2026-08-03 02:38:17,PythonNDN,10.0,5.0,2.6046,6,0.5866,36.0939
LINKSENS_PythonNDN_057,2026-08-03 02:40:53,PythonNDN,10.0,5.0,4.0633,18,0.5124,36.7837
LINKSENS_PythonNDN_058,2026-08-03 02:43:41,PythonNDN,10.0,5.0,4.6744,18,0.4726,38.995
LINKSENS_PythonNDN_059,2026-08-03 02:46:33,PythonNDN,10.0,5.0,0.8673,4,0.6357,29.1095
LINKSENS_PythonNDN_060,2026-08-03 02:47:35,PythonNDN,10.0,5.0,1.2464,5,0.6562,31.0669
LINKSENS_PythonNDN_061,2026-08-03 02:49:43,PythonNDN,10.0,5.0,2.0117,6,0.6041,30.9575
LINKSENS_NFD_016,2026-08-03 12:59:00,NFD,10.0,5.0,1.843,6,2.4427,18.5914
LINKSENS_NFD_017,2026-08-03 13:02:49,NFD,10.0,5.0,0.0577,1,2.738,17.0657
LINKSENS_NFD_018,2026-08-03 13:04:44,NFD,10.0,5.0,4.5446,19,1.9141,23.482
LINKSENS_NFD_019,2026-08-03 13:08:02,NFD,10.0,5.0,3.0205,12,2.3002,21.0934
LINKSENS_NFD_020,2026-08-03 13:11:26,NFD,10.0,5.0,1.3763,8,2.5589,17.6871
LINKSENS_NFD_021,2026-08-03 13:12:31,NFD,10.0,5.0,3.7886,16,2.0947,23.6214
LINKSENS_NFD_022,2026-08-03 13:15:16,NFD,10.0,5.0,3.4858,15,2.1256,19.346
LINKSENS_NFD_023,2026-08-03 13:16:41,NFD,10.0,5.0,1.5026,3,2.3666,18.6829
LINKSENS_NFD_024,2026-08-03 13:22:18,NFD,10.0,5.0,0.3645,1,2.6712,18.1212
LINKSENS_NFD_025,2026-08-03 13:22:55,NFD,10.0,5.0,1.5322,8,2.4659,18.8005
LINKSENS_NFD_026,2026-08-03 13:25:43,NFD,10.0,5.0,4.9687,27,2.0119,23.9251
LINKSENS_NFD_027,2026-08-03 13:28:21,NFD,10.0,5.0,1.76,11,2.4634,19.201
LINKSENS_NFD_028,2026-08-03 13:34:25,NFD,10.0,5.0,3.7947,17,2.0944,21.4778
LINKSENS_NFD_029,2026-08-03 13:38:03,NFD,10.0,5.0,0.2063,0,2.766,16.9339
LINKSENS_NFD_030,2026-08-03 13:39:37,NFD,10.0,5.0,1.798,5,2.5883,18.5902
LINKSENS_NFD_031,2026-08-03 13:42:03,NFD,10.0,5.0,4.7366,15,1.8712,24.3205
LINKSENS_NFD_032,2026-08-03 13:43:11,NFD,10.0,5.0,1.5187,5,2.5036,18.6099
LINKSENS_NFD_033,2026-08-03 13:47:37,NFD,10.0,5.0,4.0853,13,2.1174,22.0284
LINKSENS_NFD_034,2026-08-03 13:52:48,NFD,10.0,5.0,4.744,23,1.8997,22.9745
LINKSENS_NFD_035,2026-08-03 13:53:44,NFD,10.0,5.0,0.7199,4,2.5786,17.9822
LINKSENS_NFD_036,2026-08-03 13:57:05,NFD,10.0,5.0,1.3498,8,2.5775,18.6582
LINKSENS_NFD_037,2026-08-03 14:03:02,NFD,10.0,5.0,2.0776,6,2.3896,19.8344
LINKSENS_NFD_038,2026-08-03 14:04:50,NFD,10.0,5.0,2.9946,10,2.3772,20.463
LINKSENS_NFD_039,2026-08-03 14:06:08,NFD,10.0,5.0,1.1183,4,2.5903,19.4838
LINKSENS_NFD_040,2026-08-03 14:10:51,NFD,10.0,5.0,4.0672,17,2.1294,22.0325
LINKSENS_NFD_041,2026-08-03 14:12:55,NFD,10.0,5.0,1.5077,10,2.463,18.7239
LINKSENS_NFD_042,2026-08-03 14:16:08,NFD,10.0,5.0,3.3934,12,2.1242,21.2761
LINKSENS_NFD_043,2026-08-03 14:19:28,NFD,10.0,5.0,3.9616,13,2.1233,23.6123
LINKSENS_NFD_044,2026-08-03 14:23:00,NFD,10.0,5.0,0.9559,5,2.6956,17.6968
LINKSENS_NFD_045,2026-08-03 14:26:52,NFD,10.0,5.0,4.4424,12,1.9977,22.4262
LINKSENS_NFD_046,2026-08-03 14:29:22,NFD,10.0,5.0,4.2829,19,2.0639,20.7141
LINKSENS_NFD_047,2026-08-03 14:32:47,NFD,10.0,5.0,1.4672,4,2.7285,17.7246
LINKSENS_NFD_048,2026-08-03 14:34:37,NFD,10.0,5.0,2.4802,16,2.4622,19.2581
LINKSENS_PythonNDN_062,2026-08-03 14:38:10,PythonNDN,10.0,5.0,3.9734,12,0.5309,39.4377
LINKSENS_PythonNDN_063,2026-08-03 14:42:40,PythonNDN,10.0,5.0,3.9749,10,0.4903,35.5197
LINKSENS_PythonNDN_064,2026-08-03 14:45:45,PythonNDN,10.0,5.0,0.6354,3,0.6552,30.9953
LINKSENS_PythonNDN_065,2026-08-03 14:49:01,PythonNDN,10.0,5.0,1.2943,9,0.6209,28.8826
LINKSENS_uDCN_063,2026-08-03 14:50:12,uDCN,10.0,5.0,3.7024,8,7.4495,13.6
LINKSENS_PythonNDN_066,2026-08-03 14:50:49,PythonNDN,10.0,5.0,4.5,10,0.4893,38.4398
LINKSENS_uDCN_064,2026-08-03 14:51:32,uDCN,10.0,5.0,1.8415,6,8.373,12.7686
LINKSENS_PythonNDN_067,2026-08-03 14:52:41,PythonNDN,10.0,5.0,1.9873,7,0.6236,34.2168
LINKSENS_uDCN_065,2026-08-03 14:53:12,uDCN,10.0,5.0,2.8975,10,7.5698,13.0624
LINKSENS_PythonNDN_068,2026-08-03 14:55:31,PythonNDN,10.0,5.0,0.7362,4,0.6397,30.1634
LINKSENS_PythonNDN_069,2026-08-03 14:55:43,PythonNDN,10.0,5.0,3.9155,15,0.5114,34.3488
LINKSENS_uDCN_066,2026-08-03 14:57:22,uDCN,10.0,5.0,4.1558,19,7.6627,14.0618
LINKSENS_uDCN_067,2026-08-03 14:58:03,uDCN,10.0,5.0,2.0581,9,7.8486,13.6203
LINKSENS_PythonNDN_070,2026-08-03 14:58:42,PythonNDN,10.0,5.0,4.9889,21,0.4669,40.4776
LINKSENS_uDCN_068,2026-08-03 14:59:15,uDCN,10.0,5.0,4.6701,17,7.4973,13.6145
LINKSENS_uDCN_069,2026-08-03 15:01:29,uDCN,10.0,5.0,1.9308,8,7.9369,12.2277
LINKSENS_PythonNDN_071,2026-08-03 15:01:41,PythonNDN,10.0,5.0,1.4259,7,0.6475,30.4448
LINKSENS_PythonNDN_072,2026-08-03 15:02:09,PythonNDN,10.0,5.0,3.4887,20,0.537,36.8564
LINKSENS_uDCN_070,2026-08-03 15:02:20,uDCN,10.0,5.0,1.6127,11,8.1469,12.6962
LINKSENS_PythonNDN_073,2026-08-03 15:03:19,PythonNDN,10.0,5.0,3.4672,24,0.5489,36.3319
LINKSENS_uDCN_071,2026-08-03 15:04:40,uDCN,10.0,5.0,2.532,7,7.7386,13.6189
LINKSENS_uDCN_072,2026-08-03 15:07:32,uDCN,10.0,5.0,3.0937,16,7.4037,12.752
LINKSENS_PythonNDN_074,2026-08-03 15:07:49,PythonNDN,10.0,5.0,0.5524,3,0.695,28.7012
LINKSENS_PythonNDN_075,2026-08-03 15:08:40,PythonNDN,10.0,5.0,1.4791,5,0.639,32.152
LINKSENS_uDCN_073,2026-08-03 15:08:45,uDCN,10.0,5.0,1.4485,5,8.0211,11.6899
LINKSENS_uDCN_074,2026-08-03 15:11:07,uDCN,10.0,5.0,2.1191,9,7.9493,12.9831
LINKSENS_PythonNDN_076,2026-08-03 15:11:32,PythonNDN,10.0,5.0,2.9738,9,0.5431,36.0633
LINKSENS_PythonNDN_077,2026-08-03 15:14:20,PythonNDN,10.0,5.0,4.2441,17,0.4962,38.1852
LINKSENS_PythonNDN_078,2026-08-03 15:16:18,PythonNDN,10.0,5.0,0.15,1,0.6866,26.419
LINKSENS_uDCN_075,2026-08-03 15:16:47,uDCN,10.0,5.0,4.1012,19,8.1954,13.8582
LINKSENS_PythonNDN_079,2026-08-03 15:17:51,PythonNDN,10.0,5.0,3.8589,14,0.522,39.1577
LINKSENS_uDCN_076,2026-08-03 15:18:12,uDCN,10.0,5.0,4.3749,21,7.8267,13.4442
LINKSENS_uDCN_077,2026-08-03 15:19:36,uDCN,10.0,5.0,1.3131,6,8.0973,13.5309
LINKSENS_PythonNDN_080,2026-08-03 15:19:48,PythonNDN,10.0,5.0,4.4412,22,0.51,39.2121
LINKSENS_PythonNDN_081,2026-08-03 15:21:03,PythonNDN,10.0,5.0,3.0379,14,0.5419,35.3982
LINKSENS_uDCN_078,2026-08-03 15:21:13,uDCN,10.0,5.0,0.4593,1,8.1654,12.0927
LINKSENS_uDCN_079,2026-08-03 15:23:05,uDCN,10.0,5.0,1.9169,5,8.1139,12.3132
LINKSENS_uDCN_080,2026-08-03 15:24:57,uDCN,10.0,5.0,4.7319,25,7.7336,13.4747
LINKSENS_PythonNDN_082,2026-08-03 15:25:22,PythonNDN,10.0,5.0,3.8929,18,0.5307,35.8503
LINKSENS_PythonNDN_083,2026-08-03 15:26:33,PythonNDN,10.0,5.0,3.053,9,0.5489,35.2099
LINKSENS_uDCN_081,2026-08-03 15:28:13,uDCN,10.0,5.0,4.6044,17,7.9204,13.862
LINKSENS_PythonNDN_084,2026-08-03 15:28:55,PythonNDN,10.0,5.0,3.3588,9,0.5158,37.4899
LINKSENS_uDCN_082,2026-08-03 15:29:42,uDCN,10.0,5.0,4.0959,16,7.69,13.4085
LINKSENS_PythonNDN_085,2026-08-03 15:30:08,PythonNDN,10.0,5.0,0.6793,3,0.6427,29.9726
LINKSENS_PythonNDN_086,2026-08-03 15:33:21,PythonNDN,10.0,5.0,4.0235,17,0.5025,38.5408
LINKSENS_uDCN_083,2026-08-03 15:33:30,uDCN,10.0,5.0,4.7042,18,7.6307,12.7392
LINKSENS_uDCN_084,2026-08-03 15:34:51,uDCN,10.0,5.0,1.2011,4,7.8295,12.3789
LINKSENS_uDCN_085,2026-08-03 15:37:38,uDCN,10.0,5.0,0.6179,1,8.4325,12.7033
LINKSENS_uDCN_086,2026-08-03 15:40:36,uDCN,10.0,5.0,0.8637,3,8.5992,12.0365
LINKSENS_uDCN_087,2026-08-03 15:41:42,uDCN,10.0,5.0,1.4835,6,8.0869,12.9003
LINKSENS_uDCN_088,2026-08-03 15:43:13,uDCN,10.0,5.0,1.8133,6,8.0384,12.7679
LINKSENS_uDCN_089,2026-08-03 15:45:48,uDCN,10.0,5.0,2.948,10,8.1548,12.4719
LINKSENS_uDCN_090,2026-08-03 22:55:15,uDCN,10.0,5.0,3.3481,16,7.7496,12.7466
LINKSENS_uDCN_091,2026-08-03 22:56:30,uDCN,10.0,5.0,1.4083,1,8.4407,13.6351
LINKSENS_uDCN_092,2026-08-03 22:59:51,uDCN,10.0,5.0,3.3095,18,8.0692,14.461
LINKSENS_uDCN_093,2026-08-03 23:01:53,uDCN,10.0,5.0,1.7849,6,8.0866,13.3643
LINKSENS_uDCN_094,2026-08-03 23:03:51,uDCN,10.0,5.0,2.9913,19,7.8787,13.7314
LINKSENS_uDCN_095,2026-08-03 23:05:23,uDCN,10.0,5.0,3.5344,15,8.2619,13.5993
LINKSENS_uDCN_096,2026-08-03 23:06:09,uDCN,10.0,5.0,0.4247,2,8.5364,12.4823
LINKSENS_NFD_049,2026-08-03 23:07:00,NFD,10.0,5.0,0.3502,2,2.5842,16.8506
LINKSENS_uDCN_097,2026-08-03 23:07:39,uDCN,10.0,5.0,1.0697,2,8.2258,12.332
LINKSENS_uDCN_098,2026-08-03 23:08:42,uDCN,10.0,5.0,1.7666,6,7.9817,13.8549
LINKSENS_NFD_050,2026-08-03 23:08:50,NFD,10.0,5.0,3.1124,12,2.2766,20.1009
LINKSENS_NFD_051,2026-08-03 23:09:53,NFD,10.0,5.0,2.5285,7,2.3378,21.6513
LINKSENS_uDCN_099,2026-08-03 23:10:16,uDCN,10.0,5.0,2.0517,8,7.5745,12.908
LINKSENS_uDCN_100,2026-08-03 23:12:56,uDCN,10.0,5.0,4.8188,23,7.6373,13.9079
LINKSENS_NFD_052,2026-08-03 23:13:35,NFD,10.0,5.0,3.8955,8,2.2299,22.4724
LINKSENS_uDCN_101,2026-08-03 23:14:11,uDCN,10.0,5.0,0.3905,1,8.3621,12.4039
LINKSENS_NFD_053,2026-08-03 23:16:02,NFD,10.0,5.0,0.7183,1,2.6124,17.1285
LINKSENS_uDCN_102,2026-08-03 23:16:19,uDCN,10.0,5.0,1.9153,12,7.8709,13.5086
LINKSENS_NFD_054,2026-08-03 23:16:44,NFD,10.0,5.0,1.3675,10,2.6624,19.1695
LINKSENS_uDCN_103,2026-08-03 23:18:06,uDCN,10.0,5.0,2.0384,4,7.4885,14.0402
LINKSENS_NFD_055,2026-08-03 23:19:10,NFD,10.0,5.0,3.4621,16,2.2231,21.663
LINKSENS_uDCN_104,2026-08-03 23:19:52,uDCN,10.0,5.0,4.7921,17,7.4621,13.4826
LINKSENS_uDCN_105,2026-08-03 23:22:38,uDCN,10.0,5.0,3.3372,14,7.7408,13.6604
LINKSENS_NFD_056,2026-08-03 23:23:14,NFD,10.0,5.0,1.7958,6,2.5591,20.0135
LINKSENS_uDCN_106,2026-08-03 23:26:36,uDCN,10.0,5.0,1.7793,7,8.1728,12.4097
LINKSENS_NFD_057,2026-08-03 23:26:55,NFD,10.0,5.0,2.8567,7,2.371,18.8533
LINKSENS_uDCN_107,2026-08-03 23:29:17,uDCN,10.0,5.0,4.3991,17,7.9843,13.4685
LINKSENS_uDCN_108,2026-08-03 23:30:44,uDCN,10.0,5.0,0.938,2,7.9859,13.2212
LINKSENS_uDCN_109,2026-08-03 23:32:22,uDCN,10.0,5.0,3.4767,12,7.8126,12.999
LINKSENS_NFD_058,2026-08-03 23:32:51,NFD,10.0,5.0,4.7406,25,2.0438,25.43
LINKSENS_NFD_059,2026-08-03 23:35:06,NFD,10.0,5.0,1.6127,14,2.5018,17.3219
LINKSENS_uDCN_110,2026-08-03 23:35:34,uDCN,10.0,5.0,1.0108,6,7.9304,12.8834
LINKSENS_NFD_060,2026-08-03 23:36:51,NFD,10.0,5.0,0.4374,2,2.6943,16.9248
LINKSENS_uDCN_111,2026-08-03 23:37:26,uDCN,10.0,5.0,3.4266,13,7.9428,13.9341
LINKSENS_uDCN_112,2026-08-03 23:38:39,uDCN,10.0,5.0,4.6122,17,7.4189,14.1216
LINKSENS_uDCN_113,2026-08-03 23:39:37,uDCN,10.0,5.0,4.999,23,7.5465,13.8448
LINKSENS_uDCN_114,2026-08-03 23:43:10,uDCN,10.0,5.0,4.6846,19,8.2045,14.3865
LINKSENS_NFD_061,2026-08-03 23:43:23,NFD,10.0,5.0,4.1418,18,2.1767,23.5563
LINKSENS_uDCN_115,2026-08-03 23:45:47,uDCN,10.0,5.0,3.2628,16,7.9033,13.3036
LINKSENS_NFD_062,2026-08-03 23:45:50,NFD,10.0,5.0,4.8614,16,1.8585,22.3155
LINKSENS_NFD_063,2026-08-03 23:46:34,NFD,10.0,5.0,1.9856,12,2.5284,20.453
LINKSENS_NFD_064,2026-08-03 23:48:08,NFD,10.0,5.0,0.7994,5,2.6585,17.0914
LINKSENS_uDCN_116,2026-08-03 23:48:23,uDCN,10.0,5.0,1.5706,10,8.3423,12.9669
LINKSENS_uDCN_117,2026-08-03 23:49:19,uDCN,10.0,5.0,0.0888,3,8.3898,12.3637
LINKSENS_NFD_065,2026-08-03 23:50:47,NFD,10.0,5.0,4.9361,17,1.8604,23.0487
LINKSENS_uDCN_118,2026-08-03 23:52:03,uDCN,10.0,5.0,0.76,3,7.8475,12.044
LINKSENS_NFD_066,2026-08-03 23:52:10,NFD,10.0,5.0,2.7893,9,2.3487,19.7386
LINKSENS_NFD_067,2026-08-03 23:52:46,NFD,10.0,5.0,1.5081,4,2.6121,18.4914
LINKSENS_NFD_068,2026-08-03 23:54:30,NFD,10.0,5.0,3.6006,19,2.1571,23.2959
LINKSENS_uDCN_119,2026-08-03 23:55:18,uDCN,10.0,5.0,4.7055,14,7.4729,13.9993
LINKSENS_NFD_069,2026-08-03 23:58:26,NFD,10.0,5.0,3.859,15,2.1321,20.921
LINKSENS_uDCN_120,2026-08-03 23:59:22,uDCN,10.0,5.0,1.5346,7,7.8696,12.4554
LINKSENS_NFD_070,2026-08-04 00:00:40,NFD,10.0,5.0,1.7453,8,2.5048,18.0421
LINKSENS_uDCN_121,2026-08-04 07:18:53,uDCN,10.0,5.0,0.4529,0,8.2404,12.2483
LINKSENS_uDCN_122,2026-08-04 07:21:11,uDCN,10.0,5.0,0.9944,3,7.9613,11.7672
LINKSENS_uDCN_123,2026-08-04 07:23:20,uDCN,10.0,5.0,4.9631,25,7.6825,12.9973
LINKSENS_uDCN_124,2026-08-04 07:25:03,uDCN,10.0,5.0,3.4073,14,8.0641,13.5035
LINKSENS_uDCN_125,2026-08-04 07:28:58,uDCN,10.0,5.0,3.501,6,7.8051,13.3265
LINKSENS_uDCN_126,2026-08-04 07:31:21,uDCN,10.0,5.0,4.8369,11,7.4558,12.5344
LINKSENS_uDCN_127,2026-08-04 07:35:06,uDCN,10.0,5.0,0.756,4,8.553,12.2615
LINKSENS_uDCN_128,2026-08-04 07:37:14,uDCN,10.0,5.0,1.4241,5,8.3011,13.0921
LINKSENS_uDCN_129,2026-08-04 07:40:41,uDCN,10.0,5.0,3.2827,14,7.8903,13.9103
LINKSENS_uDCN_130,2026-08-04 07:43:53,uDCN,10.0,5.0,3.8512,12,7.4293,14.1165
LINKSENS_uDCN_131,2026-08-04 07:46:09,uDCN,10.0,5.0,4.6393,24,7.8795,13.7345
LINKSENS_uDCN_132,2026-08-04 07:47:42,uDCN,10.0,5.0,0.4801,2,8.1984,12.1119
LINKSENS_uDCN_133,2026-08-04 07:50:20,uDCN,10.0,5.0,1.9533,9,7.9429,13.5383
LINKSENS_uDCN_134,2026-08-04 07:53:31,uDCN,10.0,5.0,0.4368,1,8.3003,11.3654
LINKSENS_uDCN_135,2026-08-04 07:54:34,uDCN,10.0,5.0,3.3344,10,8.1557,13.9697
LINKSENS_uDCN_136,2026-08-04 07:55:51,uDCN,10.0,5.0,4.4561,18,7.6887,13.7422
LINKSENS_uDCN_137,2026-08-04 07:57:51,uDCN,10.0,5.0,2.1499,13,8.0285,14.0837
LINKSENS_uDCN_138,2026-08-04 07:58:08,uDCN,10.0,5.0,3.1495,9,8.0426,13.4016
LINKSENS_uDCN_139,2026-08-04 07:59:51,uDCN,10.0,5.0,0.7714,2,8.3638,13.7613
LINKSENS_uDCN_140,2026-08-04 08:02:14,uDCN,10.0,5.0,2.9104,14,7.9064,14.1886
LINKSENS_uDCN_141,2026-08-04 08:03:06,uDCN,10.0,5.0,4.1787,17,7.5766,13.0009
LINKSENS_uDCN_142,2026-08-04 08:04:52,uDCN,10.0,5.0,4.2085,15,7.3553,13.8817
LINKSENS_uDCN_143,2026-08-04 08:06:04,uDCN,10.0,5.0,4.0375,20,7.7729,13.3203
LINKSENS_uDCN_144,2026-08-04 08:09:37,uDCN,10.0,5.0,1.075,4,8.1176,13.323
LINKSENS_uDCN_145,2026-08-04 08:14:23,uDCN,10.0,5.0,2.1343,8,8.4676,14.2931
LINKSENS_uDCN_146,2026-08-04 08:17:09,uDCN,10.0,5.0,3.2711,14,7.8599,12.9839
LINKSENS_uDCN_147,2026-08-04 08:19:20,uDCN,10.0,5.0,1.6897,7,7.8532,12.7639
LINKSENS_uDCN_148,2026-08-04 08:20:29,uDCN,10.0,5.0,0.6665,4,8.4689,12.7946
LINKSENS_uDCN_149,2026-08-04 08:21:36,uDCN,10.0,5.0,2.4644,8,7.6715,13.3131
LINKSENS_uDCN_150,2026-08-04 08:24:55,uDCN,10.0,5.0,4.7217,21,8.2834,13.5533
LINKSENS_PythonNDN_087,2026-08-04 12:16:47,PythonNDN,10.0,5.0,3.6948,18,0.5315,38.0861
LINKSENS_PythonNDN_088,2026-08-04 12:22:07,PythonNDN,10.0,5.0,2.5537,9,0.5828,32.5067
LINKSENS_PythonNDN_089,2026-08-04 12:26:29,PythonNDN,10.0,5.0,1.8908,8,0.6027,32.5055
LINKSENS_PythonNDN_090,2026-08-04 12:28:37,PythonNDN,10.0,5.0,4.0702,16,0.5039,35.3746
LINKSENS_PythonNDN_091,2026-08-04 12:31:06,PythonNDN,10.0,5.0,4.9298,20,0.4831,37.2575
LINKSENS_PythonNDN_092,2026-08-04 12:34:07,PythonNDN,10.0,5.0,3.1222,14,0.56,35.9012
LINKSENS_PythonNDN_093,2026-08-04 12:38:35,PythonNDN,10.0,5.0,0.9164,2,0.662,30.5524
LINKSENS_PythonNDN_094,2026-08-04 12:40:20,PythonNDN,10.0,5.0,2.4186,11,0.5967,30.2803
LINKSENS_PythonNDN_095,2026-08-04 12:43:17,PythonNDN,10.0,5.0,2.9339,15,0.5669,34.6626
LINKSENS_PythonNDN_096,2026-08-04 12:44:52,PythonNDN,10.0,5.0,3.6403,14,0.5326,33.6556
LINKSENS_PythonNDN_097,2026-08-04 12:49:26,PythonNDN,10.0,5.0,3.2658,14,0.5125,35.6417
LINKSENS_PythonNDN_098,2026-08-04 12:51:42,PythonNDN,10.0,5.0,2.1303,6,0.6022,33.8356
LINKSENS_PythonNDN_099,2026-08-04 12:54:06,PythonNDN,10.0,5.0,4.1349,10,0.4861,39.7743
LINKSENS_PythonNDN_100,2026-08-04 12:57:52,PythonNDN,10.0,5.0,2.2261,3,0.6147,33.8751
LINKSENS_PythonNDN_101,2026-08-04 12:58:27,PythonNDN,10.0,5.0,2.162,9,0.5576,33.9187
LINKSENS_PythonNDN_102,2026-08-04 12:59:45,PythonNDN,10.0,5.0,2.1705,7,0.6068,31.8493
LINKSENS_PythonNDN_103,2026-08-04 13:01:01,PythonNDN,10.0,5.0,2.8212,12,0.5674,35.0486
LINKSENS_PythonNDN_104,2026-08-04 13:03:50,PythonNDN,10.0,5.0,4.7896,21,0.4759,38.0173
LINKSENS_PythonNDN_105,2026-08-04 13:05:22,PythonNDN,10.0,5.0,4.0056,12,0.5281,35.8305
LINKSENS_NFD_071,2026-08-04 16:53:09,NFD,10.0,5.0,1.5027,2,2.6386,18.7016
LINKSENS_NFD_072,2026-08-04 16:55:25,NFD,10.0,5.0,4.967,18,2.0594,23.3039
LINKSENS_NFD_073,2026-08-04 16:58:12,NFD,10.0,5.0,4.9837,22,2.0132,24.2954
LINKSENS_NFD_074,2026-08-04 16:59:51,NFD,10.0,5.0,3.0567,12,2.2784,21.0213
LINKSENS_NFD_075,2026-08-04 17:03:34,NFD,10.0,5.0,3.2134,19,2.308,20.1264
LINKSENS_NFD_076,2026-08-04 17:05:38,NFD,10.0,5.0,2.3166,10,2.4182,18.5176
LINKSENS_NFD_077,2026-08-04 17:06:44,NFD,10.0,5.0,2.2051,9,2.3048,20.2862
LINKSENS_NFD_078,2026-08-04 17:09:57,NFD,10.0,5.0,0.4693,3,2.6718,17.1929
LINKSENS_NFD_079,2026-08-04 17:11:50,NFD,10.0,5.0,3.5241,18,2.1705,22.1116
LINKSENS_NFD_080,2026-08-04 17:12:49,NFD,10.0,5.0,3.071,10,2.215,22.5525
LINKSENS_NFD_081,2026-08-04 17:16:35,NFD,10.0,5.0,1.1595,5,2.557,18.1566
LINKSENS_NFD_082,2026-08-04 17:17:32,NFD,10.0,5.0,0.2849,0,2.8495,18.1252
LINKSENS_NFD_083,2026-08-04 17:20:06,NFD,10.0,5.0,4.3923,13,2.0561,23.9001
LINKSENS_NFD_084,2026-08-04 17:22:15,NFD,10.0,5.0,3.8225,14,2.0497,20.6548
LINKSENS_NFD_085,2026-08-04 17:23:34,NFD,10.0,5.0,2.5447,13,2.3413,20.4958
LINKSENS_NFD_086,2026-08-04 17:24:09,NFD,10.0,5.0,2.8368,13,2.4187,21.2321
LINKSENS_NFD_087,2026-08-04 17:28:02,NFD,10.0,5.0,2.0115,7,2.4573,19.9454
LINKSENS_NFD_088,2026-08-04 17:29:36,NFD,10.0,5.0,1.2141,10,2.7651,18.5566
LINKSENS_PythonNDN_106,2026-08-05 12:16:44,PythonNDN,10.0,5.0,3.9442,14,0.5202,37.2152
LINKSENS_PythonNDN_107,2026-08-05 12:17:38,PythonNDN,10.0,5.0,4.1663,22,0.4949,35.0987
LINKSENS_PythonNDN_108,2026-08-05 12:19:47,PythonNDN,10.0,5.0,4.8188,19,0.501,40.2084
LINKSENS_PythonNDN_109,2026-08-05 12:22:46,PythonNDN,10.0,5.0,4.8625,20,0.4835,39.3041
LINKSENS_PythonNDN_110,2026-08-05 12:26:29,PythonNDN,10.0,5.0,0.862,8,0.6744,28.9663
LINKSENS_PythonNDN_111,2026-08-05 12:30:47,PythonNDN,10.0,5.0,3.2807,15,0.5263,35.7464
LINKSENS_PythonNDN_112,2026-08-05 12:31:27,PythonNDN,10.0,5.0,2.2422,8,0.6109,34.9526
LINKSENS_PythonNDN_113,2026-08-05 12:32:34,PythonNDN,10.0,5.0,0.8175,2,0.6549,31.4952
LINKSENS_PythonNDN_114,2026-08-05 12:35:19,PythonNDN,10.0,5.0,2.0303,10,0.6002,34.7144
LINKSENS_PythonNDN_115,2026-08-05 12:37:06,PythonNDN,10.0,5.0,0.232,0,0.6901,28.7323
LINKSENS_PythonNDN_116,2026-08-05 12:43:49,PythonNDN,10.0,5.0,4.9097,22,0.4568,39.3169
LINKSENS_PythonNDN_117,2026-08-05 12:45:44,PythonNDN,10.0,5.0,3.1058,13,0.5921,34.1313
LINKSENS_PythonNDN_118,2026-08-05 12:47:46,PythonNDN,10.0,5.0,0.3236,2,0.6554,30.8206
LINKSENS_PythonNDN_119,2026-08-05 12:49:28,PythonNDN,10.0,5.0,4.9496,28,0.4652,40.8167
LINKSENS_PythonNDN_120,2026-08-05 12:50:01,PythonNDN,10.0,5.0,3.7549,20,0.5166,35.6875
LINKSENS_PythonNDN_121,2026-08-05 12:53:17,PythonNDN,10.0,5.0,1.6441,4,0.6379,31.9137
LINKSENS_PythonNDN_122,2026-08-05 12:54:25,PythonNDN,10.0,5.0,3.0346,10,0.55,33.8607
LINKSENS_PythonNDN_123,2026-08-05 12:57:16,PythonNDN,10.0,5.0,1.459,11,0.6322,29.2904
LINKSENS_PythonNDN_124,2026-08-05 12:58:07,PythonNDN,10.0,5.0,4.5735,22,0.5028,38.3307
LINKSENS_PythonNDN_125,2026-08-05 12:59:18,PythonNDN,10.0,5.0,2.9123,8,0.5686,34.6022
LINKSENS_PythonNDN_126,2026-08-05 13:01:52,PythonNDN,10.0,5.0,1.3252,7,0.6555,31.2623
LINKSENS_PythonNDN_127,2026-08-05 13:03:37,PythonNDN,10.0,5.0,0.4821,1,0.6728,27.8099
LINKSENS_PythonNDN_128,2026-08-05 14:20:21,PythonNDN,10.0,5.0,2.7531,11,0.5532,39.463
LINKSENS_PythonNDN_129,2026-08-05 14:22:47,PythonNDN,10.0,5.0,2.3159,8,0.6333,35.5492
LINKSENS_PythonNDN_130,2026-08-05 14:24:54,PythonNDN,10.0,5.0,3.9548,17,0.5141,37.0146
LINKSENS_PythonNDN_131,2026-08-05 14:25:34,PythonNDN,10.0,5.0,0.7787,2,0.6655,27.541
LINKSENS_PythonNDN_132,2026-08-05 14:27:13,PythonNDN,10.0,5.0,0.827,4,0.633,30.5377
LINKSENS_PythonNDN_133,2026-08-05 14:28:35,PythonNDN,10.0,5.0,2.6064,7,0.611,34.6008
LINKSENS_PythonNDN_134,2026-08-05 14:29:48,PythonNDN,10.0,5.0,4.9351,14,0.4833,37.6842
LINKSENS_PythonNDN_135,2026-08-05 14:35:02,PythonNDN,10.0,5.0,0.5315,3,0.6942,28.221
LINKSENS_PythonNDN_136,2026-08-05 14:35:53,PythonNDN,10.0,5.0,0.89,2,0.7076,30.5947
LINKSENS_PythonNDN_137,2026-08-05 14:38:03,PythonNDN,10.0,5.0,0.7828,2,0.6886,31.2542
LINKSENS_PythonNDN_138,2026-08-05 14:40:55,PythonNDN,10.0,5.0,0.8673,1,0.6647,28.7276
LINKSENS_PythonNDN_139,2026-08-05 14:42:44,PythonNDN,10.0,5.0,0.1984,2,0.6983,28.2203
LINKSENS_PythonNDN_140,2026-08-05 14:44:07,PythonNDN,10.0,5.0,1.3887,9,0.6463,30.847
LINKSENS_PythonNDN_141,2026-08-05 14:46:21,PythonNDN,10.0,5.0,4.1212,14,0.5147,38.3361
LINKSENS_PythonNDN_142,2026-08-05 14:47:35,PythonNDN,10.0,5.0,3.7083,12,0.56,34.1217
LINKSENS_PythonNDN_143,2026-08-05 14:50:34,PythonNDN,10.0,5.0,2.1971,18,0.5904,31.8744
LINKSENS_PythonNDN_144,2026-08-05 14:52:36,PythonNDN,10.0,5.0,3.6082,10,0.5301,37.7003
LINKSENS_PythonNDN_145,2026-08-05 14:56:59,PythonNDN,10.0,5.0,2.5804,7,0.5702,34.6235
LINKSENS_PythonNDN_146,2026-08-05 14:58:38,PythonNDN,10.0,5.0,2.5632,8,0.5662,35.9936
LINKSENS_PythonNDN_147,2026-08-05 14:59:23,PythonNDN,10.0,5.0,3.6328,16,0.5478,40.1871
LINKSENS_PythonNDN_148,2026-08-05 15:00:18,PythonNDN,10.0,5.0,1.7882,12,0.622,33.3701
LINKSENS_PythonNDN_149,2026-08-05 15:02:51,PythonNDN,10.0,5.0,0.344,0,0.6826,29.1555
LINKSENS_PythonNDN_150,2026-08-05 15:05:47,PythonNDN,10.0,5.0,4.9828,15,0.4598,36.3171
LINKSENS_NFD_089,2026-08-05 16:24:13,NFD,10.0,5.0,0.4255,1,2.6434,17.8882
LINKSENS_NFD_090,2026-08-05 16:25:51,NFD,10.0,5.0,3.4656,19,2.141,21.2827
LINKSENS_NFD_091,2026-08-05 16:28:00,NFD,10.0,5.0,0.2499,0,2.8294,16.3961
LINKSENS_NFD_092,2026-08-05 16:30:59,NFD,10.0,5.0,3.7941,10,2.1256,22.1814
LINKSENS_NFD_093,2026-08-05 16:32:13,NFD,10.0,5.0,4.6921,20,1.9599,21.8661
LINKSENS_NFD_094,2026-08-05 16:35:38,NFD,10.0,5.0,2.0292,7,2.4705,19.3522
LINKSENS_NFD_095,2026-08-05 16:37:49,NFD,10.0,5.0,2.3249,5,2.4468,19.2471
LINKSENS_NFD_096,2026-08-05 16:44:17,NFD,10.0,5.0,0.3416,0,2.7458,17.7294
LINKSENS_NFD_097,2026-08-05 16:46:44,NFD,10.0,5.0,3.9777,10,2.1008,22.2016
LINKSENS_NFD_098,2026-08-05 16:48:34,NFD,10.0,5.0,0.1172,0,2.8764,17.4899
LINKSENS_NFD_099,2026-08-05 16:49:57,NFD,10.0,5.0,3.2939,6,2.1497,21.1387
LINKSENS_NFD_100,2026-08-05 16:50:41,NFD,10.0,5.0,4.8741,17,1.9991,23.194
LINKSENS_NFD_101,2026-08-05 16:53:45,NFD,10.0,5.0,3.969,10,2.1115,23.4143
LINKSENS_NFD_102,2026-08-05 16:55:32,NFD,10.0,5.0,1.1408,4,2.6711,19.0667
LINKSENS_NFD_103,2026-08-05 16:56:17,NFD,10.0,5.0,0.4075,2,2.6417,16.1581
LINKSENS_NFD_104,2026-08-05 16:58:34,NFD,10.0,5.0,0.1162,0,2.8058,16.4859
LINKSENS_CCNlite_001,2026-08-05 17:00:00,CCNlite,10.0,5.0,3.6519,20,1.8101,21.7089
LINKSENS_NFD_105,2026-08-05 17:00:15,NFD,10.0,5.0,4.4218,16,1.9603,21.3512
LINKSENS_NFD_106,2026-08-05 17:02:08,NFD,10.0,5.0,4.0813,10,2.1365,21.2488
LINKSENS_NFD_107,2026-08-05 17:02:54,NFD,10.0,5.0,4.145,14,2.0691,20.9779
LINKSENS_CCNlite_002,2026-08-05 17:03:47,CCNlite,10.0,5.0,2.8574,14,1.8742,20.7017
LINKSENS_CCNlite_003,2026-08-05 17:04:09,CCNlite,10.0,5.0,2.8172,11,1.8809,21.6449
LINKSENS_CCNlite_004,2026-08-05 17:06:23,CCNlite,10.0,5.0,3.3165,13,1.9496,20.9878
LINKSENS_CCNlite_005,2026-08-05 17:09:38,CCNlite,10.0,5.0,4.021,9,1.7242,22.1976
LINKSENS_CCNlite_006,2026-08-05 17:10:45,CCNlite,10.0,5.0,0.3167,0,2.3453,17.4518
LINKSENS_CCNlite_007,2026-08-05 17:11:50,CCNlite,10.0,5.0,4.3421,16,1.7408,23.6487
LINKSENS_CCNlite_008,2026-08-05 17:13:25,CCNlite,10.0,5.0,3.35,9,1.789,20.6255
LINKSENS_CCNlite_009,2026-08-05 17:16:18,CCNlite,10.0,5.0,1.8449,5,2.0804,19.9849
LINKSENS_CCNlite_010,2026-08-05 17:21:41,CCNlite,10.0,5.0,4.6671,16,1.737,23.9993
LINKSENS_CCNlite_011,2026-08-05 17:24:26,CCNlite,10.0,5.0,0.2758,3,2.214,18.1971
LINKSENS_CCNlite_012,2026-08-05 17:26:09,CCNlite,10.0,5.0,3.0879,13,1.8562,21.5561
LINKSENS_CCNlite_013,2026-08-05 17:28:11,CCNlite,10.0,5.0,2.1975,7,2.0178,19.8255
LINKSENS_CCNlite_014,2026-08-05 17:28:25,CCNlite,10.0,5.0,3.7937,20,1.8182,22.1403
LINKSENS_CCNlite_015,2026-08-05 17:29:42,CCNlite,10.0,5.0,1.7727,7,1.9872,20.4922
LINKSENS_CCNlite_016,2026-08-05 17:31:49,CCNlite,10.0,5.0,4.7644,18,1.7503,23.1688
LINKSENS_CCNlite_017,2026-08-05 17:33:05,CCNlite,10.0,5.0,1.2389,8,2.1771,18.9256
LINKSENS_CCNlite_018,2026-08-05 17:34:32,CCNlite,10.0,5.0,3.4088,13,1.814,22.5651
LINKSENS_CCNlite_019,2026-08-05 17:36:22,CCNlite,10.0,5.0,1.062,4,2.149,18.4949
LINKSENS_CCNlite_020,2026-08-05 17:37:33,CCNlite,10.0,5.0,2.2048,10,2.0798,19.8899
LINKSENS_CCNlite_021,2026-08-05 17:38:34,CCNlite,10.0,5.0,0.6626,5,2.1124,17.3605
LINKSENS_CCNlite_022,2026-08-05 17:40:11,CCNlite,10.0,5.0,0.8581,3,2.1599,18.5293
LINKSENS_CCNlite_023,2026-08-05 17:40:25,CCNlite,10.0,5.0,2.439,9,1.9568,20.771
LINKSENS_CCNlite_024,2026-08-05 17:41:31,CCNlite,10.0,5.0,4.8619,28,1.6,25.9039
LINKSENS_CCNlite_025,2026-08-05 17:44:37,CCNlite,10.0,5.0,2.6813,11,1.9789,20.8329
LINKSENS_CCNlite_026,2026-08-05 17:45:47,CCNlite,10.0,5.0,2.7629,8,1.9189,20.1511
LINKSENS_CCNlite_027,2026-08-05 17:47:06,CCNlite,10.0,5.0,1.6465,5,2.1547,19.2488
LINKSENS_CCNlite_028,2026-08-05 17:49:50,CCNlite,10.0,5.0,1.1483,1,2.1729,18.582
LINKSENS_CCNlite_029,2026-08-05 17:50:54,CCNlite,10.0,5.0,2.7647,10,1.9149,20.0784
LINKSENS_CCNlite_030,2026-08-05 17:53:27,CCNlite,10.0,5.0,3.8086,19,1.7377,22.4641
LINKSENS_CCNlite_031,2026-08-05 17:55:45,CCNlite,10.0,5.0,4.455,18,1.6872,23.6046
LINKSENS_CCNlite_032,2026-08-05 17:57:57,CCNlite,10.0,5.0,1.7179,2,2.1881,19.1294
LINKSENS_NFD_108,2026-08-06 21:14:17,NFD,10.0,5.0,4.4407,16,2.0871,22.0887
LINKSENS_NFD_109,2026-08-06 21:16:03,NFD,10.0,5.0,4.5001,17,2.1093,22.8487
LINKSENS_NFD_110,2026-08-06 21:19:04,NFD,10.0,5.0,1.952,6,2.4268,18.8459
LINKSENS_NFD_111,2026-08-06 21:21:42,NFD,10.0,5.0,1.9194,10,2.4752,19.5492
LINKSENS_NFD_112,2026-08-06 21:25:17,NFD,10.0,5.0,2.3848,8,2.4444,18.5764
LINKSENS_NFD_113,2026-08-06 21:27:47,NFD,10.0,5.0,2.4977,8,2.3239,20.0984
LINKSENS_NFD_114,2026-08-06 21:28:51,NFD,10.0,5.0,4.6915,16,1.968,21.9797
LINKSENS_NFD_115,2026-08-06 21:31:42,NFD,10.0,5.0,0.422,3,2.8025,16.6571
LINKSENS_NFD_116,2026-08-06 21:32:23,NFD,10.0,5.0,4.5424,23,1.9628,23.9688
LINKSENS_NFD_117,2026-08-06 21:34:53,NFD,10.0,5.0,4.1975,21,2.045,22.1611
LINKSENS_NFD_118,2026-08-06 21:38:06,NFD,10.0,5.0,3.5572,16,2.2148,23.0241
LINKSENS_NFD_119,2026-08-06 21:39:02,NFD,10.0,5.0,0.1956,2,2.7338,16.3089
LINKSENS_NFD_120,2026-08-06 21:40:58,NFD,10.0,5.0,1.0074,6,2.6273,18.0486
LINKSENS_NFD_121,2026-08-06 21:42:34,NFD,10.0,5.0,3.5503,12,2.143,22.3368
LINKSENS_NFD_122,2026-08-06 21:45:09,NFD,10.0,5.0,3.6835,15,2.0554,21.8977
LINKSENS_NFD_123,2026-08-06 21:46:59,NFD,10.0,5.0,3.4377,15,2.2109,21.4805
LINKSENS_CCNlite_033,2026-08-06 23:36:08,CCNlite,10.0,5.0,2.6037,11,1.9806,20.2162
LINKSENS_CCNlite_034,2026-08-06 23:36:50,CCNlite,10.0,5.0,1.959,8,1.9841,18.7312
LINKSENS_CCNlite_035,2026-08-06 23:38:25,CCNlite,10.0,5.0,1.8788,10,2.0391,19.6559
LINKSENS_CCNlite_036,2026-08-06 23:39:33,CCNlite,10.0,5.0,4.3664,17,1.6432,22.9962
LINKSENS_CCNlite_037,2026-08-06 23:41:15,CCNlite,10.0,5.0,2.0011,7,1.9998,20.605
LINKSENS_CCNlite_038,2026-08-06 23:42:59,CCNlite,10.0,5.0,0.8107,3,2.0108,17.8858
LINKSENS_CCNlite_039,2026-08-06 23:44:53,CCNlite,10.0,5.0,1.9694,8,1.9927,19.1839
LINKSENS_CCNlite_040,2026-08-06 23:48:19,CCNlite,10.0,5.0,0.3057,1,2.1723,18.2164
LINKSENS_CCNlite_041,2026-08-06 23:51:09,CCNlite,10.0,5.0,2.8076,11,1.8736,20.3899
LINKSENS_CCNlite_042,2026-08-06 23:51:51,CCNlite,10.0,5.0,1.2878,5,2.1867,20.0333
LINKSENS_CCNlite_043,2026-08-06 23:54:38,CCNlite,10.0,5.0,1.3197,6,2.1216,18.8724
LINKSENS_CCNlite_044,2026-08-06 23:57:06,CCNlite,10.0,5.0,2.4095,12,1.9978,21.2865
LINKSENS_CCNlite_045,2026-08-07 00:01:12,CCNlite,10.0,5.0,0.9564,5,2.0871,19.2367
LINKSENS_CCNlite_046,2026-08-07 00:02:59,CCNlite,10.0,5.0,4.7906,14,1.6948,23.2419
LINKSENS_CCNlite_047,2026-08-07 00:05:00,CCNlite,10.0,5.0,0.5721,3,2.2435,18.8694
LINKSENS_CCNlite_048,2026-08-07 00:07:59,CCNlite,10.0,5.0,4.9757,18,1.7553,24.9903
LINKSENS_CCNlite_049,2026-08-07 00:09:13,CCNlite,10.0,5.0,3.9721,11,1.7399,19.5912
LINKSENS_CCNlite_050,2026-08-07 00:12:17,CCNlite,10.0,5.0,2.9537,8,1.911,21.0703
LINKSENS_CCNlite_051,2026-08-07 00:13:41,CCNlite,10.0,5.0,1.5819,5,2.0379,20.2956
LINKSENS_CCNlite_052,2026-08-07 00:15:58,CCNlite,10.0,5.0,1.9339,11,2.0608,19.662
LINKSENS_CCNlite_053,2026-08-07 00:19:35,CCNlite,10.0,5.0,1.1956,5,2.1144,17.3388
LINKSENS_CCNlite_054,2026-08-07 00:20:03,CCNlite,10.0,5.0,4.7028,16,1.6871,24.8665
LINKSENS_CCNlite_055,2026-08-07 00:22:06,CCNlite,10.0,5.0,0.9317,4,2.1475,17.8725
LINKSENS_CCNlite_056,2026-08-08 01:56:07,CCNlite,10.0,5.0,1.5008,3,2.1042,19.309
LINKSENS_CCNlite_057,2026-08-08 01:56:44,CCNlite,10.0,5.0,2.0884,15,2.1684,19.698
LINKSENS_CCNlite_058,2026-08-08 01:58:15,CCNlite,10.0,5.0,4.3965,21,1.7683,21.4488
LINKSENS_CCNlite_059,2026-08-08 02:00:07,CCNlite,10.0,5.0,4.7923,22,1.7318,22.6885
LINKSENS_CCNlite_060,2026-08-08 02:01:05,CCNlite,10.0,5.0,0.3402,0,2.128,18.2134
LINKSENS_CCNlite_061,2026-08-08 02:03:35,CCNlite,10.0,5.0,3.4267,10,1.8028,21.114
LINKSENS_CCNlite_062,2026-08-08 02:04:23,CCNlite,10.0,5.0,1.8033,8,1.9526,19.3627
LINKSENS_CCNlite_063,2026-08-08 02:08:01,CCNlite,10.0,5.0,2.0395,14,1.9909,20.3044
LINKSENS_CCNlite_064,2026-08-08 02:08:53,CCNlite,10.0,5.0,3.3556,14,1.8141,23.1445
LINKSENS_CCNlite_065,2026-08-08 02:12:47,CCNlite,10.0,5.0,2.4609,15,2.0583,20.4547
LINKSENS_NFD_124,2026-08-08 02:15:28,NFD,10.0,5.0,4.8896,16,1.9184,23.995
LINKSENS_CCNlite_066,2026-08-08 02:15:40,CCNlite,10.0,5.0,2.4124,11,1.9626,19.2414
LINKSENS_NFD_125,2026-08-08 02:17:25,NFD,10.0,5.0,4.7643,18,2.0229,21.2226
LINKSENS_CCNlite_067,2026-08-08 02:17:40,CCNlite,10.0,5.0,0.014,0,2.3172,17.6725
LINKSENS_NFD_126,2026-08-08 02:19:41,NFD,10.0,5.0,0.9786,4,2.7992,18.0473
LINKSENS_NFD_127,2026-08-08 02:21:51,NFD,10.0,5.0,2.9852,12,2.3025,20.0886
LINKSENS_CCNlite_068,2026-08-08 02:22:00,CCNlite,10.0,5.0,0.2483,0,2.1892,17.5944
LINKSENS_NFD_128,2026-08-08 02:24:12,NFD,10.0,5.0,1.1177,3,2.7297,19.4149
LINKSENS_CCNlite_069,2026-08-08 02:24:28,CCNlite,10.0,5.0,0.7604,3,2.1402,17.4698
LINKSENS_NFD_129,2026-08-08 02:25:29,NFD,10.0,5.0,0.2958,3,2.7873,16.7113
LINKSENS_CCNlite_070,2026-08-08 02:25:59,CCNlite,10.0,5.0,2.3079,5,1.9769,20.5778
LINKSENS_NFD_130,2026-08-08 02:27:51,NFD,10.0,5.0,4.5415,20,1.9764,22.8954
LINKSENS_CCNlite_071,2026-08-08 02:30:52,CCNlite,10.0,5.0,4.2776,17,1.6578,22.4751
LINKSENS_NFD_131,2026-08-08 02:32:33,NFD,10.0,5.0,3.3114,18,2.1367,21.1893
LINKSENS_NFD_132,2026-08-08 02:34:53,NFD,10.0,5.0,2.1953,8,2.5515,20.1202
LINKSENS_CCNlite_072,2026-08-08 02:35:20,CCNlite,10.0,5.0,0.9271,4,2.1868,18.0271
LINKSENS_NFD_133,2026-08-08 02:36:15,NFD,10.0,5.0,3.4313,16,2.1939,22.1933
LINKSENS_NFD_134,2026-08-08 02:38:33,NFD,10.0,5.0,2.3702,12,2.4047,19.7569
LINKSENS_CCNlite_073,2026-08-08 02:39:20,CCNlite,10.0,5.0,0.1287,0,2.2559,15.7375
LINKSENS_CCNlite_074,2026-08-08 02:40:46,CCNlite,10.0,5.0,1.0984,4,2.1376,17.777
LINKSENS_NFD_135,2026-08-08 02:41:31,NFD,10.0,5.0,2.0658,9,2.5045,18.6562
LINKSENS_NFD_136,2026-08-08 02:44:09,NFD,10.0,5.0,0.0664,0,2.7466,16.4366
LINKSENS_CCNlite_075,2026-08-08 02:44:12,CCNlite,10.0,5.0,3.9925,15,1.7267,22.4104
LINKSENS_NFD_137,2026-08-08 02:45:35,NFD,10.0,5.0,4.6161,14,2.0082,22.6901
LINKSENS_CCNlite_076,2026-08-08 02:46:01,CCNlite,10.0,5.0,4.013,13,1.7479,22.5829
LINKSENS_NFD_138,2026-08-08 02:48:43,NFD,10.0,5.0,0.7548,4,2.7089,18.307
LINKSENS_NFD_139,2026-08-08 02:50:26,NFD,10.0,5.0,2.7514,5,2.3174,20.5538
LINKSENS_NFD_140,2026-08-08 02:52:10,NFD,10.0,5.0,2.5269,13,2.4063,20.0538
LINKSENS_CCNlite_077,2026-08-08 17:20:40,CCNlite,10.0,5.0,0.9733,3,2.084,20.2602
LINKSENS_CCNlite_078,2026-08-08 17:21:48,CCNlite,10.0,5.0,3.072,9,1.8595,21.4329
LINKSENS_CCNlite_079,2026-08-08 17:23:11,CCNlite,10.0,5.0,4.5696,18,1.5969,22.0857
LINKSENS_CCNlite_080,2026-08-08 17:26:54,CCNlite,10.0,5.0,3.864,20,1.8289,21.8438
LINKSENS_CCNlite_081,2026-08-08 17:30:01,CCNlite,10.0,5.0,3.316,11,1.8577,21.8393
LINKSENS_CCNlite_082,2026-08-08 17:31:43,CCNlite,10.0,5.0,3.6694,20,1.7291,21.3734
LINKSENS_CCNlite_083,2026-08-08 17:34:31,CCNlite,10.0,5.0,4.3166,14,1.7404,21.5063
LINKSENS_CCNlite_084,2026-08-08 17:35:25,CCNlite,10.0,5.0,2.4593,6,2.0583,22.2958
LINKSENS_CCNlite_085,2026-08-08 17:36:19,CCNlite,10.0,5.0,1.363,4,2.0988,19.6897
LINKSENS_CCNlite_086,2026-08-08 17:38:25,CCNlite,10.0,5.0,3.7401,7,1.811,22.6321
LINKSENS_CCNlite_087,2026-08-08 17:40:51,CCNlite,10.0,5.0,0.5029,2,2.1732,16.8502
LINKSENS_CCNlite_088,2026-08-08 17:43:01,CCNlite,10.0,5.0,0.0712,0,2.3192,16.6839
LINKSENS_CCNlite_089,2026-08-08 17:46:25,CCNlite,10.0,5.0,0.416,0,2.3294,17.4546
LINKSENS_CCNlite_090,2026-08-08 17:47:36,CCNlite,10.0,5.0,3.0752,16,1.8401,20.8227
LINKSENS_CCNlite_091,2026-08-08 17:51:16,CCNlite,10.0,5.0,0.3104,1,2.3706,17.9986
LINKSENS_CCNlite_092,2026-08-08 17:51:45,CCNlite,10.0,5.0,0.6119,4,2.16,18.8522
LINKSENS_CCNlite_093,2026-08-08 17:52:38,CCNlite,10.0,5.0,2.6799,7,1.8453,20.6268
LINKSENS_CCNlite_094,2026-08-08 17:55:08,CCNlite,10.0,5.0,0.1498,1,2.3047,17.1124
LINKSENS_CCNlite_095,2026-08-08 17:57:24,CCNlite,10.0,5.0,3.9256,24,1.663,21.5347
LINKSENS_CCNlite_096,2026-08-08 18:00:02,CCNlite,10.0,5.0,3.8535,14,1.8943,22.5427
LINKSENS_CCNlite_097,2026-08-08 18:03:14,CCNlite,10.0,5.0,1.2047,5,2.0606,18.8339
LINKSENS_CCNlite_098,2026-08-08 18:04:14,CCNlite,10.0,5.0,4.9276,24,1.619,23.4789
LINKSENS_CCNlite_099,2026-08-08 18:07:50,CCNlite,10.0,5.0,3.1103,14,1.8723,20.5272
LINKSENS_CCNlite_100,2026-08-08 18:09:49,CCNlite,10.0,5.0,1.6733,8,2.0462,19.4022
LINKSENS_CCNlite_101,2026-08-08 18:10:24,CCNlite,10.0,5.0,2.5331,11,1.9211,20.3802
LINKSENS_CCNlite_102,2026-08-08 18:13:42,CCNlite,10.0,5.0,2.1101,10,2.0086,21.3135
LINKSENS_CCNlite_103,2026-08-08 18:16:48,CCNlite,10.0,5.0,2.7546,9,1.9884,21.019
LINKSENS_CCNlite_104,2026-08-08 18:19:07,CCNlite,10.0,5.0,3.9153,18,1.7574,20.8096
LINKSENS_NFD_141,2026-08-08 19:08:17,NFD,10.0,5.0,0.2962,1,2.5944,18.3623
LINKSENS_NFD_142,2026-08-08 19:10:08,NFD,10.0,5.0,1.4241,4,2.6059,17.9902
LINKSENS_NFD_143,2026-08-08 19:12:56,NFD,10.0,5.0,0.4069,1,2.7245,16.1113
LINKSENS_NFD_144,2026-08-08 19:14:24,NFD,10.0,5.0,0.2576,1,2.7594,17.5666
LINKSENS_NFD_145,2026-08-08 19:19:04,NFD,10.0,5.0,2.3235,9,2.5115,19.2022
LINKSENS_NFD_146,2026-08-08 19:21:36,NFD,10.0,5.0,3.729,13,2.2156,22.3923
LINKSENS_NFD_147,2026-08-08 19:23:08,NFD,10.0,5.0,4.4463,12,1.9563,22.2701
LINKSENS_NFD_148,2026-08-08 19:24:11,NFD,10.0,5.0,4.768,23,1.8836,25.1193
LINKSENS_NFD_149,2026-08-08 19:25:54,NFD,10.0,5.0,2.9867,13,2.2149,21.4092
LINKSENS_NFD_150,2026-08-08 19:28:17,NFD,10.0,5.0,3.4907,15,2.177,20.9449
LINKSENS_CCNlite_105,2026-08-09 22:48:29,CCNlite,10.0,5.0,1.3027,7,2.2548,18.3772
LINKSENS_CCNlite_106,2026-08-09 22:51:36,CCNlite,10.0,5.0,4.9021,8,1.5991,23.5934
LINKSENS_CCNlite_107,2026-08-09 22:52:16,CCNlite,10.0,5.0,3.621,15,1.7646,22.246
LINKSENS_CCNlite_108,2026-08-09 22:57:00,CCNlite,10.0,5.0,1.3833,5,2.102,18.4847
LINKSENS_CCNlite_109,2026-08-09 22:58:46,CCNlite,10.0,5.0,1.3149,8,2.2023,18.9992
LINKSENS_CCNlite_110,2026-08-09 23:00:20,CCNlite,10.0,5.0,3.2591,10,1.9075,21.5887
LINKSENS_CCNlite_111,2026-08-09 23:02:19,CCNlite,10.0,5.0,4.7059,21,1.7337,23.9298
LINKSENS_CCNlite_112,2026-08-09 23:04:46,CCNlite,10.0,5.0,4.9804,13,1.6918,23.3858
LINKSENS_CCNlite_113,2026-08-09 23:06:36,CCNlite,10.0,5.0,2.9012,13,1.8619,21.8701
LINKSENS_CCNlite_114,2026-08-09 23:08:43,CCNlite,10.0,5.0,4.6769,22,1.634,24.2528
LINKSENS_CCNlite_115,2026-08-09 23:12:04,CCNlite,10.0,5.0,3.4735,19,1.743,22.2251
LINKSENS_CCNlite_116,2026-08-09 23:16:47,CCNlite,10.0,5.0,3.8932,17,1.7524,23.109
LINKSENS_CCNlite_117,2026-08-09 23:19:51,CCNlite,10.0,5.0,0.5663,4,2.1975,19.1678
LINKSENS_CCNlite_118,2026-08-09 23:23:37,CCNlite,10.0,5.0,2.3832,17,2.0108,19.0532
LINKSENS_CCNlite_119,2026-08-09 23:24:33,CCNlite,10.0,5.0,0.8567,8,2.1146,17.9411
LINKSENS_CCNlite_120,2026-08-09 23:25:11,CCNlite,10.0,5.0,1.2642,5,2.1344,19.3906
LINKSENS_CCNlite_121,2026-08-09 23:31:12,CCNlite,10.0,5.0,0.8281,2,2.2065,18.6215
LINKSENS_CCNlite_122,2026-08-09 23:34:37,CCNlite,10.0,5.0,0.0351,0,2.3378,17.7608
LINKSENS_CCNlite_123,2026-08-09 23:37:59,CCNlite,10.0,5.0,0.1913,1,2.0558,17.1001
LINKSENS_CCNlite_124,2026-08-09 23:44:23,CCNlite,10.0,5.0,1.621,9,2.0142,20.272
LINKSENS_CCNlite_125,2026-08-09 23:45:43,CCNlite,10.0,5.0,4.7118,20,1.7119,23.2646
LINKSENS_CCNlite_126,2026-08-09 23:48:13,CCNlite,10.0,5.0,4.796,22,1.6656,23.5582
LINKSENS_CCNlite_127,2026-08-09 23:51:04,CCNlite,10.0,5.0,1.5429,7,2.1527,19.5985
LINKSENS_CCNlite_128,2026-08-09 23:51:50,CCNlite,10.0,5.0,3.0772,13,2.0084,20.5859
LINKSENS_CCNlite_129,2026-08-09 23:53:07,CCNlite,10.0,5.0,2.2282,5,1.992,19.3307
LINKSENS_CCNlite_130,2026-08-09 23:54:32,CCNlite,10.0,5.0,3.1657,13,1.9005,20.6411
LINKSENS_CCNlite_131,2026-08-09 23:56:20,CCNlite,10.0,5.0,2.1131,4,1.9883,19.2236
LINKSENS_CCNlite_132,2026-08-09 23:58:38,CCNlite,10.0,5.0,3.7963,14,1.8701,23.5928
LINKSENS_CCNlite_133,2026-08-10 00:00:24,CCNlite,10.0,5.0,4.7924,15,1.6541,25.057
LINKSENS_CCNlite_134,2026-08-10 00:02:20,CCNlite,10.0,5.0,4.6109,20,1.7859,22.8842
LINKSENS_CCNlite_135,2026-08-12 08:19:34,CCNlite,10.0,5.0,1.4551,5,2.0745,20.1954
LINKSENS_CCNlite_136,2026-08-12 08:22:09,CCNlite,10.0,5.0,2.1163,6,2.0789,19.7734
LINKSENS_CCNlite_137,2026-08-12 08:30:21,CCNlite,10.0,5.0,0.0073,0,2.2418,17.4745
LINKSENS_CCNlite_138,2026-08-12 08:34:00,CCNlite,10.0,5.0,3.4287,11,1.8502,22.0833
LINKSENS_CCNlite_139,2026-08-12 08:35:00,CCNlite,10.0,5.0,2.13,8,1.9877,20.2699
LINKSENS_CCNlite_140,2026-08-12 08:37:07,CCNlite,10.0,5.0,3.9525,18,1.8149,22.9298
LINKSENS_CCNlite_141,2026-08-12 08:38:26,CCNlite,10.0,5.0,3.4734,13,1.8931,22.5671
LINKSENS_CCNlite_142,2026-08-12 08:42:37,CCNlite,10.0,5.0,4.1073,16,1.6911,21.7795
LINKSENS_CCNlite_143,2026-08-12 08:45:00,CCNlite,10.0,5.0,1.8975,9,1.9902,18.4647
LINKSENS_CCNlite_144,2026-08-12 08:45:49,CCNlite,10.0,5.0,1.9612,6,1.973,19.8331
LINKSENS_CCNlite_145,2026-08-12 08:49:31,CCNlite,10.0,5.0,3.3742,14,1.9297,22.5658
LINKSENS_CCNlite_146,2026-08-12 08:50:35,CCNlite,10.0,5.0,3.9984,13,1.7919,24.0395
LINKSENS_CCNlite_147,2026-08-12 08:54:17,CCNlite,10.0,5.0,4.7579,23,1.6427,22.1352
LINKSENS_CCNlite_148,2026-08-12 08:58:15,CCNlite,10.0,5.0,4.3135,23,1.7688,23.7367
LINKSENS_CCNlite_149,2026-08-12 09:01:34,CCNlite,10.0,5.0,0.173,4,2.2013,18.0178
LINKSENS_CCNlite_150,2026-08-12 09:03:12,CCNlite,10.0,5.0,0.3427,1,2.1918,18.0858
