run_id,session_id,timestamp,method,mae_bytes,throughput_gbps,latency_ms
BASE_Static_9000_001,0,2026-07-03 12:00:00,Static_9000,1248.96,7.812,14.7977
BASE_Static_9000_002,0,2026-07-03 12:02:30,Static_9000,1188.77,7.7142,13.8948
BASE_Static_9000_003,0,2026-07-03 12:07:22,Static_9000,1260.24,8.0294,15.8148
BASE_Static_9000_004,0,2026-07-03 12:12:02,Static_9000,1257.38,7.4184,13.8933
BASE_Static_9000_005,0,2026-07-03 12:12:38,Static_9000,1235.33,7.6513,14.1727
BASE_Static_9000_006,0,2026-07-03 12:14:51,Static_9000,1428.12,7.7734,15.2512
BASE_Static_9000_007,0,2026-07-03 12:15:28,Static_9000,1160.02,7.899,15.7626
BASE_Static_9000_008,0,2026-07-03 12:16:02,Static_9000,1184.4,7.3665,15.2725
BASE_Static_9000_009,0,2026-07-03 12:18:19,Static_9000,1129.43,7.9904,14.42
BASE_Static_9000_010,0,2026-07-03 12:19:04,Static_9000,1194.86,7.305,16.7259
BASE_Static_9000_011,0,2026-07-03 12:20:16,Static_9000,1229.22,7.4656,14.2155
BASE_Static_9000_012,0,2026-07-03 12:23:36,Static_9000,1421.72,8.0063,16.2872
BASE_Static_9000_013,1,2026-07-04 12:32:21,Static_9000,1191.44,7.1354,14.2209
BASE_Static_9000_014,1,2026-07-04 12:37:38,Static_9000,1191.94,7.5762,15.183
BASE_Static_9000_015,1,2026-07-04 12:39:01,Static_9000,1227.58,8.0742,15.461
BASE_Static_9000_016,1,2026-07-04 12:39:56,Static_9000,1119.49,7.8976,15.268
BASE_Static_9000_017,1,2026-07-04 12:45:09,Static_9000,1200.31,7.6921,14.7739
BASE_Static_9000_018,1,2026-07-04 12:48:13,Static_9000,1011.48,7.6162,15.4169
BASE_Static_9000_019,1,2026-07-04 12:55:43,Static_9000,1289.15,7.7858,15.2656
BASE_Static_9000_020,1,2026-07-04 12:57:11,Static_9000,1292.58,7.2144,14.2525
BASE_Static_9000_021,1,2026-07-04 12:59:20,Static_9000,1301.8,8.076,16.1364
BASE_Static_9000_022,1,2026-07-04 13:00:04,Static_9000,1410.25,7.533,15.1103
BASE_Static_9000_023,1,2026-07-04 13:01:29,Static_9000,1296.23,7.4728,15.201
BASE_Static_9000_024,1,2026-07-04 13:03:21,Static_9000,1362.46,7.9467,14.2982
BASE_Static_9000_025,1,2026-07-04 13:06:47,Static_9000,1301.16,7.8487,15.3864
BASE_Static_9000_026,1,2026-07-04 13:07:17,Static_9000,1238.34,7.7418,16.0594
BASE_Static_9000_027,1,2026-07-04 13:08:53,Static_9000,1263.42,7.7754,15.3645
BASE_Static_9000_028,1,2026-07-04 13:15:03,Static_9000,1303.35,7.6765,15.1702
BASE_Static_9000_029,1,2026-07-04 13:17:20,Static_9000,1294.97,7.28,15.4546
BASE_Static_9000_030,1,2026-07-04 13:18:14,Static_9000,1076.23,7.1493,14.7293
BASE_Static_9000_031,1,2026-07-04 13:20:43,Static_9000,1101.99,7.9117,15.371
BASE_Static_9000_032,1,2026-07-04 13:23:19,Static_9000,1142.16,7.8392,14.4705
BASE_Static_9000_033,1,2026-07-04 13:25:51,Static_9000,1082.27,7.6508,15.7855
BASE_Static_9000_034,1,2026-07-04 13:27:33,Static_9000,1142.19,8.0913,15.7323
BASE_Static_9000_035,1,2026-07-04 13:32:33,Static_9000,1121.0,7.5133,15.4759
BASE_Static_9000_036,1,2026-07-04 13:35:21,Static_9000,1093.15,7.4865,15.4939
BASE_Static_9000_037,1,2026-07-04 13:38:29,Static_9000,1202.59,7.8669,15.3318
BASE_Static_9000_038,1,2026-07-04 13:40:41,Static_9000,1347.65,7.422,14.4068
BASE_Static_9000_039,1,2026-07-04 13:43:01,Static_9000,1374.26,7.4077,14.511
BASE_Static_9000_040,1,2026-07-04 13:44:38,Static_9000,1401.89,7.6342,15.2836
BASE_Static_9000_041,1,2026-07-04 13:45:39,Static_9000,1373.75,7.471,14.5535
BASE_Static_9000_042,1,2026-07-04 13:47:46,Static_9000,967.6,7.727,14.5247
BASE_Static_9000_043,1,2026-07-04 13:48:48,Static_9000,1423.36,7.9174,14.4261
BASE_Static_9000_044,1,2026-07-04 13:51:01,Static_9000,1244.55,7.4768,15.4483
BASE_Static_9000_045,2,2026-07-05 15:40:39,Static_9000,1059.7,7.7095,15.2062
BASE_Static_9000_046,2,2026-07-05 15:42:22,Static_9000,1124.59,7.8937,15.5721
BASE_Static_9000_047,2,2026-07-05 15:45:49,Static_9000,1158.85,7.5741,16.2539
BASE_Static_9000_048,2,2026-07-05 15:48:50,Static_9000,1124.87,7.7268,15.3005
BASE_Static_9000_049,2,2026-07-05 15:51:38,Static_9000,1333.83,7.9885,14.6715
BASE_Static_9000_050,2,2026-07-05 15:53:45,Static_9000,1187.0,7.4615,15.2685
BASE_Static_9000_051,2,2026-07-05 15:58:23,Static_9000,1451.9,7.8369,15.6473
BASE_Static_9000_052,2,2026-07-05 16:00:35,Static_9000,1414.06,8.3649,16.0263
BASE_Static_9000_053,2,2026-07-05 16:01:06,Static_9000,1035.46,7.5984,15.037
BASE_Static_9000_054,2,2026-07-05 16:02:22,Static_9000,1161.22,7.2606,15.5627
BASE_Static_9000_055,2,2026-07-05 16:07:12,Static_9000,1317.02,7.434,14.4085
BASE_Static_9000_056,2,2026-07-05 16:09:02,Static_9000,1262.42,7.532,14.531
BASE_Static_9000_057,2,2026-07-05 16:12:08,Static_9000,1209.21,7.9818,14.1856
BASE_Static_9000_058,2,2026-07-05 16:12:22,Static_9000,1209.06,7.8239,15.403
BASE_Static_9000_059,2,2026-07-05 16:14:43,Static_9000,1170.31,7.5784,14.2717
BASE_Static_9000_060,2,2026-07-05 16:17:10,Static_9000,1150.79,7.1122,14.8956
BASE_Static_9000_061,2,2026-07-05 16:19:00,Static_9000,1285.79,7.5832,15.1735
BASE_Static_9000_062,2,2026-07-05 16:20:50,Static_9000,1219.16,8.2418,14.2724
BASE_Static_9000_063,2,2026-07-05 16:23:33,Static_9000,1129.15,7.2849,14.0191
BASE_Static_9000_064,2,2026-07-05 16:28:14,Static_9000,1026.9,7.7406,15.8058
BASE_Static_9000_065,2,2026-07-05 16:28:33,Static_9000,1248.26,7.8116,15.5042
BASE_Static_9000_066,2,2026-07-05 16:32:10,Static_9000,1196.18,7.9107,15.8068
BASE_Static_9000_067,2,2026-07-05 16:34:10,Static_9000,958.27,7.8849,15.2458
BASE_Static_9000_068,2,2026-07-05 16:35:28,Static_9000,1228.57,7.9816,16.0889
BASE_Static_9000_069,2,2026-07-05 16:38:54,Static_9000,1086.45,8.0665,15.4491
BASE_Static_9000_070,3,2026-07-06 09:49:03,Static_9000,1229.36,7.8376,14.176
BASE_Static_9000_071,3,2026-07-06 09:51:30,Static_9000,1194.0,7.8489,15.4914
BASE_Static_9000_072,3,2026-07-06 09:53:33,Static_9000,1342.14,7.6069,15.2528
BASE_Static_9000_073,3,2026-07-06 09:53:55,Static_9000,1089.59,7.6201,14.2641
BASE_Static_9000_074,3,2026-07-06 09:55:42,Static_9000,1402.67,7.4199,14.5429
BASE_Static_9000_075,3,2026-07-06 09:57:53,Static_9000,1229.73,7.9441,15.3057
BASE_Static_9000_076,3,2026-07-06 10:00:11,Static_9000,1465.3,6.9407,13.6041
BASE_Static_9000_077,3,2026-07-06 10:00:57,Static_9000,1268.8,7.8937,15.0382
BASE_Static_9000_078,3,2026-07-06 10:03:59,Static_9000,1230.91,7.1909,13.9079
BASE_Static_9000_079,3,2026-07-06 10:06:50,Static_9000,1129.09,7.7344,15.504
BASE_Static_9000_080,3,2026-07-06 10:09:32,Static_9000,1447.5,7.4941,15.5627
BASE_Static_9000_081,3,2026-07-06 10:10:42,Static_9000,1392.61,8.461,14.0431
BASE_Static_9000_082,3,2026-07-06 10:11:13,Static_9000,1255.44,7.7355,14.2052
BASE_Static_9000_083,3,2026-07-06 10:12:24,Static_9000,1191.85,7.5202,14.5909
BASE_Static_9000_084,3,2026-07-06 10:15:30,Static_9000,1179.85,8.0252,14.7615
BASE_Static_9000_085,3,2026-07-06 10:18:50,Static_9000,1194.17,7.8556,14.3108
BASE_Static_9000_086,3,2026-07-06 10:22:01,Static_9000,1245.17,7.422,15.5606
BASE_Static_9000_087,3,2026-07-06 10:23:02,Static_9000,1130.79,7.6343,14.9355
BASE_Static_9000_088,3,2026-07-06 10:24:02,Static_9000,1164.11,8.05,13.9396
BASE_Static_9000_089,3,2026-07-06 10:25:27,Static_9000,1261.15,7.0349,15.1066
BASE_Static_9000_090,3,2026-07-06 10:28:31,Static_9000,1177.38,7.2753,14.4002
BASE_Static_9000_091,3,2026-07-06 10:28:55,Static_9000,1166.35,7.5936,14.9577
BASE_Static_9000_092,3,2026-07-06 10:30:30,Static_9000,1345.5,8.1007,15.7569
BASE_Static_9000_093,3,2026-07-06 10:33:17,Static_9000,1398.57,7.2746,14.2875
BASE_Static_9000_094,4,2026-07-07 01:58:40,Static_9000,1278.99,7.5432,15.0498
BASE_Static_9000_095,4,2026-07-07 02:00:02,Static_9000,1266.55,7.504,14.6642
BASE_Static_9000_096,4,2026-07-07 02:03:35,Static_9000,1258.2,7.9235,14.9474
BASE_Static_9000_097,4,2026-07-07 02:05:24,Static_9000,1220.1,7.7455,16.0278
BASE_Static_9000_098,4,2026-07-07 02:06:50,Static_9000,1242.1,7.6215,16.0387
BASE_Static_9000_099,4,2026-07-07 02:07:36,Static_9000,1278.84,7.3673,13.6333
BASE_Static_9000_100,4,2026-07-07 02:08:55,Static_9000,1128.55,7.1426,16.2589
BASE_Static_9000_101,4,2026-07-07 02:14:08,Static_9000,1086.75,7.8061,15.9853
BASE_Static_9000_102,4,2026-07-07 02:15:41,Static_9000,1146.66,8.1096,14.5209
BASE_Static_9000_103,4,2026-07-07 02:17:46,Static_9000,1143.48,7.5459,15.7394
BASE_Static_9000_104,4,2026-07-07 02:20:43,Static_9000,1281.87,7.3937,14.7327
BASE_Static_9000_105,4,2026-07-07 02:23:48,Static_9000,1318.3,7.9728,15.41
BASE_Static_9000_106,4,2026-07-07 02:24:52,Static_9000,1225.25,7.2153,13.6595
BASE_Static_9000_107,4,2026-07-07 02:27:53,Static_9000,1100.58,7.0426,15.8883
BASE_Static_9000_108,4,2026-07-07 02:31:12,Static_9000,1086.5,7.8237,13.7525
BASE_Static_9000_109,4,2026-07-07 02:34:26,Static_9000,1039.97,7.7946,13.751
BASE_Static_9000_110,4,2026-07-07 02:39:06,Static_9000,1212.41,7.9907,15.1876
BASE_Static_9000_111,4,2026-07-07 02:40:38,Static_9000,1295.04,7.4814,15.8355
BASE_Static_9000_112,4,2026-07-07 02:41:58,Static_9000,1146.21,7.6488,14.9412
BASE_Static_9000_113,4,2026-07-07 02:42:41,Static_9000,1175.91,7.5695,15.6998
BASE_Static_9000_114,4,2026-07-07 02:46:19,Static_9000,1233.58,7.804,16.0776
BASE_Static_9000_115,5,2026-07-08 05:16:22,Static_9000,1212.17,7.6436,15.3125
BASE_Static_9000_116,5,2026-07-08 05:17:28,Static_9000,1279.82,7.6708,16.2959
BASE_Static_9000_117,5,2026-07-08 05:18:45,Static_9000,1176.01,7.7022,16.0377
BASE_Static_9000_118,5,2026-07-08 05:21:34,Static_9000,1186.87,7.6466,14.7319
BASE_Static_9000_119,5,2026-07-08 05:24:51,Static_9000,1199.82,7.4116,14.3364
BASE_Static_9000_120,5,2026-07-08 05:25:57,Static_9000,1372.62,7.8173,14.655
BASE_Static_9000_121,5,2026-07-08 05:26:23,Static_9000,1222.37,7.7728,15.0121
BASE_Static_9000_122,5,2026-07-08 05:28:03,Static_9000,1335.62,7.7437,16.4183
BASE_Static_9000_123,5,2026-07-08 05:31:44,Static_9000,1199.63,7.4191,16.6316
BASE_Static_9000_124,5,2026-07-08 05:33:18,Static_9000,1333.32,7.5843,13.9759
BASE_Static_9000_125,5,2026-07-08 05:35:33,Static_9000,1225.75,7.6522,16.8465
BASE_Static_9000_126,5,2026-07-08 05:41:20,Static_9000,1107.08,7.0467,13.5512
BASE_Static_9000_127,5,2026-07-08 05:42:27,Static_9000,1063.13,7.8023,13.9424
BASE_Static_9000_128,5,2026-07-08 05:43:48,Static_9000,1330.17,7.4414,14.2225
BASE_Static_9000_129,5,2026-07-08 05:45:14,Static_9000,1130.7,7.1745,16.2724
BASE_Static_9000_130,5,2026-07-08 05:48:59,Static_9000,1212.95,7.9262,14.3397
BASE_Static_9000_131,5,2026-07-08 05:52:19,Static_9000,1073.63,7.3308,15.5946
BASE_Static_9000_132,5,2026-07-08 05:53:16,Static_9000,1248.39,7.5975,15.3092
BASE_Static_9000_133,5,2026-07-08 05:55:57,Static_9000,1138.55,7.5056,14.781
BASE_Static_9000_134,5,2026-07-08 05:59:22,Static_9000,1420.84,7.1749,15.3682
BASE_Static_9000_135,5,2026-07-08 06:00:27,Static_9000,1148.62,7.4069,14.618
BASE_Static_9000_136,5,2026-07-08 06:01:32,Static_9000,1303.05,8.2222,15.3222
BASE_Static_9000_137,5,2026-07-08 06:06:42,Static_9000,1539.46,8.0659,14.9304
BASE_Static_9000_138,5,2026-07-08 06:07:37,Static_9000,1394.82,7.3884,17.8577
BASE_Static_9000_139,6,2026-07-08 19:56:00,Static_9000,1313.4,7.8333,14.0843
BASE_Static_9000_140,6,2026-07-08 19:58:23,Static_9000,1105.73,7.5474,15.5402
BASE_Static_9000_141,6,2026-07-08 19:59:49,Static_9000,1385.67,7.9018,14.7369
BASE_Static_9000_142,6,2026-07-08 20:02:58,Static_9000,1430.5,7.2511,16.5557
BASE_Static_9000_143,6,2026-07-08 20:03:32,Static_9000,1187.56,7.3226,16.1244
BASE_Static_9000_144,6,2026-07-08 20:04:53,Static_9000,1231.97,7.656,15.2528
BASE_Static_9000_145,6,2026-07-08 20:07:01,Static_9000,1170.11,7.561,15.9945
BASE_Static_9000_146,6,2026-07-08 20:09:05,Static_9000,1134.41,7.8507,14.3918
BASE_Static_9000_147,6,2026-07-08 20:11:04,Static_9000,1229.99,7.8722,14.8796
BASE_Static_9000_148,6,2026-07-08 20:11:40,Static_9000,1277.12,7.7326,16.1017
BASE_Static_9000_149,6,2026-07-08 20:16:25,Static_9000,1265.83,7.5142,14.3026
BASE_Static_9000_150,6,2026-07-08 20:18:40,Static_9000,1359.2,7.6852,15.8618
BASE_MLP_proposed_001,0,2026-07-13 08:00:00,MLP_proposed,103.7,8.4682,12.0352
BASE_MLP_proposed_002,0,2026-07-13 08:03:05,MLP_proposed,125.99,7.7091,11.4478
BASE_MLP_proposed_003,0,2026-07-13 08:06:46,MLP_proposed,130.19,8.1076,12.1101
BASE_MLP_proposed_004,0,2026-07-13 08:07:43,MLP_proposed,121.12,8.0603,12.304
BASE_MLP_proposed_005,0,2026-07-13 08:10:12,MLP_proposed,114.64,8.6687,11.3623
BASE_MLP_proposed_006,0,2026-07-13 08:13:19,MLP_proposed,129.48,8.3813,11.6127
BASE_MLP_proposed_007,0,2026-07-13 08:14:45,MLP_proposed,106.5,8.1585,12.6849
BASE_MLP_proposed_008,0,2026-07-13 08:16:09,MLP_proposed,127.62,8.2835,13.0847
BASE_MLP_proposed_009,0,2026-07-13 08:17:19,MLP_proposed,122.87,8.6282,12.4946
BASE_MLP_proposed_010,0,2026-07-13 08:18:53,MLP_proposed,105.94,8.5394,12.9795
BASE_MLP_proposed_011,0,2026-07-13 08:20:47,MLP_proposed,117.11,8.393,12.6238
BASE_MLP_proposed_012,0,2026-07-13 08:23:59,MLP_proposed,115.29,8.3859,13.0828
BASE_MLP_proposed_013,0,2026-07-13 08:26:23,MLP_proposed,116.94,8.1585,13.0689
BASE_MLP_proposed_014,0,2026-07-13 08:28:17,MLP_proposed,111.3,8.1284,12.2402
BASE_MLP_proposed_015,0,2026-07-13 08:28:37,MLP_proposed,109.1,8.5463,12.0291
BASE_MLP_proposed_016,0,2026-07-13 08:30:05,MLP_proposed,112.9,8.5636,12.4672
BASE_MLP_proposed_017,0,2026-07-13 08:32:00,MLP_proposed,124.19,8.4145,11.4087
BASE_MLP_proposed_018,0,2026-07-13 08:32:32,MLP_proposed,97.9,8.3979,12.6722
BASE_MLP_proposed_019,0,2026-07-13 08:34:06,MLP_proposed,101.55,8.3132,12.4092
BASE_MLP_proposed_020,0,2026-07-13 08:37:12,MLP_proposed,107.5,8.3955,12.0226
BASE_MLP_proposed_021,0,2026-07-13 08:37:52,MLP_proposed,113.97,8.4705,12.1543
BASE_MLP_proposed_022,0,2026-07-13 08:40:51,MLP_proposed,114.36,8.069,12.9029
BASE_MLP_proposed_023,0,2026-07-13 08:41:59,MLP_proposed,118.21,7.7102,12.3656
BASE_MLP_proposed_024,0,2026-07-13 08:45:16,MLP_proposed,110.13,8.5649,11.9702
BASE_MLP_proposed_025,0,2026-07-13 08:47:43,MLP_proposed,108.2,8.4862,11.4111
BASE_MLP_proposed_026,0,2026-07-13 08:50:17,MLP_proposed,127.41,8.6459,12.7591
BASE_MLP_proposed_027,0,2026-07-13 08:51:57,MLP_proposed,117.5,8.2449,11.877
BASE_MLP_proposed_028,0,2026-07-13 08:54:19,MLP_proposed,108.32,8.2334,12.5202
BASE_MLP_proposed_029,0,2026-07-13 08:58:42,MLP_proposed,113.0,8.8125,11.8549
BASE_MLP_proposed_030,1,2026-07-14 14:30:20,MLP_proposed,107.76,8.2469,12.1821
BASE_MLP_proposed_031,1,2026-07-14 14:33:40,MLP_proposed,105.28,8.3875,12.1004
BASE_MLP_proposed_032,1,2026-07-14 14:34:56,MLP_proposed,127.25,8.9201,11.6379
BASE_MLP_proposed_033,1,2026-07-14 14:35:31,MLP_proposed,100.31,8.5864,12.3091
BASE_MLP_proposed_034,1,2026-07-14 14:37:46,MLP_proposed,131.65,8.1722,13.1496
BASE_MLP_proposed_035,1,2026-07-14 14:40:22,MLP_proposed,110.47,8.0842,12.6116
BASE_MLP_proposed_036,1,2026-07-14 14:42:00,MLP_proposed,119.47,8.4616,12.5938
BASE_MLP_proposed_037,1,2026-07-14 14:42:12,MLP_proposed,106.98,8.0557,12.9344
BASE_MLP_proposed_038,1,2026-07-14 14:43:44,MLP_proposed,115.38,8.6745,12.4326
BASE_MLP_proposed_039,1,2026-07-14 14:45:59,MLP_proposed,127.22,8.5753,13.1027
BASE_MLP_proposed_040,1,2026-07-14 14:46:28,MLP_proposed,121.86,8.051,11.47
BASE_MLP_proposed_041,1,2026-07-14 14:47:40,MLP_proposed,123.07,8.6101,12.8858
BASE_MLP_proposed_042,1,2026-07-14 14:48:53,MLP_proposed,125.0,8.9889,11.5766
BASE_MLP_proposed_043,1,2026-07-14 14:51:47,MLP_proposed,112.14,8.0554,11.8083
BASE_MLP_proposed_044,1,2026-07-14 14:54:09,MLP_proposed,120.2,8.1089,12.6298
BASE_MLP_proposed_045,1,2026-07-14 14:54:48,MLP_proposed,127.7,7.9567,12.3856
BASE_MLP_proposed_046,1,2026-07-14 14:55:58,MLP_proposed,103.27,8.0778,13.5344
BASE_MLP_proposed_047,1,2026-07-14 15:00:36,MLP_proposed,105.89,8.1117,12.5915
BASE_MLP_proposed_048,2,2026-07-15 11:36:56,MLP_proposed,118.5,8.2557,12.2614
BASE_MLP_proposed_049,2,2026-07-15 11:41:06,MLP_proposed,128.45,7.4356,12.6421
BASE_MLP_proposed_050,2,2026-07-15 11:43:50,MLP_proposed,118.48,8.1726,12.8663
BASE_MLP_proposed_051,2,2026-07-15 11:47:03,MLP_proposed,110.23,8.7642,12.5704
BASE_MLP_proposed_052,2,2026-07-15 11:49:19,MLP_proposed,118.76,8.3473,12.3371
BASE_MLP_proposed_053,2,2026-07-15 11:50:40,MLP_proposed,90.69,8.6388,12.0608
BASE_MLP_proposed_054,2,2026-07-15 11:55:03,MLP_proposed,128.13,8.2181,12.4626
BASE_MLP_proposed_055,2,2026-07-15 11:57:53,MLP_proposed,112.32,8.2527,12.9346
BASE_MLP_proposed_056,2,2026-07-15 12:00:00,MLP_proposed,94.54,8.5406,11.3958
BASE_MLP_proposed_057,2,2026-07-15 12:03:35,MLP_proposed,105.31,8.0004,12.201
BASE_MLP_proposed_058,2,2026-07-15 12:07:07,MLP_proposed,121.73,7.8972,12.0435
BASE_MLP_proposed_059,2,2026-07-15 12:09:07,MLP_proposed,113.54,8.0825,12.8035
BASE_MLP_proposed_060,2,2026-07-15 12:11:28,MLP_proposed,121.95,7.9558,12.7379
BASE_MLP_proposed_061,2,2026-07-15 12:12:47,MLP_proposed,114.74,8.3066,12.1432
BASE_MLP_proposed_062,3,2026-07-15 19:26:09,MLP_proposed,116.44,8.5082,12.1932
BASE_MLP_proposed_063,3,2026-07-15 19:26:47,MLP_proposed,112.62,8.1934,12.7822
BASE_MLP_proposed_064,3,2026-07-15 19:29:42,MLP_proposed,111.15,8.1085,10.7111
BASE_MLP_proposed_065,3,2026-07-15 19:30:39,MLP_proposed,111.6,8.152,12.3345
BASE_MLP_proposed_066,3,2026-07-15 19:31:45,MLP_proposed,101.62,8.6286,12.8415
BASE_MLP_proposed_067,3,2026-07-15 19:36:27,MLP_proposed,116.9,7.8053,11.2042
BASE_MLP_proposed_068,3,2026-07-15 19:38:15,MLP_proposed,119.39,8.1363,13.005
BASE_MLP_proposed_069,3,2026-07-15 19:40:27,MLP_proposed,121.74,7.7507,12.031
BASE_MLP_proposed_070,3,2026-07-15 19:43:33,MLP_proposed,112.58,8.4017,12.5524
BASE_MLP_proposed_071,3,2026-07-15 19:46:55,MLP_proposed,109.02,8.3356,12.3131
BASE_MLP_proposed_072,3,2026-07-15 19:47:51,MLP_proposed,115.66,8.1017,11.6307
BASE_MLP_proposed_073,3,2026-07-15 19:52:00,MLP_proposed,103.15,8.4929,12.157
BASE_MLP_proposed_074,3,2026-07-15 19:53:26,MLP_proposed,120.15,8.5019,11.7735
BASE_MLP_proposed_075,3,2026-07-15 19:54:35,MLP_proposed,120.66,8.0174,12.4707
BASE_MLP_proposed_076,3,2026-07-15 19:56:24,MLP_proposed,107.95,8.1491,12.241
BASE_MLP_proposed_077,3,2026-07-15 20:00:03,MLP_proposed,107.32,8.1568,12.6997
BASE_MLP_proposed_078,3,2026-07-15 20:02:50,MLP_proposed,113.94,7.9524,12.8939
BASE_MLP_proposed_079,4,2026-07-16 08:31:56,MLP_proposed,92.18,8.4924,13.1737
BASE_MLP_proposed_080,4,2026-07-16 08:36:08,MLP_proposed,115.15,7.6705,12.1715
BASE_MLP_proposed_081,4,2026-07-16 08:37:27,MLP_proposed,127.28,8.9495,12.167
BASE_MLP_proposed_082,4,2026-07-16 08:38:34,MLP_proposed,132.98,8.3009,11.6448
BASE_MLP_proposed_083,4,2026-07-16 08:39:47,MLP_proposed,97.09,8.0621,12.1223
BASE_MLP_proposed_084,4,2026-07-16 08:41:44,MLP_proposed,110.37,8.4595,12.7426
BASE_MLP_proposed_085,4,2026-07-16 08:45:28,MLP_proposed,115.7,8.0673,12.7003
BASE_MLP_proposed_086,4,2026-07-16 08:46:29,MLP_proposed,133.15,8.2961,12.5817
BASE_MLP_proposed_087,4,2026-07-16 08:49:32,MLP_proposed,123.38,8.5977,11.847
BASE_MLP_proposed_088,4,2026-07-16 08:53:44,MLP_proposed,103.76,8.5129,12.1424
BASE_MLP_proposed_089,4,2026-07-16 08:54:45,MLP_proposed,102.89,8.0386,11.2009
BASE_MLP_proposed_090,4,2026-07-16 08:56:00,MLP_proposed,97.84,8.3308,12.5429
BASE_MLP_proposed_091,4,2026-07-16 08:58:22,MLP_proposed,115.97,8.0317,12.7542
BASE_Linear_regression_001,0,2026-07-16 09:00:00,Linear_regression,214.95,7.2318,13.1768
BASE_Linear_regression_002,0,2026-07-16 09:01:12,Linear_regression,230.55,8.1903,14.9152
BASE_MLP_proposed_092,4,2026-07-16 09:01:44,MLP_proposed,102.63,7.8764,12.7769
BASE_MLP_proposed_093,4,2026-07-16 09:04:29,MLP_proposed,128.16,8.238,12.379
BASE_Linear_regression_003,0,2026-07-16 09:05:06,Linear_regression,253.0,7.4286,13.5273
BASE_MLP_proposed_094,4,2026-07-16 09:05:28,MLP_proposed,118.12,8.5295,13.3515
BASE_Linear_regression_004,0,2026-07-16 09:06:02,Linear_regression,243.05,7.5954,13.8293
BASE_MLP_proposed_095,4,2026-07-16 09:07:34,MLP_proposed,114.17,8.2717,12.5103
BASE_MLP_proposed_096,4,2026-07-16 09:08:57,MLP_proposed,97.47,8.1097,12.6024
BASE_MLP_proposed_097,4,2026-07-16 09:11:10,MLP_proposed,124.28,8.4552,12.9668
BASE_Linear_regression_005,0,2026-07-16 09:11:46,Linear_regression,197.91,8.2278,13.7589
BASE_MLP_proposed_098,4,2026-07-16 09:11:53,MLP_proposed,109.1,8.3927,12.6825
BASE_Linear_regression_006,0,2026-07-16 09:12:42,Linear_regression,250.75,8.3796,13.4845
BASE_MLP_proposed_099,4,2026-07-16 09:12:44,MLP_proposed,121.41,8.6341,13.5171
BASE_Linear_regression_007,0,2026-07-16 09:13:55,Linear_regression,246.33,7.5597,12.923
BASE_MLP_proposed_100,4,2026-07-16 09:13:56,MLP_proposed,117.23,7.739,12.705
BASE_Linear_regression_008,0,2026-07-16 09:15:10,Linear_regression,234.01,7.879,12.9672
BASE_Linear_regression_009,0,2026-07-16 09:18:29,Linear_regression,225.53,8.1839,15.161
BASE_MLP_proposed_101,4,2026-07-16 09:19:10,MLP_proposed,112.21,8.3522,11.824
BASE_Linear_regression_010,0,2026-07-16 09:22:14,Linear_regression,228.15,7.4901,13.0811
BASE_MLP_proposed_102,4,2026-07-16 09:22:36,MLP_proposed,103.41,7.9908,11.9925
BASE_MLP_proposed_103,4,2026-07-16 09:24:20,MLP_proposed,101.66,8.2888,12.9921
BASE_Linear_regression_011,0,2026-07-16 09:25:07,Linear_regression,247.84,8.2456,13.5915
BASE_MLP_proposed_104,4,2026-07-16 09:25:50,MLP_proposed,129.35,8.3062,12.5107
BASE_MLP_proposed_105,4,2026-07-16 09:27:28,MLP_proposed,112.32,8.378,11.4248
BASE_Linear_regression_012,0,2026-07-16 09:29:05,Linear_regression,235.28,7.3584,13.3543
BASE_Linear_regression_013,0,2026-07-16 09:30:43,Linear_regression,222.81,7.8666,13.6393
BASE_Linear_regression_014,0,2026-07-16 09:31:57,Linear_regression,228.0,7.8622,13.7176
BASE_Linear_regression_015,0,2026-07-16 09:32:59,Linear_regression,292.28,7.9747,12.4546
BASE_Linear_regression_016,0,2026-07-16 09:37:30,Linear_regression,215.05,8.2387,13.0859
BASE_Linear_regression_017,0,2026-07-16 09:39:05,Linear_regression,241.89,7.5418,12.4569
BASE_Linear_regression_018,0,2026-07-16 09:40:05,Linear_regression,257.15,7.4626,12.1806
BASE_Linear_regression_019,0,2026-07-16 09:41:46,Linear_regression,260.23,8.0514,13.1331
BASE_Linear_regression_020,0,2026-07-16 09:44:58,Linear_regression,233.51,8.3904,12.6749
BASE_Linear_regression_021,0,2026-07-16 09:46:40,Linear_regression,201.24,7.6283,13.531
BASE_Linear_regression_022,0,2026-07-16 09:49:40,Linear_regression,237.11,7.3536,14.4659
BASE_Linear_regression_023,0,2026-07-16 09:52:29,Linear_regression,259.87,7.7964,12.8315
BASE_Linear_regression_024,0,2026-07-16 09:56:33,Linear_regression,184.66,8.4655,13.0917
BASE_Linear_regression_025,0,2026-07-16 09:59:26,Linear_regression,231.98,7.4267,13.1078
BASE_Linear_regression_026,0,2026-07-16 10:02:16,Linear_regression,231.73,7.9958,11.7958
BASE_Linear_regression_027,0,2026-07-16 10:03:25,Linear_regression,251.38,8.1718,12.913
BASE_Linear_regression_028,0,2026-07-16 10:05:26,Linear_regression,227.89,7.5785,14.0316
BASE_Linear_regression_029,0,2026-07-16 10:06:56,Linear_regression,214.7,7.9448,13.4169
BASE_Linear_regression_030,0,2026-07-16 10:08:09,Linear_regression,241.64,7.7143,14.3676
BASE_Linear_regression_031,0,2026-07-16 10:09:07,Linear_regression,205.51,7.4142,13.6536
BASE_Linear_regression_032,0,2026-07-16 10:10:00,Linear_regression,220.44,7.6591,13.9607
BASE_Linear_regression_033,0,2026-07-16 10:12:10,Linear_regression,214.15,8.1921,14.2632
BASE_Linear_regression_034,0,2026-07-16 10:14:14,Linear_regression,249.4,7.8802,13.3708
BASE_Linear_regression_035,1,2026-07-16 20:35:45,Linear_regression,247.12,8.1178,12.607
BASE_Linear_regression_036,1,2026-07-16 20:37:53,Linear_regression,250.56,7.9382,14.0318
BASE_Linear_regression_037,1,2026-07-16 20:38:57,Linear_regression,205.31,7.521,13.8834
BASE_Linear_regression_038,1,2026-07-16 20:39:38,Linear_regression,228.32,7.8075,13.7247
BASE_Linear_regression_039,1,2026-07-16 20:42:29,Linear_regression,283.47,7.5695,15.0623
BASE_Linear_regression_040,1,2026-07-16 20:44:01,Linear_regression,207.54,7.5707,12.9593
BASE_Linear_regression_041,1,2026-07-16 20:46:06,Linear_regression,259.46,7.5782,14.8724
BASE_Linear_regression_042,1,2026-07-16 20:48:58,Linear_regression,247.48,7.8295,12.8421
BASE_Linear_regression_043,1,2026-07-16 20:49:47,Linear_regression,244.5,7.7686,13.03
BASE_Linear_regression_044,1,2026-07-16 20:51:51,Linear_regression,189.0,7.7273,13.7118
BASE_Linear_regression_045,1,2026-07-16 20:52:35,Linear_regression,253.14,8.2894,14.0164
BASE_Linear_regression_046,1,2026-07-16 20:54:22,Linear_regression,242.31,7.6706,13.8331
BASE_Linear_regression_047,1,2026-07-16 20:55:45,Linear_regression,264.13,8.0796,14.141
BASE_Linear_regression_048,1,2026-07-16 20:56:09,Linear_regression,211.95,8.0087,13.4128
BASE_Linear_regression_049,1,2026-07-16 20:57:36,Linear_regression,233.65,8.0413,13.5766
BASE_Linear_regression_050,1,2026-07-16 20:59:05,Linear_regression,252.56,7.9582,12.5111
BASE_Linear_regression_051,1,2026-07-16 21:01:38,Linear_regression,252.24,8.4772,13.9886
BASE_Linear_regression_052,1,2026-07-16 21:04:03,Linear_regression,262.79,7.669,13.1576
BASE_Linear_regression_053,1,2026-07-16 21:05:45,Linear_regression,249.82,7.5854,12.6001
BASE_Linear_regression_054,1,2026-07-16 21:06:31,Linear_regression,219.23,7.8586,12.5158
BASE_Linear_regression_055,1,2026-07-16 21:06:53,Linear_regression,214.29,7.4317,12.7061
BASE_Linear_regression_056,1,2026-07-16 21:09:00,Linear_regression,247.38,8.2458,15.7789
BASE_Linear_regression_057,1,2026-07-16 21:09:22,Linear_regression,236.29,7.8027,13.4554
BASE_Linear_regression_058,1,2026-07-16 21:10:37,Linear_regression,251.97,8.1075,13.9692
BASE_Linear_regression_059,1,2026-07-16 21:11:32,Linear_regression,231.65,7.9596,12.8821
BASE_Linear_regression_060,1,2026-07-16 21:12:47,Linear_regression,217.06,8.3397,13.8814
BASE_Linear_regression_061,1,2026-07-16 21:16:17,Linear_regression,232.98,7.5547,12.8799
BASE_Linear_regression_062,1,2026-07-16 21:17:48,Linear_regression,229.34,7.6534,13.73
BASE_Linear_regression_063,1,2026-07-16 21:20:41,Linear_regression,228.73,8.0095,14.4687
BASE_Linear_regression_064,1,2026-07-16 21:22:44,Linear_regression,209.89,7.8408,13.7408
BASE_Linear_regression_065,1,2026-07-16 21:24:52,Linear_regression,205.06,7.7805,14.6608
BASE_Linear_regression_066,1,2026-07-16 21:25:19,Linear_regression,238.87,7.5387,13.0805
BASE_Linear_regression_067,2,2026-07-17 11:08:04,Linear_regression,234.02,7.6361,13.6985
BASE_Linear_regression_068,2,2026-07-17 11:11:29,Linear_regression,243.27,8.0032,13.7314
BASE_Linear_regression_069,2,2026-07-17 11:13:11,Linear_regression,236.44,7.5358,14.8055
BASE_Linear_regression_070,2,2026-07-17 11:15:14,Linear_regression,230.39,7.5733,14.9643
BASE_Linear_regression_071,2,2026-07-17 11:16:06,Linear_regression,195.67,7.6649,13.2595
BASE_Linear_regression_072,2,2026-07-17 11:19:08,Linear_regression,269.7,8.3528,13.4701
BASE_Linear_regression_073,2,2026-07-17 11:23:19,Linear_regression,283.99,7.8313,14.1657
BASE_Linear_regression_074,2,2026-07-17 11:23:57,Linear_regression,233.62,8.0673,13.3386
BASE_Linear_regression_075,2,2026-07-17 11:26:25,Linear_regression,221.6,7.8407,14.4558
BASE_Linear_regression_076,2,2026-07-17 11:26:40,Linear_regression,241.72,8.1539,13.2424
BASE_Linear_regression_077,2,2026-07-17 11:30:37,Linear_regression,232.97,8.3624,14.0356
BASE_Linear_regression_078,2,2026-07-17 11:31:37,Linear_regression,273.24,7.7552,13.2989
BASE_Linear_regression_079,2,2026-07-17 11:34:34,Linear_regression,222.01,7.5417,12.6001
BASE_Linear_regression_080,2,2026-07-17 11:35:46,Linear_regression,254.28,7.7414,15.3238
BASE_Linear_regression_081,2,2026-07-17 11:37:02,Linear_regression,218.94,8.0237,13.2722
BASE_Linear_regression_082,2,2026-07-17 11:37:52,Linear_regression,205.13,7.6263,14.2968
BASE_Linear_regression_083,2,2026-07-17 11:41:44,Linear_regression,227.4,8.0831,12.6236
BASE_Linear_regression_084,2,2026-07-17 11:44:54,Linear_regression,292.48,7.83,14.9212
BASE_Linear_regression_085,2,2026-07-17 11:45:43,Linear_regression,253.78,8.0196,14.1688
BASE_Linear_regression_086,2,2026-07-17 11:46:14,Linear_regression,236.75,8.0563,13.4468
BASE_Linear_regression_087,2,2026-07-17 11:47:52,Linear_regression,223.1,7.5313,14.2595
BASE_Linear_regression_088,2,2026-07-17 11:51:12,Linear_regression,221.42,8.135,12.795
BASE_Linear_regression_089,2,2026-07-17 11:52:40,Linear_regression,228.62,8.3077,13.8296
BASE_Linear_regression_090,2,2026-07-17 11:53:40,Linear_regression,281.81,8.209,13.1725
BASE_Linear_regression_091,2,2026-07-17 11:55:24,Linear_regression,248.6,7.7503,13.826
BASE_Linear_regression_092,2,2026-07-17 11:57:15,Linear_regression,197.1,7.7445,13.5501
BASE_Linear_regression_093,2,2026-07-17 11:58:07,Linear_regression,227.49,7.9256,12.22
BASE_Linear_regression_094,3,2026-07-18 04:12:51,Linear_regression,241.93,7.8616,13.3305
BASE_Linear_regression_095,3,2026-07-18 04:15:04,Linear_regression,212.09,7.7239,13.7186
BASE_Linear_regression_096,3,2026-07-18 04:16:12,Linear_regression,224.23,7.9892,13.023
BASE_Linear_regression_097,3,2026-07-18 04:17:00,Linear_regression,261.79,7.8887,14.6382
BASE_Linear_regression_098,3,2026-07-18 04:19:28,Linear_regression,221.43,7.5152,14.1356
BASE_Linear_regression_099,3,2026-07-18 04:21:19,Linear_regression,234.15,7.9195,13.5406
BASE_Linear_regression_100,3,2026-07-18 04:22:45,Linear_regression,240.16,8.0376,13.9943
BASE_Linear_regression_101,3,2026-07-18 04:24:41,Linear_regression,264.16,7.9448,13.0565
BASE_Linear_regression_102,3,2026-07-18 04:25:16,Linear_regression,253.9,7.5263,13.8117
BASE_Linear_regression_103,3,2026-07-18 04:27:52,Linear_regression,283.02,7.8338,12.9658
BASE_Linear_regression_104,3,2026-07-18 04:29:41,Linear_regression,221.65,7.6469,13.6593
BASE_Linear_regression_105,3,2026-07-18 04:30:59,Linear_regression,245.13,7.8752,13.6111
BASE_Linear_regression_106,3,2026-07-18 04:33:55,Linear_regression,243.78,7.6636,13.1735
BASE_Linear_regression_107,3,2026-07-18 04:36:27,Linear_regression,261.11,8.283,13.5665
BASE_Linear_regression_108,3,2026-07-18 04:38:22,Linear_regression,197.09,8.0016,14.081
BASE_Linear_regression_109,3,2026-07-18 04:41:16,Linear_regression,227.36,7.972,13.4713
BASE_MLP_proposed_106,5,2026-07-18 06:41:18,MLP_proposed,133.01,7.8133,11.8291
BASE_MLP_proposed_107,5,2026-07-18 06:45:17,MLP_proposed,112.91,8.4448,11.7256
BASE_MLP_proposed_108,5,2026-07-18 06:49:08,MLP_proposed,120.24,7.7059,12.7285
BASE_MLP_proposed_109,5,2026-07-18 06:52:26,MLP_proposed,124.51,8.3514,12.5511
BASE_MLP_proposed_110,5,2026-07-18 06:53:40,MLP_proposed,111.21,8.5044,12.9832
BASE_MLP_proposed_111,5,2026-07-18 06:58:22,MLP_proposed,140.4,8.4018,11.9117
BASE_MLP_proposed_112,5,2026-07-18 07:02:04,MLP_proposed,120.66,8.3527,11.8551
BASE_MLP_proposed_113,5,2026-07-18 07:03:09,MLP_proposed,132.77,8.1238,12.4786
BASE_MLP_proposed_114,5,2026-07-18 07:05:36,MLP_proposed,119.94,8.1585,12.9086
BASE_MLP_proposed_115,5,2026-07-18 07:07:29,MLP_proposed,121.19,8.5468,11.8741
BASE_MLP_proposed_116,5,2026-07-18 07:10:04,MLP_proposed,118.69,8.3037,12.2568
BASE_MLP_proposed_117,5,2026-07-18 07:11:54,MLP_proposed,104.61,8.1788,12.1172
BASE_MLP_proposed_118,5,2026-07-18 07:14:23,MLP_proposed,112.9,8.9254,11.469
BASE_MLP_proposed_119,5,2026-07-18 07:16:58,MLP_proposed,116.64,8.6983,12.1315
BASE_MLP_proposed_120,5,2026-07-18 07:19:03,MLP_proposed,105.29,8.3218,12.331
BASE_MLP_proposed_121,5,2026-07-18 07:20:21,MLP_proposed,113.1,8.1327,11.6613
BASE_MLP_proposed_122,5,2026-07-18 07:21:36,MLP_proposed,105.42,7.9983,13.1359
BASE_MLP_proposed_123,5,2026-07-18 07:24:31,MLP_proposed,114.68,8.3107,13.0307
BASE_MLP_proposed_124,5,2026-07-18 07:27:16,MLP_proposed,101.3,8.1789,12.0192
BASE_MLP_proposed_125,5,2026-07-18 07:28:10,MLP_proposed,128.83,8.2209,12.8836
BASE_MLP_proposed_126,5,2026-07-18 07:30:10,MLP_proposed,115.92,8.3982,12.8727
BASE_MLP_proposed_127,5,2026-07-18 07:33:41,MLP_proposed,100.04,8.0462,12.4285
BASE_MLP_proposed_128,5,2026-07-18 07:36:10,MLP_proposed,102.02,8.6997,12.5558
BASE_MLP_proposed_129,6,2026-07-18 19:41:17,MLP_proposed,105.22,8.5816,12.9434
BASE_MLP_proposed_130,6,2026-07-18 19:44:52,MLP_proposed,115.27,8.2779,13.4866
BASE_MLP_proposed_131,6,2026-07-18 19:46:18,MLP_proposed,108.76,8.2993,12.1869
BASE_MLP_proposed_132,6,2026-07-18 19:51:16,MLP_proposed,120.48,8.2391,13.1299
BASE_MLP_proposed_133,6,2026-07-18 19:52:25,MLP_proposed,114.84,7.6501,13.1759
BASE_MLP_proposed_134,6,2026-07-18 19:55:13,MLP_proposed,111.36,7.8347,12.3518
BASE_MLP_proposed_135,6,2026-07-18 19:58:26,MLP_proposed,118.29,8.4731,11.9109
BASE_MLP_proposed_136,6,2026-07-18 20:02:24,MLP_proposed,104.66,8.2952,12.8508
BASE_MLP_proposed_137,6,2026-07-18 20:06:52,MLP_proposed,111.61,8.7796,12.2748
BASE_MLP_proposed_138,6,2026-07-18 20:07:15,MLP_proposed,121.79,8.2853,11.9803
BASE_MLP_proposed_139,6,2026-07-18 20:08:16,MLP_proposed,94.66,8.1249,12.3505
BASE_MLP_proposed_140,6,2026-07-18 20:12:38,MLP_proposed,112.53,8.1659,11.9399
BASE_MLP_proposed_141,6,2026-07-18 20:13:34,MLP_proposed,97.75,8.1004,13.2765
BASE_MLP_proposed_142,6,2026-07-18 20:15:12,MLP_proposed,113.93,7.8892,11.4085
BASE_MLP_proposed_143,6,2026-07-18 20:17:12,MLP_proposed,121.2,8.4265,11.6002
BASE_MLP_proposed_144,6,2026-07-18 20:18:58,MLP_proposed,104.53,8.3851,12.6635
BASE_MLP_proposed_145,6,2026-07-18 20:21:56,MLP_proposed,118.28,8.1679,12.7275
BASE_MLP_proposed_146,6,2026-07-18 20:23:18,MLP_proposed,103.65,7.8909,11.6712
BASE_MLP_proposed_147,6,2026-07-18 20:24:15,MLP_proposed,110.28,8.0943,11.8432
BASE_MLP_proposed_148,6,2026-07-18 20:26:58,MLP_proposed,118.99,8.0172,12.4159
BASE_MLP_proposed_149,6,2026-07-18 20:28:25,MLP_proposed,118.3,7.8609,12.9487
BASE_MLP_proposed_150,6,2026-07-18 20:30:26,MLP_proposed,135.39,8.5228,12.1674
BASE_Linear_regression_110,4,2026-07-19 02:39:59,Linear_regression,240.37,7.9329,13.7239
BASE_Linear_regression_111,4,2026-07-19 02:40:45,Linear_regression,227.7,7.5459,12.6542
BASE_Linear_regression_112,4,2026-07-19 02:42:55,Linear_regression,177.25,8.0536,12.9119
BASE_Linear_regression_113,4,2026-07-19 02:45:42,Linear_regression,209.33,7.8386,13.3932
BASE_Linear_regression_114,4,2026-07-19 02:49:13,Linear_regression,243.59,7.7683,12.9421
BASE_Linear_regression_115,4,2026-07-19 02:52:05,Linear_regression,261.88,7.7686,13.9486
BASE_Linear_regression_116,4,2026-07-19 02:54:57,Linear_regression,216.2,7.6857,13.9499
BASE_Linear_regression_117,4,2026-07-19 02:59:05,Linear_regression,243.52,7.9677,13.6655
BASE_Linear_regression_118,4,2026-07-19 03:01:26,Linear_regression,216.77,7.9972,13.9161
BASE_Linear_regression_119,4,2026-07-19 03:03:56,Linear_regression,225.76,7.8531,13.8105
BASE_Linear_regression_120,4,2026-07-19 03:06:41,Linear_regression,210.53,7.3219,13.962
BASE_Linear_regression_121,4,2026-07-19 03:10:36,Linear_regression,212.97,7.8,13.172
BASE_Linear_regression_122,4,2026-07-19 03:11:56,Linear_regression,269.17,7.7162,12.5396
BASE_Linear_regression_123,4,2026-07-19 03:12:33,Linear_regression,234.42,8.1586,13.6544
BASE_Linear_regression_124,4,2026-07-19 03:14:40,Linear_regression,220.81,7.7009,13.4053
BASE_Linear_regression_125,4,2026-07-19 03:20:36,Linear_regression,251.87,7.4118,13.2156
BASE_Linear_regression_126,4,2026-07-19 03:22:07,Linear_regression,224.68,8.0448,13.6143
BASE_Static_1500_001,0,2026-07-19 17:00:00,Static_1500,1406.87,6.99,14.7862
BASE_Static_1500_002,0,2026-07-19 17:02:08,Static_1500,1487.64,7.1926,16.0549
BASE_Static_1500_003,0,2026-07-19 17:03:52,Static_1500,1665.35,7.2736,15.9388
BASE_Static_1500_004,0,2026-07-19 17:05:24,Static_1500,1831.46,6.9568,15.8179
BASE_Static_1500_005,0,2026-07-19 17:06:59,Static_1500,1487.35,6.796,15.664
BASE_Static_1500_006,0,2026-07-19 17:10:23,Static_1500,1971.02,6.8642,15.0086
BASE_Static_1500_007,0,2026-07-19 17:11:26,Static_1500,1503.77,7.2946,15.7877
BASE_Static_1500_008,0,2026-07-19 17:13:52,Static_1500,1504.21,6.9391,16.431
BASE_Static_1500_009,0,2026-07-19 17:16:23,Static_1500,1607.62,7.4778,14.8913
BASE_Static_1500_010,0,2026-07-19 17:18:02,Static_1500,1469.09,7.4191,16.8509
BASE_Static_1500_011,0,2026-07-19 17:20:40,Static_1500,1563.59,6.8605,15.2026
BASE_Static_1500_012,0,2026-07-19 17:22:43,Static_1500,1576.24,7.4867,16.4822
BASE_Static_1500_013,0,2026-07-19 17:27:29,Static_1500,1497.86,6.8819,15.5109
BASE_Static_1500_014,0,2026-07-19 17:31:53,Static_1500,1521.45,6.9945,17.1257
BASE_Static_1500_015,0,2026-07-19 17:33:24,Static_1500,1640.44,7.01,17.0958
BASE_Static_1500_016,0,2026-07-19 17:34:57,Static_1500,1745.52,6.7718,17.1516
BASE_Static_1500_017,0,2026-07-19 17:36:21,Static_1500,1910.84,7.048,17.5559
BASE_Static_1500_018,0,2026-07-19 17:40:47,Static_1500,1586.55,7.1803,15.5418
BASE_Static_1500_019,0,2026-07-19 17:43:29,Static_1500,1369.4,7.6169,13.3696
BASE_Static_1500_020,0,2026-07-19 17:45:00,Static_1500,1497.82,7.3673,14.5218
BASE_Random_forest_001,0,2026-07-20 15:00:00,Random_forest,159.95,8.0701,12.8902
BASE_Random_forest_002,0,2026-07-20 15:00:53,Random_forest,166.81,8.3853,12.139
BASE_Random_forest_003,0,2026-07-20 15:01:29,Random_forest,176.1,8.1588,12.9741
BASE_Random_forest_004,0,2026-07-20 15:07:12,Random_forest,174.19,8.4405,13.6285
BASE_Random_forest_005,0,2026-07-20 15:10:46,Random_forest,146.37,7.8774,13.961
BASE_Random_forest_006,0,2026-07-20 15:14:16,Random_forest,143.32,8.3296,12.6077
BASE_Random_forest_007,0,2026-07-20 15:15:59,Random_forest,207.61,8.0949,13.6441
BASE_Random_forest_008,0,2026-07-20 15:18:23,Random_forest,191.68,7.3742,13.7018
BASE_Random_forest_009,0,2026-07-20 15:20:27,Random_forest,142.29,7.6682,13.2757
BASE_Random_forest_010,0,2026-07-20 15:23:12,Random_forest,160.81,7.9958,13.4298
BASE_Random_forest_011,0,2026-07-20 15:23:40,Random_forest,168.64,8.3221,13.9105
BASE_Random_forest_012,0,2026-07-20 15:25:42,Random_forest,178.46,8.0038,12.2101
BASE_Random_forest_013,0,2026-07-20 15:27:58,Random_forest,166.39,7.8661,13.0675
BASE_Random_forest_014,0,2026-07-20 15:29:29,Random_forest,153.4,8.2219,13.7121
BASE_Random_forest_015,0,2026-07-20 15:32:05,Random_forest,168.39,7.9311,11.8891
BASE_Random_forest_016,0,2026-07-20 15:34:05,Random_forest,160.26,8.163,13.0153
BASE_Random_forest_017,0,2026-07-20 15:36:35,Random_forest,170.82,8.0342,11.8165
BASE_Random_forest_018,0,2026-07-20 15:39:54,Random_forest,158.41,9.0194,12.1844
BASE_Random_forest_019,0,2026-07-20 15:42:12,Random_forest,150.13,8.1179,12.5215
BASE_Random_forest_020,0,2026-07-20 15:44:13,Random_forest,171.54,8.3856,12.7883
BASE_Random_forest_021,0,2026-07-20 15:47:06,Random_forest,166.41,8.1815,14.0816
BASE_Random_forest_022,0,2026-07-20 15:51:31,Random_forest,153.18,8.1619,13.0739
BASE_Random_forest_023,0,2026-07-20 15:53:25,Random_forest,169.13,8.0705,12.7825
BASE_Random_forest_024,0,2026-07-20 15:54:49,Random_forest,155.25,8.4228,13.1711
BASE_Random_forest_025,0,2026-07-20 15:55:45,Random_forest,188.04,7.9057,13.2433
BASE_Random_forest_026,0,2026-07-20 15:57:14,Random_forest,178.13,7.655,12.1023
BASE_Random_forest_027,0,2026-07-20 16:01:57,Random_forest,160.57,8.4204,12.8315
BASE_Random_forest_028,0,2026-07-20 16:03:39,Random_forest,150.43,8.2072,12.5182
BASE_Random_forest_029,0,2026-07-20 16:05:07,Random_forest,158.73,7.9387,13.9971
BASE_Random_forest_030,0,2026-07-20 16:05:38,Random_forest,153.7,8.3215,13.1209
BASE_Static_1500_021,1,2026-07-20 20:37:34,Static_1500,1348.4,6.8873,14.7707
BASE_Static_1500_022,1,2026-07-20 20:38:59,Static_1500,1572.13,7.1009,16.4838
BASE_Static_1500_023,1,2026-07-20 20:40:15,Static_1500,1465.86,7.3114,16.4935
BASE_Static_1500_024,1,2026-07-20 20:47:22,Static_1500,1607.24,6.9932,14.8866
BASE_Static_1500_025,1,2026-07-20 20:51:36,Static_1500,1523.43,6.8233,16.244
BASE_Static_1500_026,1,2026-07-20 20:52:00,Static_1500,1559.65,6.992,15.2792
BASE_Static_1500_027,1,2026-07-20 20:54:51,Static_1500,1504.11,6.7443,15.2149
BASE_Static_1500_028,1,2026-07-20 20:56:16,Static_1500,1793.28,7.0369,15.8394
BASE_Static_1500_029,1,2026-07-20 21:02:26,Static_1500,1320.01,6.8886,14.5751
BASE_Static_1500_030,1,2026-07-20 21:04:43,Static_1500,1722.79,7.3132,16.3215
BASE_Static_1500_031,1,2026-07-20 21:09:30,Static_1500,1731.39,6.9572,16.158
BASE_Static_1500_032,1,2026-07-20 21:11:38,Static_1500,1647.86,6.7143,17.1744
BASE_Static_1500_033,1,2026-07-20 21:13:10,Static_1500,1598.13,7.1909,16.4768
BASE_Static_1500_034,1,2026-07-20 21:19:30,Static_1500,1620.97,6.9475,16.0336
BASE_Static_1500_035,1,2026-07-20 21:22:37,Static_1500,1502.38,6.7874,16.7295
BASE_Static_1500_036,1,2026-07-20 21:25:23,Static_1500,1417.21,7.081,15.6532
BASE_Static_1500_037,1,2026-07-20 21:30:19,Static_1500,1679.2,6.8125,15.8927
BASE_Static_1500_038,1,2026-07-20 21:33:25,Static_1500,1670.07,6.5906,14.8211
BASE_Static_1500_039,1,2026-07-20 21:38:22,Static_1500,1696.82,6.7138,15.2154
BASE_Static_1500_040,1,2026-07-20 21:41:43,Static_1500,1542.88,7.274,15.7565
BASE_Static_1500_041,1,2026-07-20 21:42:50,Static_1500,1719.17,7.3658,16.6353
BASE_Static_1500_042,1,2026-07-20 21:43:59,Static_1500,1654.6,6.8848,17.1473
BASE_Static_1500_043,1,2026-07-20 21:47:34,Static_1500,1851.53,7.0795,17.1812
BASE_Static_1500_044,1,2026-07-20 21:49:44,Static_1500,1563.2,6.5709,15.4608
BASE_Static_1500_045,1,2026-07-20 21:50:52,Static_1500,1288.65,7.1992,15.7619
BASE_Static_1500_046,1,2026-07-20 21:54:41,Static_1500,1418.68,6.9464,15.0937
BASE_Static_1500_047,1,2026-07-20 21:57:51,Static_1500,1617.2,7.1269,14.5435
BASE_Static_1500_048,1,2026-07-20 21:58:58,Static_1500,1374.74,6.91,16.5811
BASE_Static_1500_049,2,2026-07-21 08:52:44,Static_1500,1662.14,6.9724,14.6876
BASE_Static_1500_050,2,2026-07-21 08:54:51,Static_1500,1459.41,6.5831,16.3791
BASE_Static_1500_051,2,2026-07-21 08:55:33,Static_1500,1577.51,7.0834,15.3478
BASE_Static_1500_052,2,2026-07-21 08:58:30,Static_1500,1600.46,6.8443,15.6331
BASE_Static_1500_053,2,2026-07-21 09:00:37,Static_1500,1440.79,7.0474,16.6928
BASE_Static_1500_054,2,2026-07-21 09:02:23,Static_1500,1614.88,7.3898,15.1183
BASE_Static_1500_055,2,2026-07-21 09:05:50,Static_1500,1730.72,6.3875,16.2827
BASE_Static_1500_056,2,2026-07-21 09:06:34,Static_1500,1481.93,7.2315,15.0874
BASE_Static_1500_057,2,2026-07-21 09:08:18,Static_1500,1511.1,7.0621,15.7543
BASE_Static_1500_058,2,2026-07-21 09:11:12,Static_1500,1472.09,7.0481,15.6881
BASE_Static_1500_059,2,2026-07-21 09:12:25,Static_1500,1647.48,7.1862,15.9145
BASE_Static_1500_060,2,2026-07-21 09:16:28,Static_1500,1700.73,6.861,14.7908
BASE_Static_1500_061,2,2026-07-21 09:18:01,Static_1500,1464.61,6.5183,15.5695
BASE_Static_1500_062,2,2026-07-21 09:19:13,Static_1500,1496.45,6.8136,16.0921
BASE_Static_1500_063,2,2026-07-21 09:22:28,Static_1500,1673.63,6.8684,15.1773
BASE_Static_1500_064,2,2026-07-21 09:23:50,Static_1500,1560.7,6.4013,16.2622
BASE_Static_1500_065,2,2026-07-21 09:26:05,Static_1500,1812.06,7.0845,16.199
BASE_Static_1500_066,2,2026-07-21 09:30:44,Static_1500,1543.6,7.0749,15.7097
BASE_Random_forest_031,1,2026-07-21 14:43:44,Random_forest,170.83,8.1935,12.4664
BASE_Random_forest_032,1,2026-07-21 14:49:57,Random_forest,152.83,8.2638,12.8225
BASE_Random_forest_033,1,2026-07-21 14:50:59,Random_forest,188.89,8.2117,12.9592
BASE_Random_forest_034,1,2026-07-21 14:52:41,Random_forest,168.5,8.1212,12.0945
BASE_Random_forest_035,1,2026-07-21 14:54:59,Random_forest,164.28,7.9412,12.6828
BASE_Random_forest_036,1,2026-07-21 14:55:38,Random_forest,158.61,7.9947,12.2008
BASE_Random_forest_037,1,2026-07-21 14:56:40,Random_forest,156.52,8.3375,12.2263
BASE_Random_forest_038,1,2026-07-21 14:59:06,Random_forest,143.89,8.3633,12.9063
BASE_Random_forest_039,1,2026-07-21 15:00:21,Random_forest,162.43,8.1178,12.0934
BASE_Random_forest_040,1,2026-07-21 15:02:54,Random_forest,141.22,8.4455,12.7989
BASE_Random_forest_041,1,2026-07-21 15:04:17,Random_forest,170.26,8.0851,13.4581
BASE_Random_forest_042,1,2026-07-21 15:08:21,Random_forest,175.19,8.4411,12.3243
BASE_Random_forest_043,1,2026-07-21 15:12:57,Random_forest,151.7,8.5394,13.3934
BASE_Random_forest_044,1,2026-07-21 15:14:53,Random_forest,163.05,8.2532,12.3648
BASE_Random_forest_045,1,2026-07-21 15:16:47,Random_forest,153.11,7.9671,11.7905
BASE_Random_forest_046,2,2026-07-21 22:26:19,Random_forest,178.5,8.0837,13.5701
BASE_Random_forest_047,2,2026-07-21 22:27:34,Random_forest,173.25,8.0102,13.1062
BASE_Random_forest_048,2,2026-07-21 22:30:13,Random_forest,169.95,8.0647,11.8766
BASE_Random_forest_049,2,2026-07-21 22:32:33,Random_forest,147.7,7.9086,12.0381
BASE_Random_forest_050,2,2026-07-21 22:33:35,Random_forest,173.79,8.1734,11.7341
BASE_Random_forest_051,2,2026-07-21 22:36:14,Random_forest,179.43,7.6781,12.7668
BASE_Random_forest_052,2,2026-07-21 22:37:08,Random_forest,168.58,7.7294,12.5621
BASE_Random_forest_053,2,2026-07-21 22:38:52,Random_forest,180.82,8.0751,10.6208
BASE_Random_forest_054,2,2026-07-21 22:39:41,Random_forest,162.9,8.0842,12.7486
BASE_Random_forest_055,2,2026-07-21 22:42:05,Random_forest,163.49,7.6792,12.3274
BASE_Random_forest_056,2,2026-07-21 22:46:10,Random_forest,179.95,8.1506,13.2398
BASE_Random_forest_057,2,2026-07-21 22:47:31,Random_forest,175.94,8.1812,13.3374
BASE_Random_forest_058,2,2026-07-21 22:50:16,Random_forest,153.61,8.1625,12.3285
BASE_Random_forest_059,2,2026-07-21 22:52:59,Random_forest,181.56,7.8924,12.4756
BASE_Random_forest_060,2,2026-07-21 22:55:06,Random_forest,184.28,8.2122,12.4519
BASE_Random_forest_061,2,2026-07-21 22:57:05,Random_forest,145.41,8.126,13.0049
BASE_Random_forest_062,2,2026-07-21 23:01:20,Random_forest,149.89,7.9528,13.885
BASE_Random_forest_063,2,2026-07-21 23:02:03,Random_forest,159.66,7.9899,12.2864
BASE_Random_forest_064,2,2026-07-21 23:04:13,Random_forest,162.04,7.5149,12.2883
BASE_Random_forest_065,2,2026-07-21 23:06:58,Random_forest,175.11,8.0716,11.9546
BASE_Random_forest_066,2,2026-07-21 23:07:10,Random_forest,161.81,7.9385,12.8649
BASE_Random_forest_067,2,2026-07-21 23:08:34,Random_forest,154.07,7.9658,13.2957
BASE_Random_forest_068,2,2026-07-21 23:09:27,Random_forest,156.42,8.38,12.1633
BASE_Random_forest_069,2,2026-07-21 23:12:25,Random_forest,173.69,8.0135,13.8534
BASE_Random_forest_070,3,2026-07-22 01:01:57,Random_forest,171.88,7.6553,13.0587
BASE_Random_forest_071,3,2026-07-22 01:05:56,Random_forest,169.32,7.9225,13.0047
BASE_Random_forest_072,3,2026-07-22 01:07:57,Random_forest,164.78,8.3128,13.6732
BASE_Random_forest_073,3,2026-07-22 01:09:34,Random_forest,146.66,7.8418,13.6384
BASE_Random_forest_074,3,2026-07-22 01:14:44,Random_forest,176.44,8.1561,11.808
BASE_Random_forest_075,3,2026-07-22 01:16:22,Random_forest,172.98,8.1843,12.7475
BASE_Random_forest_076,3,2026-07-22 01:16:38,Random_forest,174.85,8.3288,14.1552
BASE_Random_forest_077,3,2026-07-22 01:17:38,Random_forest,155.31,8.0236,12.3066
BASE_Random_forest_078,3,2026-07-22 01:21:09,Random_forest,204.67,8.0435,13.08
BASE_Random_forest_079,3,2026-07-22 01:22:22,Random_forest,181.11,7.5322,11.4369
BASE_Random_forest_080,3,2026-07-22 01:23:38,Random_forest,176.35,8.0955,11.6795
BASE_Random_forest_081,3,2026-07-22 01:24:18,Random_forest,158.88,8.3588,12.5192
BASE_Random_forest_082,3,2026-07-22 01:26:59,Random_forest,158.72,8.0016,12.5367
BASE_Random_forest_083,3,2026-07-22 01:29:43,Random_forest,178.14,8.2237,12.0998
BASE_Random_forest_084,3,2026-07-22 01:32:57,Random_forest,172.03,8.5909,12.8306
BASE_Random_forest_085,3,2026-07-22 01:34:00,Random_forest,196.36,7.5406,12.1443
BASE_Random_forest_086,3,2026-07-22 01:36:26,Random_forest,185.99,8.2202,12.5322
BASE_Random_forest_087,3,2026-07-22 01:39:03,Random_forest,130.57,8.3946,12.8544
BASE_Random_forest_088,3,2026-07-22 01:41:24,Random_forest,157.7,8.0548,12.4641
BASE_Static_1500_067,3,2026-07-22 03:26:21,Static_1500,1461.54,6.6663,15.4191
BASE_Static_1500_068,3,2026-07-22 03:28:34,Static_1500,1386.4,6.9608,15.9318
BASE_Static_1500_069,3,2026-07-22 03:32:05,Static_1500,1459.2,6.9597,15.1824
BASE_Static_1500_070,3,2026-07-22 03:35:34,Static_1500,1321.24,6.9497,16.1267
BASE_Static_1500_071,3,2026-07-22 03:38:26,Static_1500,1585.85,6.9377,15.8412
BASE_Static_1500_072,3,2026-07-22 03:41:27,Static_1500,1805.54,7.2042,16.88
BASE_Static_1500_073,3,2026-07-22 03:42:25,Static_1500,1341.76,6.9974,15.6856
BASE_Static_1500_074,3,2026-07-22 03:43:16,Static_1500,1362.57,7.4654,14.9613
BASE_Static_1500_075,3,2026-07-22 03:46:15,Static_1500,1392.83,7.0025,16.0359
BASE_Static_1500_076,3,2026-07-22 03:47:37,Static_1500,1520.85,7.2771,15.4686
BASE_Static_1500_077,3,2026-07-22 03:51:50,Static_1500,1418.88,7.3027,17.0063
BASE_Static_1500_078,3,2026-07-22 03:53:05,Static_1500,1668.74,6.5855,14.9761
BASE_Static_1500_079,3,2026-07-22 03:54:18,Static_1500,1701.03,7.0188,15.2224
BASE_Static_1500_080,3,2026-07-22 03:57:47,Static_1500,1455.79,7.0719,15.532
BASE_Static_1500_081,3,2026-07-22 03:59:38,Static_1500,1515.48,7.1058,15.5241
BASE_Static_1500_082,3,2026-07-22 04:01:56,Static_1500,1448.32,7.0765,15.8519
BASE_Static_1500_083,3,2026-07-22 04:04:00,Static_1500,1645.17,7.2748,17.8837
BASE_Linear_regression_127,5,2026-07-22 04:15:00,Linear_regression,249.74,7.6245,13.4792
BASE_Linear_regression_128,5,2026-07-22 04:15:29,Linear_regression,234.28,7.5409,12.6889
BASE_Linear_regression_129,5,2026-07-22 04:18:40,Linear_regression,243.12,7.4485,14.009
BASE_Linear_regression_130,5,2026-07-22 04:20:02,Linear_regression,215.28,8.1386,13.3204
BASE_Linear_regression_131,5,2026-07-22 04:21:41,Linear_regression,240.99,7.8487,13.2591
BASE_Linear_regression_132,5,2026-07-22 04:22:49,Linear_regression,242.27,7.7474,14.5504
BASE_Linear_regression_133,5,2026-07-22 04:25:59,Linear_regression,254.87,7.7237,12.872
BASE_Linear_regression_134,5,2026-07-22 04:27:45,Linear_regression,259.58,8.3457,13.0619
BASE_Linear_regression_135,5,2026-07-22 04:30:08,Linear_regression,223.09,7.9978,13.4401
BASE_Linear_regression_136,5,2026-07-22 04:31:39,Linear_regression,254.9,7.9328,14.1312
BASE_Linear_regression_137,5,2026-07-22 04:32:35,Linear_regression,219.55,7.9139,13.7162
BASE_Linear_regression_138,5,2026-07-22 04:34:06,Linear_regression,231.62,8.0102,13.505
BASE_Linear_regression_139,5,2026-07-22 04:36:20,Linear_regression,250.97,8.2722,12.8504
BASE_Linear_regression_140,5,2026-07-22 04:38:46,Linear_regression,228.04,7.8945,12.631
BASE_Linear_regression_141,5,2026-07-22 04:41:32,Linear_regression,237.07,8.424,14.425
BASE_Linear_regression_142,5,2026-07-22 04:41:48,Linear_regression,238.05,7.5799,12.811
BASE_Linear_regression_143,5,2026-07-22 04:44:39,Linear_regression,240.75,7.9564,13.9188
BASE_Linear_regression_144,5,2026-07-22 04:46:43,Linear_regression,220.03,7.9941,14.1001
BASE_Linear_regression_145,5,2026-07-22 04:54:28,Linear_regression,254.42,7.7923,13.8344
BASE_Linear_regression_146,5,2026-07-22 04:57:23,Linear_regression,208.33,8.3186,13.9676
BASE_Linear_regression_147,5,2026-07-22 04:58:32,Linear_regression,204.64,8.1737,13.9493
BASE_Linear_regression_148,5,2026-07-22 05:00:50,Linear_regression,260.13,8.1111,12.4795
BASE_Linear_regression_149,5,2026-07-22 05:04:09,Linear_regression,230.47,7.7457,13.5859
BASE_Linear_regression_150,5,2026-07-22 05:04:57,Linear_regression,219.31,7.7186,13.5072
BASE_Static_1500_084,4,2026-07-22 14:37:36,Static_1500,1827.32,7.1864,15.6365
BASE_Static_1500_085,4,2026-07-22 14:38:48,Static_1500,1415.28,6.9039,16.9187
BASE_Static_1500_086,4,2026-07-22 14:40:37,Static_1500,1487.02,7.2695,15.2895
BASE_Static_1500_087,4,2026-07-22 14:42:01,Static_1500,1403.39,6.9211,15.3035
BASE_Static_1500_088,4,2026-07-22 14:42:48,Static_1500,1620.92,7.0643,15.7053
BASE_Static_1500_089,4,2026-07-22 14:44:36,Static_1500,1618.83,6.8342,17.1327
BASE_Static_1500_090,4,2026-07-22 14:45:50,Static_1500,1445.67,6.6477,16.0065
BASE_Static_1500_091,4,2026-07-22 14:47:09,Static_1500,1520.45,6.6965,16.1368
BASE_Static_1500_092,4,2026-07-22 14:50:18,Static_1500,1904.74,7.345,15.3447
BASE_Static_1500_093,4,2026-07-22 14:52:37,Static_1500,1878.41,7.1615,15.6841
BASE_Static_1500_094,4,2026-07-22 14:53:38,Static_1500,1436.75,6.8114,17.8079
BASE_Static_1500_095,4,2026-07-22 14:54:18,Static_1500,1559.07,7.1492,14.8375
BASE_Static_1500_096,4,2026-07-22 14:59:26,Static_1500,1504.05,6.7368,14.1506
BASE_Static_1500_097,4,2026-07-22 15:01:52,Static_1500,1622.7,6.7715,15.5923
BASE_Static_1500_098,4,2026-07-22 15:03:54,Static_1500,1408.17,6.5463,14.9263
BASE_Static_1500_099,4,2026-07-22 15:06:05,Static_1500,1641.75,6.8678,14.659
BASE_Random_forest_089,4,2026-07-22 17:04:21,Random_forest,155.12,8.0141,12.7693
BASE_Random_forest_090,4,2026-07-22 17:05:28,Random_forest,157.66,7.6971,13.2147
BASE_Random_forest_091,4,2026-07-22 17:06:46,Random_forest,153.91,7.7511,12.8761
BASE_Random_forest_092,4,2026-07-22 17:10:05,Random_forest,150.83,7.7749,13.5134
BASE_Random_forest_093,4,2026-07-22 17:11:46,Random_forest,143.18,8.1489,12.6406
BASE_Random_forest_094,4,2026-07-22 17:13:33,Random_forest,136.29,7.6825,12.8385
BASE_Random_forest_095,4,2026-07-22 17:15:50,Random_forest,161.65,7.694,12.1007
BASE_Random_forest_096,4,2026-07-22 17:16:35,Random_forest,185.28,7.5292,13.1615
BASE_Random_forest_097,4,2026-07-22 17:19:57,Random_forest,159.59,8.4727,12.0487
BASE_Random_forest_098,4,2026-07-22 17:20:15,Random_forest,161.03,8.0354,13.0346
BASE_Random_forest_099,4,2026-07-22 17:20:40,Random_forest,153.1,7.9207,12.8189
BASE_Random_forest_100,4,2026-07-22 17:23:34,Random_forest,166.95,7.6571,12.3893
BASE_Random_forest_101,4,2026-07-22 17:25:01,Random_forest,157.36,8.6595,13.5616
BASE_Random_forest_102,4,2026-07-22 17:26:31,Random_forest,182.41,7.9651,13.6067
BASE_Random_forest_103,4,2026-07-22 17:30:04,Random_forest,163.94,8.5699,12.9374
BASE_Random_forest_104,4,2026-07-22 17:32:08,Random_forest,169.3,8.3476,12.5981
BASE_Random_forest_105,4,2026-07-22 17:34:04,Random_forest,171.86,8.247,13.0132
BASE_Random_forest_106,4,2026-07-22 17:35:28,Random_forest,165.66,8.4423,14.2646
BASE_Random_forest_107,4,2026-07-22 17:37:14,Random_forest,172.14,8.4418,12.1201
BASE_Random_forest_108,4,2026-07-22 17:39:56,Random_forest,168.53,8.5645,12.1323
BASE_Random_forest_109,4,2026-07-22 17:40:38,Random_forest,192.6,8.1868,12.777
BASE_Random_forest_110,4,2026-07-22 17:43:03,Random_forest,150.42,8.1524,14.0353
BASE_Random_forest_111,4,2026-07-22 17:46:34,Random_forest,167.6,7.8633,13.7293
BASE_Random_forest_112,4,2026-07-22 17:51:40,Random_forest,170.05,7.8625,12.5091
BASE_Random_forest_113,4,2026-07-22 17:55:22,Random_forest,151.01,7.9454,14.3257
BASE_Random_forest_114,4,2026-07-22 18:01:03,Random_forest,165.18,8.0382,12.4739
BASE_Random_forest_115,5,2026-07-22 19:10:14,Random_forest,187.74,8.5002,13.0101
BASE_Random_forest_116,5,2026-07-22 19:14:43,Random_forest,141.23,8.5305,12.4258
BASE_Random_forest_117,5,2026-07-22 19:15:46,Random_forest,164.44,8.3681,12.957
BASE_Random_forest_118,5,2026-07-22 19:16:40,Random_forest,157.08,8.163,12.7494
BASE_Random_forest_119,5,2026-07-22 19:18:45,Random_forest,151.71,8.3646,12.5557
BASE_Random_forest_120,5,2026-07-22 19:22:35,Random_forest,158.09,8.393,13.708
BASE_Random_forest_121,5,2026-07-22 19:28:17,Random_forest,166.8,8.0391,12.0649
BASE_Random_forest_122,5,2026-07-22 19:34:04,Random_forest,180.16,7.8828,12.5635
BASE_Random_forest_123,5,2026-07-22 19:35:29,Random_forest,161.93,8.3156,11.3168
BASE_Random_forest_124,5,2026-07-22 19:41:01,Random_forest,165.9,8.0967,12.2537
BASE_Random_forest_125,5,2026-07-22 19:46:42,Random_forest,164.18,8.9735,12.6965
BASE_Random_forest_126,5,2026-07-22 19:47:48,Random_forest,174.87,8.0222,12.5522
BASE_Random_forest_127,6,2026-07-23 06:06:16,Random_forest,159.91,8.2576,12.7648
BASE_Random_forest_128,6,2026-07-23 06:08:30,Random_forest,161.51,7.9781,12.6043
BASE_Random_forest_129,6,2026-07-23 06:10:06,Random_forest,168.28,8.1551,14.1087
BASE_Random_forest_130,6,2026-07-23 06:12:29,Random_forest,170.86,8.1992,12.7518
BASE_Random_forest_131,6,2026-07-23 06:16:09,Random_forest,166.7,8.0785,12.8704
BASE_Random_forest_132,6,2026-07-23 06:17:44,Random_forest,173.68,8.1545,13.5386
BASE_Random_forest_133,6,2026-07-23 06:20:13,Random_forest,172.29,8.805,12.4366
BASE_Random_forest_134,6,2026-07-23 06:24:31,Random_forest,141.87,7.8388,12.8275
BASE_Random_forest_135,6,2026-07-23 06:26:17,Random_forest,195.88,8.2778,13.4556
BASE_Random_forest_136,6,2026-07-23 06:30:07,Random_forest,172.61,8.157,12.2094
BASE_Random_forest_137,6,2026-07-23 06:31:02,Random_forest,137.19,7.8528,13.3984
BASE_Random_forest_138,6,2026-07-23 06:31:56,Random_forest,184.54,7.7648,13.1677
BASE_Static_1500_100,5,2026-07-23 11:26:23,Static_1500,1714.1,7.1057,14.0906
BASE_Static_1500_101,5,2026-07-23 11:27:46,Static_1500,1749.75,7.5998,16.0486
BASE_Static_1500_102,5,2026-07-23 11:30:51,Static_1500,1366.49,6.8889,15.6986
BASE_Static_1500_103,5,2026-07-23 11:32:41,Static_1500,1850.18,7.0311,15.4707
BASE_Static_1500_104,5,2026-07-23 11:35:42,Static_1500,1436.91,7.0641,16.4359
BASE_Static_1500_105,5,2026-07-23 11:41:52,Static_1500,1376.16,7.1913,16.6182
BASE_Static_1500_106,5,2026-07-23 11:43:47,Static_1500,1739.3,6.7999,15.8557
BASE_Static_1500_107,5,2026-07-23 11:44:51,Static_1500,1699.92,6.6929,16.4754
BASE_Static_1500_108,5,2026-07-23 11:46:42,Static_1500,1561.11,7.1871,14.6097
BASE_Static_1500_109,5,2026-07-23 11:47:31,Static_1500,1703.83,6.6644,16.0505
BASE_Static_1500_110,5,2026-07-23 11:49:48,Static_1500,1670.97,7.098,14.9154
BASE_Static_1500_111,5,2026-07-23 11:51:21,Static_1500,1618.38,6.844,15.6434
BASE_Static_1500_112,5,2026-07-23 11:52:24,Static_1500,1422.28,6.9781,16.9801
BASE_Static_1500_113,5,2026-07-23 11:54:06,Static_1500,1519.88,7.0895,15.6835
BASE_Static_1500_114,5,2026-07-23 11:58:47,Static_1500,1568.7,6.5472,17.3769
BASE_Random_forest_139,7,2026-07-24 01:13:57,Random_forest,176.36,8.5666,12.3483
BASE_Random_forest_140,7,2026-07-24 01:16:54,Random_forest,151.65,8.4217,12.8876
BASE_Random_forest_141,7,2026-07-24 01:18:36,Random_forest,152.12,8.5953,12.6346
BASE_Random_forest_142,7,2026-07-24 01:19:46,Random_forest,162.47,8.1812,13.1392
BASE_Random_forest_143,7,2026-07-24 01:21:37,Random_forest,156.5,7.9539,13.5105
BASE_Random_forest_144,7,2026-07-24 01:24:08,Random_forest,181.37,8.1109,13.0616
BASE_Random_forest_145,7,2026-07-24 01:26:04,Random_forest,145.82,7.9402,13.4443
BASE_Random_forest_146,7,2026-07-24 01:29:30,Random_forest,196.49,7.9577,13.2996
BASE_Random_forest_147,7,2026-07-24 01:30:29,Random_forest,187.97,8.1421,11.7031
BASE_Random_forest_148,7,2026-07-24 01:31:26,Random_forest,149.59,8.2085,12.5548
BASE_Random_forest_149,7,2026-07-24 01:34:01,Random_forest,148.1,8.3493,12.3345
BASE_Random_forest_150,7,2026-07-24 01:34:43,Random_forest,168.69,7.5635,14.2241
BASE_Static_1500_115,6,2026-07-24 11:06:52,Static_1500,1749.23,7.5285,16.7946
BASE_Static_1500_116,6,2026-07-24 11:08:30,Static_1500,1808.31,6.6399,16.4181
BASE_Static_1500_117,6,2026-07-24 11:11:17,Static_1500,1549.07,6.694,14.8081
BASE_Static_1500_118,6,2026-07-24 11:13:46,Static_1500,1485.8,7.108,15.801
BASE_Static_1500_119,6,2026-07-24 11:17:48,Static_1500,1459.86,6.2396,16.1293
BASE_Static_1500_120,6,2026-07-24 11:18:59,Static_1500,1703.77,6.757,16.5086
BASE_Static_1500_121,6,2026-07-24 11:20:43,Static_1500,1479.09,7.0306,15.7449
BASE_Static_1500_122,6,2026-07-24 11:21:39,Static_1500,1904.74,6.8794,14.5999
BASE_Static_1500_123,6,2026-07-24 11:23:29,Static_1500,1597.43,6.9384,16.4945
BASE_Static_1500_124,6,2026-07-24 11:26:31,Static_1500,1590.86,6.878,14.5145
BASE_Static_1500_125,6,2026-07-24 11:28:12,Static_1500,1669.99,6.8878,15.1253
BASE_Static_1500_126,6,2026-07-24 11:29:30,Static_1500,1568.44,6.8622,14.1573
BASE_Static_1500_127,6,2026-07-24 11:31:54,Static_1500,1448.25,7.4543,15.7567
BASE_Static_1500_128,6,2026-07-24 11:32:47,Static_1500,1585.48,7.1088,16.424
BASE_Static_1500_129,6,2026-07-24 11:33:40,Static_1500,1630.02,6.6952,16.5381
BASE_Static_1500_130,6,2026-07-24 11:36:57,Static_1500,1501.27,6.8759,14.9171
BASE_Static_1500_131,6,2026-07-24 11:37:53,Static_1500,1540.42,7.1708,16.1621
BASE_Static_1500_132,6,2026-07-24 11:41:03,Static_1500,1565.78,7.2955,15.956
BASE_Static_1500_133,6,2026-07-24 11:44:20,Static_1500,1328.43,6.6235,16.2002
BASE_Static_1500_134,6,2026-07-24 11:48:15,Static_1500,1464.54,6.9226,16.5202
BASE_Static_1500_135,6,2026-07-24 11:48:27,Static_1500,1552.01,6.3771,16.0967
BASE_Static_1500_136,6,2026-07-24 11:48:55,Static_1500,1418.17,6.7879,17.2731
BASE_Static_1500_137,6,2026-07-24 11:51:31,Static_1500,1643.9,7.3717,14.9054
BASE_Static_1500_138,6,2026-07-24 11:53:28,Static_1500,1650.68,7.1102,16.1971
BASE_Static_1500_139,6,2026-07-24 11:55:23,Static_1500,1287.01,6.8542,16.0293
BASE_Static_1500_140,6,2026-07-24 11:57:55,Static_1500,1491.83,6.6573,14.8369
BASE_Static_1500_141,6,2026-07-24 11:59:21,Static_1500,1636.28,6.9176,15.9861
BASE_PMTUD_heuristic_001,0,2026-07-24 14:00:00,PMTUD_heuristic,278.23,8.0288,14.6955
BASE_PMTUD_heuristic_002,0,2026-07-24 14:00:48,PMTUD_heuristic,288.54,7.2031,13.1011
BASE_PMTUD_heuristic_003,0,2026-07-24 14:01:12,PMTUD_heuristic,238.99,7.6199,13.942
BASE_PMTUD_heuristic_004,0,2026-07-24 14:03:28,PMTUD_heuristic,271.85,8.0766,14.0932
BASE_PMTUD_heuristic_005,0,2026-07-24 14:04:18,PMTUD_heuristic,258.42,7.818,14.2629
BASE_PMTUD_heuristic_006,0,2026-07-24 14:05:57,PMTUD_heuristic,254.81,7.5782,13.8717
BASE_PMTUD_heuristic_007,0,2026-07-24 14:08:25,PMTUD_heuristic,336.85,7.5538,13.7072
BASE_PMTUD_heuristic_008,0,2026-07-24 14:10:04,PMTUD_heuristic,291.89,7.5387,14.7041
BASE_PMTUD_heuristic_009,0,2026-07-24 14:16:14,PMTUD_heuristic,277.54,7.8107,13.3223
BASE_PMTUD_heuristic_010,0,2026-07-24 14:17:04,PMTUD_heuristic,264.44,8.1994,15.4817
BASE_PMTUD_heuristic_011,0,2026-07-24 14:19:40,PMTUD_heuristic,248.51,8.3388,14.342
BASE_PMTUD_heuristic_012,0,2026-07-24 14:23:11,PMTUD_heuristic,275.9,7.3309,13.7871
BASE_PMTUD_heuristic_013,0,2026-07-24 14:25:45,PMTUD_heuristic,247.42,7.7405,14.3106
BASE_PMTUD_heuristic_014,0,2026-07-24 14:29:59,PMTUD_heuristic,271.19,7.6163,13.9295
BASE_PMTUD_heuristic_015,0,2026-07-24 14:34:35,PMTUD_heuristic,305.9,7.5177,14.1204
BASE_PMTUD_heuristic_016,0,2026-07-24 14:35:36,PMTUD_heuristic,281.43,8.1068,13.0485
BASE_PMTUD_heuristic_017,0,2026-07-24 14:40:43,PMTUD_heuristic,316.59,7.5613,14.1174
BASE_PMTUD_heuristic_018,0,2026-07-24 14:44:30,PMTUD_heuristic,250.88,7.8479,14.0171
BASE_PMTUD_heuristic_019,0,2026-07-24 14:45:29,PMTUD_heuristic,275.49,7.7805,14.7107
BASE_PMTUD_heuristic_020,0,2026-07-24 14:47:11,PMTUD_heuristic,331.68,7.6103,13.8243
BASE_PMTUD_heuristic_021,0,2026-07-24 14:50:46,PMTUD_heuristic,244.15,8.3758,13.0164
BASE_PMTUD_heuristic_022,0,2026-07-24 14:53:17,PMTUD_heuristic,266.07,7.8218,14.2294
BASE_PMTUD_heuristic_023,0,2026-07-24 15:00:20,PMTUD_heuristic,317.06,8.1979,14.428
BASE_PMTUD_heuristic_024,0,2026-07-24 15:01:59,PMTUD_heuristic,261.78,7.6613,11.8519
BASE_PMTUD_heuristic_025,0,2026-07-24 15:03:24,PMTUD_heuristic,258.17,7.5567,13.6213
BASE_PMTUD_heuristic_026,0,2026-07-24 15:05:03,PMTUD_heuristic,271.22,7.9066,14.0304
BASE_PMTUD_heuristic_027,0,2026-07-24 15:06:55,PMTUD_heuristic,245.04,7.5724,12.6681
BASE_PMTUD_heuristic_028,0,2026-07-24 15:07:42,PMTUD_heuristic,285.24,8.139,14.0007
BASE_PMTUD_heuristic_029,0,2026-07-24 15:08:54,PMTUD_heuristic,224.67,7.9316,13.5547
BASE_Static_1500_142,7,2026-07-24 21:56:02,Static_1500,1527.37,6.94,15.6676
BASE_Static_1500_143,7,2026-07-24 21:57:09,Static_1500,1647.0,6.9896,15.0449
BASE_Static_1500_144,7,2026-07-24 21:58:02,Static_1500,1662.67,7.1097,16.2756
BASE_Static_1500_145,7,2026-07-24 22:00:56,Static_1500,1369.64,6.9613,15.7038
BASE_Static_1500_146,7,2026-07-24 22:03:47,Static_1500,1608.19,6.495,16.6557
BASE_Static_1500_147,7,2026-07-24 22:05:08,Static_1500,1449.92,6.7575,15.5443
BASE_Static_1500_148,7,2026-07-24 22:06:22,Static_1500,1274.59,6.8177,17.0323
BASE_Static_1500_149,7,2026-07-24 22:07:48,Static_1500,1645.94,6.6478,16.2134
BASE_Static_1500_150,7,2026-07-24 22:10:45,Static_1500,1465.65,7.2716,16.1447
BASE_PMTUD_heuristic_030,1,2026-07-24 23:04:01,PMTUD_heuristic,342.71,7.954,14.7592
BASE_PMTUD_heuristic_031,1,2026-07-24 23:05:42,PMTUD_heuristic,291.15,7.6462,12.956
BASE_PMTUD_heuristic_032,1,2026-07-24 23:07:27,PMTUD_heuristic,243.2,7.9115,14.1843
BASE_PMTUD_heuristic_033,1,2026-07-24 23:10:10,PMTUD_heuristic,289.3,7.7607,14.548
BASE_PMTUD_heuristic_034,1,2026-07-24 23:11:00,PMTUD_heuristic,279.67,7.8829,13.1479
BASE_PMTUD_heuristic_035,1,2026-07-24 23:11:55,PMTUD_heuristic,284.34,7.5036,12.3529
BASE_PMTUD_heuristic_036,1,2026-07-24 23:13:23,PMTUD_heuristic,338.51,7.9252,13.157
BASE_PMTUD_heuristic_037,1,2026-07-24 23:14:04,PMTUD_heuristic,283.0,7.3621,13.3722
BASE_PMTUD_heuristic_038,1,2026-07-24 23:16:54,PMTUD_heuristic,273.56,8.0408,13.5528
BASE_PMTUD_heuristic_039,1,2026-07-24 23:19:39,PMTUD_heuristic,286.45,8.1378,12.3245
BASE_PMTUD_heuristic_040,1,2026-07-24 23:22:30,PMTUD_heuristic,255.18,7.8218,13.2222
BASE_PMTUD_heuristic_041,1,2026-07-24 23:23:09,PMTUD_heuristic,259.71,8.0217,13.3438
BASE_PMTUD_heuristic_042,1,2026-07-24 23:23:51,PMTUD_heuristic,295.6,8.1297,14.1244
BASE_PMTUD_heuristic_043,1,2026-07-24 23:27:23,PMTUD_heuristic,337.18,7.9793,15.0746
BASE_PMTUD_heuristic_044,1,2026-07-24 23:29:49,PMTUD_heuristic,279.94,7.8277,13.5626
BASE_PMTUD_heuristic_045,1,2026-07-24 23:31:22,PMTUD_heuristic,313.65,7.5085,13.718
BASE_PMTUD_heuristic_046,1,2026-07-24 23:32:16,PMTUD_heuristic,352.65,8.295,13.7324
BASE_PMTUD_heuristic_047,1,2026-07-24 23:33:36,PMTUD_heuristic,284.12,7.6481,12.889
BASE_PMTUD_heuristic_048,1,2026-07-24 23:37:13,PMTUD_heuristic,269.25,7.624,15.2095
BASE_PMTUD_heuristic_049,1,2026-07-24 23:39:01,PMTUD_heuristic,309.51,8.141,13.4961
BASE_PMTUD_heuristic_050,1,2026-07-24 23:45:58,PMTUD_heuristic,257.25,7.8973,14.2449
BASE_PMTUD_heuristic_051,1,2026-07-24 23:48:29,PMTUD_heuristic,270.81,7.5101,15.7174
BASE_PMTUD_heuristic_052,1,2026-07-24 23:52:15,PMTUD_heuristic,265.46,7.7372,13.1416
BASE_PMTUD_heuristic_053,1,2026-07-24 23:53:49,PMTUD_heuristic,271.2,8.017,14.1774
BASE_PMTUD_heuristic_054,1,2026-07-24 23:57:33,PMTUD_heuristic,294.78,8.1889,12.36
BASE_PMTUD_heuristic_055,1,2026-07-25 00:00:41,PMTUD_heuristic,220.87,7.8322,14.0532
BASE_PMTUD_heuristic_056,1,2026-07-25 00:01:26,PMTUD_heuristic,243.66,7.7436,14.387
BASE_PMTUD_heuristic_057,1,2026-07-25 00:04:17,PMTUD_heuristic,292.23,7.8351,13.8059
BASE_PMTUD_heuristic_058,1,2026-07-25 00:06:01,PMTUD_heuristic,283.39,7.3819,13.5012
BASE_PMTUD_heuristic_059,2,2026-07-25 11:53:21,PMTUD_heuristic,315.73,7.8267,16.1534
BASE_PMTUD_heuristic_060,2,2026-07-25 11:55:45,PMTUD_heuristic,250.35,7.6013,14.349
BASE_PMTUD_heuristic_061,2,2026-07-25 11:57:03,PMTUD_heuristic,308.26,8.061,13.7416
BASE_PMTUD_heuristic_062,2,2026-07-25 11:58:09,PMTUD_heuristic,297.8,7.2821,13.1217
BASE_PMTUD_heuristic_063,2,2026-07-25 11:59:11,PMTUD_heuristic,280.65,7.5528,13.0144
BASE_PMTUD_heuristic_064,2,2026-07-25 12:03:02,PMTUD_heuristic,296.82,7.4503,13.1231
BASE_PMTUD_heuristic_065,2,2026-07-25 12:06:18,PMTUD_heuristic,264.84,7.741,13.3289
BASE_PMTUD_heuristic_066,2,2026-07-25 12:08:27,PMTUD_heuristic,268.64,8.3642,13.3827
BASE_PMTUD_heuristic_067,2,2026-07-25 12:11:34,PMTUD_heuristic,275.89,7.5828,13.6403
BASE_PMTUD_heuristic_068,2,2026-07-25 12:14:07,PMTUD_heuristic,240.22,7.6068,12.9959
BASE_PMTUD_heuristic_069,2,2026-07-25 12:17:32,PMTUD_heuristic,280.43,7.7853,13.9908
BASE_PMTUD_heuristic_070,2,2026-07-25 12:24:56,PMTUD_heuristic,245.34,7.9391,14.2325
BASE_PMTUD_heuristic_071,2,2026-07-25 12:26:32,PMTUD_heuristic,333.23,7.5427,15.0559
BASE_PMTUD_heuristic_072,2,2026-07-25 12:28:12,PMTUD_heuristic,297.48,8.1949,12.7532
BASE_PMTUD_heuristic_073,2,2026-07-25 12:29:49,PMTUD_heuristic,404.52,7.7168,12.576
BASE_PMTUD_heuristic_074,2,2026-07-25 12:31:03,PMTUD_heuristic,299.57,7.5361,13.5592
BASE_PMTUD_heuristic_075,2,2026-07-25 12:31:24,PMTUD_heuristic,243.84,7.4309,13.8976
BASE_PMTUD_heuristic_076,2,2026-07-25 12:33:32,PMTUD_heuristic,307.14,7.4279,14.5092
BASE_PMTUD_heuristic_077,2,2026-07-25 12:34:55,PMTUD_heuristic,266.02,7.5442,13.1608
BASE_PMTUD_heuristic_078,2,2026-07-25 12:39:32,PMTUD_heuristic,312.52,7.9541,15.0175
BASE_PMTUD_heuristic_079,2,2026-07-25 12:42:55,PMTUD_heuristic,339.33,7.8032,13.809
BASE_PMTUD_heuristic_080,2,2026-07-25 12:44:01,PMTUD_heuristic,235.3,7.9689,13.884
BASE_PMTUD_heuristic_081,2,2026-07-25 12:47:23,PMTUD_heuristic,296.72,7.7503,13.6285
BASE_PMTUD_heuristic_082,2,2026-07-25 12:50:56,PMTUD_heuristic,268.29,7.6134,14.8154
BASE_PMTUD_heuristic_083,2,2026-07-25 12:53:19,PMTUD_heuristic,281.65,7.3722,14.0279
BASE_PMTUD_heuristic_084,2,2026-07-25 12:58:25,PMTUD_heuristic,328.96,7.5766,14.2397
BASE_PMTUD_heuristic_085,2,2026-07-25 12:59:51,PMTUD_heuristic,308.82,7.9394,13.8483
BASE_PMTUD_heuristic_086,2,2026-07-25 13:02:31,PMTUD_heuristic,298.95,8.1269,12.973
BASE_PMTUD_heuristic_087,2,2026-07-25 13:05:49,PMTUD_heuristic,261.98,7.4569,13.9496
BASE_PMTUD_heuristic_088,2,2026-07-25 13:07:41,PMTUD_heuristic,266.37,7.7865,13.6562
BASE_PMTUD_heuristic_089,2,2026-07-25 13:08:27,PMTUD_heuristic,277.43,7.8799,13.22
BASE_PMTUD_heuristic_090,3,2026-07-26 17:18:45,PMTUD_heuristic,299.38,7.2381,14.1858
BASE_PMTUD_heuristic_091,3,2026-07-26 17:19:14,PMTUD_heuristic,288.82,8.0966,13.3749
BASE_PMTUD_heuristic_092,3,2026-07-26 17:21:35,PMTUD_heuristic,243.99,8.087,14.4978
BASE_PMTUD_heuristic_093,3,2026-07-26 17:23:45,PMTUD_heuristic,250.36,8.1321,14.1506
BASE_PMTUD_heuristic_094,3,2026-07-26 17:30:03,PMTUD_heuristic,287.48,8.7216,14.77
BASE_PMTUD_heuristic_095,3,2026-07-26 17:31:12,PMTUD_heuristic,324.16,7.5164,12.9435
BASE_PMTUD_heuristic_096,3,2026-07-26 17:36:07,PMTUD_heuristic,282.41,7.4661,13.7927
BASE_PMTUD_heuristic_097,3,2026-07-26 17:36:32,PMTUD_heuristic,261.67,7.5128,12.4247
BASE_PMTUD_heuristic_098,3,2026-07-26 17:38:45,PMTUD_heuristic,288.91,8.0285,14.9793
BASE_PMTUD_heuristic_099,3,2026-07-26 17:40:27,PMTUD_heuristic,265.14,7.7696,13.4732
BASE_PMTUD_heuristic_100,3,2026-07-26 17:42:29,PMTUD_heuristic,285.73,7.999,14.4091
BASE_PMTUD_heuristic_101,3,2026-07-26 17:45:18,PMTUD_heuristic,317.74,7.4167,14.2913
BASE_PMTUD_heuristic_102,4,2026-07-27 15:12:21,PMTUD_heuristic,245.66,7.4434,14.7254
BASE_PMTUD_heuristic_103,4,2026-07-27 15:14:57,PMTUD_heuristic,278.05,7.9429,13.0315
BASE_PMTUD_heuristic_104,4,2026-07-27 15:18:20,PMTUD_heuristic,290.29,7.9366,13.3396
BASE_PMTUD_heuristic_105,4,2026-07-27 15:19:37,PMTUD_heuristic,290.61,7.4951,12.6222
BASE_PMTUD_heuristic_106,4,2026-07-27 15:21:36,PMTUD_heuristic,288.55,7.6807,13.5338
BASE_PMTUD_heuristic_107,4,2026-07-27 15:25:40,PMTUD_heuristic,293.4,7.4172,13.5198
BASE_PMTUD_heuristic_108,4,2026-07-27 15:27:10,PMTUD_heuristic,285.4,7.5208,13.6662
BASE_PMTUD_heuristic_109,4,2026-07-27 15:29:56,PMTUD_heuristic,309.46,7.2587,13.6956
BASE_PMTUD_heuristic_110,4,2026-07-27 15:32:11,PMTUD_heuristic,258.13,8.1681,12.6503
BASE_PMTUD_heuristic_111,4,2026-07-27 15:34:37,PMTUD_heuristic,279.53,7.854,14.2016
BASE_PMTUD_heuristic_112,4,2026-07-27 15:37:14,PMTUD_heuristic,292.25,7.8757,14.0893
BASE_PMTUD_heuristic_113,4,2026-07-27 15:37:30,PMTUD_heuristic,303.49,7.7827,15.0604
BASE_PMTUD_heuristic_114,4,2026-07-27 15:40:04,PMTUD_heuristic,311.44,7.9547,13.5211
BASE_PMTUD_heuristic_115,5,2026-07-28 17:34:18,PMTUD_heuristic,311.18,7.8799,13.8642
BASE_PMTUD_heuristic_116,5,2026-07-28 17:35:37,PMTUD_heuristic,237.63,7.2636,14.1669
BASE_PMTUD_heuristic_117,5,2026-07-28 17:42:37,PMTUD_heuristic,289.55,7.243,14.6466
BASE_PMTUD_heuristic_118,5,2026-07-28 17:46:33,PMTUD_heuristic,311.53,7.618,12.5073
BASE_PMTUD_heuristic_119,5,2026-07-28 17:47:33,PMTUD_heuristic,270.0,7.6147,14.1735
BASE_PMTUD_heuristic_120,5,2026-07-28 17:48:39,PMTUD_heuristic,254.3,7.9632,12.666
BASE_PMTUD_heuristic_121,5,2026-07-28 17:50:37,PMTUD_heuristic,312.76,7.7363,14.5511
BASE_PMTUD_heuristic_122,5,2026-07-28 17:53:01,PMTUD_heuristic,247.72,7.9783,13.7133
BASE_PMTUD_heuristic_123,5,2026-07-28 17:56:09,PMTUD_heuristic,269.37,7.7454,14.012
BASE_PMTUD_heuristic_124,5,2026-07-28 18:04:07,PMTUD_heuristic,285.24,7.7111,13.307
BASE_PMTUD_heuristic_125,5,2026-07-28 18:07:13,PMTUD_heuristic,272.89,7.3801,12.5077
BASE_PMTUD_heuristic_126,5,2026-07-28 18:10:29,PMTUD_heuristic,263.04,7.5302,14.0765
BASE_PMTUD_heuristic_127,5,2026-07-28 18:11:47,PMTUD_heuristic,257.28,7.5487,15.3485
BASE_PMTUD_heuristic_128,5,2026-07-28 18:14:55,PMTUD_heuristic,312.5,7.8752,14.9062
BASE_PMTUD_heuristic_129,5,2026-07-28 18:17:09,PMTUD_heuristic,276.33,7.8052,12.6121
BASE_PMTUD_heuristic_130,5,2026-07-28 18:21:27,PMTUD_heuristic,265.38,7.5775,13.8665
BASE_PMTUD_heuristic_131,5,2026-07-28 18:22:41,PMTUD_heuristic,248.44,7.9974,13.5304
BASE_PMTUD_heuristic_132,5,2026-07-28 18:24:39,PMTUD_heuristic,244.97,8.036,13.9618
BASE_PMTUD_heuristic_133,5,2026-07-28 18:25:40,PMTUD_heuristic,272.5,7.6009,13.5641
BASE_PMTUD_heuristic_134,5,2026-07-28 18:28:02,PMTUD_heuristic,282.95,7.884,14.5814
BASE_PMTUD_heuristic_135,5,2026-07-28 18:30:57,PMTUD_heuristic,221.7,8.1574,13.937
BASE_PMTUD_heuristic_136,5,2026-07-28 18:33:07,PMTUD_heuristic,245.35,8.2858,14.0005
BASE_PMTUD_heuristic_137,5,2026-07-28 18:35:16,PMTUD_heuristic,274.87,7.6583,13.948
BASE_PMTUD_heuristic_138,5,2026-07-28 18:37:05,PMTUD_heuristic,291.83,7.9878,13.6808
BASE_PMTUD_heuristic_139,6,2026-07-28 21:04:55,PMTUD_heuristic,320.59,8.0421,13.3449
BASE_PMTUD_heuristic_140,6,2026-07-28 21:06:58,PMTUD_heuristic,293.14,7.1616,13.6511
BASE_PMTUD_heuristic_141,6,2026-07-28 21:09:42,PMTUD_heuristic,268.39,7.4464,14.3729
BASE_PMTUD_heuristic_142,6,2026-07-28 21:10:54,PMTUD_heuristic,275.16,7.9782,14.6271
BASE_PMTUD_heuristic_143,6,2026-07-28 21:12:50,PMTUD_heuristic,251.08,7.9052,13.5651
BASE_PMTUD_heuristic_144,6,2026-07-28 21:14:05,PMTUD_heuristic,277.38,7.7306,14.2213
BASE_PMTUD_heuristic_145,6,2026-07-28 21:14:28,PMTUD_heuristic,282.7,7.6829,13.5784
BASE_PMTUD_heuristic_146,6,2026-07-28 21:18:10,PMTUD_heuristic,243.54,7.6507,13.7974
BASE_PMTUD_heuristic_147,6,2026-07-28 21:19:33,PMTUD_heuristic,273.01,7.2975,14.3992
BASE_PMTUD_heuristic_148,6,2026-07-28 21:23:00,PMTUD_heuristic,280.66,7.6074,13.8988
BASE_PMTUD_heuristic_149,6,2026-07-28 21:24:51,PMTUD_heuristic,283.0,8.2496,13.1833
BASE_PMTUD_heuristic_150,6,2026-07-28 21:25:25,PMTUD_heuristic,296.53,7.8197,13.9675
