run_id,session_id,timestamp,condition,feat_packet_loss_rate_pct,feat_throughput_mbps,feat_rtt_ms,feat_jitter_ms,feat_bw_utilization_pct,feat_cache_hit_ratio,feat_avg_object_size_kb,feat_retransmission_count,true_optimal_mtu_bytes,mlp_predicted_mtu_bytes,mlp_confidence,abs_error_bytes,update_applied
MTU_low_lat_high_loss_001,0,2026-07-04 11:00:00,low_lat_high_loss,4.5518,183.28,8.604,0.336,75.18,0.8015,822.697,25,5320,5069,0.7477,251,False
MTU_low_lat_high_loss_002,0,2026-07-04 11:01:20,low_lat_high_loss,3.9841,8865.76,6.886,0.887,75.42,0.7538,620.984,21,5600,5573,0.9416,27,True
MTU_low_lat_high_loss_003,0,2026-07-04 11:04:28,low_lat_high_loss,3.6377,810.68,3.792,1.244,40.97,0.8925,4.462,24,1288,1459,0.8136,171,True
MTU_low_lat_high_loss_004,0,2026-07-04 11:06:46,low_lat_high_loss,4.2731,5073.05,1.617,0.617,83.27,0.7785,0.203,31,1000,1137,0.8978,137,True
MTU_low_lat_high_loss_005,0,2026-07-04 11:08:57,low_lat_high_loss,3.3449,8858.17,6.647,1.165,44.53,0.7269,4340.284,22,6120,6013,0.9071,107,True
MTU_low_lat_high_loss_006,0,2026-07-04 11:12:59,low_lat_high_loss,4.9055,4568.82,5.22,1.61,13.2,0.7669,2.131,30,1000,1114,0.884,114,True
MTU_low_lat_high_loss_007,0,2026-07-04 11:14:33,low_lat_high_loss,3.4419,6704.14,9.976,1.287,42.84,0.9112,171.638,32,4648,4775,0.8854,127,True
MTU_low_lat_high_loss_008,0,2026-07-04 11:16:35,low_lat_high_loss,3.2484,1605.48,2.279,0.434,48.38,0.6753,0.212,18,1000,778,0.7236,222,False
MTU_low_lat_high_loss_009,0,2026-07-04 11:19:31,low_lat_high_loss,5.136,7123.47,4.235,1.318,23.12,0.8384,49.157,28,3400,3426,0.99,26,True
MTU_low_lat_high_loss_010,0,2026-07-04 11:20:36,low_lat_high_loss,3.6739,3449.09,2.251,1.418,21.72,0.6525,64.349,32,3776,3811,0.9636,35,True
MTU_low_lat_high_loss_011,0,2026-07-04 11:23:27,low_lat_high_loss,3.6302,2077.4,8.41,1.258,16.8,0.99,75.169,17,4200,4126,0.9186,74,True
MTU_low_lat_high_loss_012,0,2026-07-04 11:26:39,low_lat_high_loss,4.5179,7731.75,1.266,1.46,92.9,0.6614,335.181,32,5096,4912,0.7722,184,False
MTU_low_lat_high_loss_013,0,2026-07-04 11:29:53,low_lat_high_loss,4.22,4506.87,3.348,0.47,69.46,0.7786,15.497,23,2088,2104,0.9258,16,True
MTU_low_lat_high_loss_014,0,2026-07-04 11:32:12,low_lat_high_loss,5.308,4031.62,7.332,1.091,69.49,0.7573,0.237,28,1000,1153,0.7626,153,False
MTU_low_lat_high_loss_015,0,2026-07-04 11:36:52,low_lat_high_loss,4.3191,4232.54,2.638,0.402,49.25,0.6478,0.436,24,1000,859,0.8225,141,True
MTU_low_lat_high_loss_016,0,2026-07-04 11:38:39,low_lat_high_loss,3.0497,4076.43,3.495,1.28,27.45,0.6654,0.448,26,1000,1066,0.8963,66,True
MTU_low_lat_high_loss_017,0,2026-07-04 11:40:21,low_lat_high_loss,3.7756,6840.62,4.944,1.009,91.43,0.5206,262.079,24,5208,5350,0.8027,142,True
MTU_low_lat_high_loss_018,0,2026-07-04 11:40:59,low_lat_high_loss,3.3511,8319.28,1.909,0.854,60.09,0.9789,6.561,15,1640,1603,0.9651,37,True
MTU_low_lat_high_loss_019,0,2026-07-04 11:42:11,low_lat_high_loss,4.5374,5708.89,9.729,1.554,15.39,0.8748,0.798,20,1000,884,0.9094,116,True
MTU_low_lat_high_loss_020,0,2026-07-04 11:46:00,low_lat_high_loss,5.9328,4683.2,1.2,0.327,12.11,0.8595,38.092,51,2912,3018,0.8464,106,True
MTU_low_lat_high_loss_021,0,2026-07-04 11:46:52,low_lat_high_loss,3.5534,2398.02,4.67,1.519,40.63,0.8539,73.114,17,4360,4182,0.7927,178,False
MTU_low_lat_high_loss_022,0,2026-07-04 11:50:00,low_lat_high_loss,3.9938,6336.08,1.993,1.419,36.99,0.99,29.661,24,3024,2857,0.8278,167,True
MTU_low_lat_high_loss_023,0,2026-07-04 11:52:16,low_lat_high_loss,3.0123,3664.14,6.277,1.723,70.43,0.4924,52.933,23,3744,3378,0.6105,366,False
MTU_low_lat_high_loss_024,0,2026-07-04 11:53:55,low_lat_high_loss,4.827,716.94,7.926,0.649,55.04,0.6501,1.079,34,1000,907,0.8995,93,True
MTU_low_lat_high_loss_025,0,2026-07-04 11:55:08,low_lat_high_loss,5.0987,7954.66,8.305,1.814,16.34,0.7981,128.466,36,4368,4346,0.99,22,True
MTU_low_lat_high_loss_026,0,2026-07-04 11:56:08,low_lat_high_loss,5.6816,5731.93,8.054,0.511,88.17,0.8022,25.857,33,2600,2402,0.8263,198,True
MTU_low_lat_high_loss_027,0,2026-07-04 11:57:10,low_lat_high_loss,5.5211,5372.34,4.521,0.391,84.39,0.688,0.196,45,1000,873,0.8849,127,True
MTU_low_lat_high_loss_028,0,2026-07-04 12:02:34,low_lat_high_loss,3.7859,5721.91,8.02,0.472,65.28,0.6745,181.564,20,5184,5082,0.8992,102,True
MTU_low_lat_high_loss_029,0,2026-07-04 12:05:03,low_lat_high_loss,5.6449,1926.91,2.498,1.122,74.29,0.5957,549.043,31,5192,5007,0.7794,185,False
MTU_low_lat_high_loss_030,0,2026-07-04 12:06:43,low_lat_high_loss,3.3227,7764.62,9.376,1.887,83.23,0.6118,6.088,27,1392,1491,0.9096,99,True
MTU_low_lat_high_loss_031,0,2026-07-04 12:08:40,low_lat_high_loss,3.8648,7045.67,8.026,0.505,78.86,0.8562,4588.79,23,5824,5766,0.9625,58,True
MTU_low_lat_high_loss_032,0,2026-07-04 12:11:33,low_lat_high_loss,4.1022,7739.87,5.256,1.171,92.8,0.751,3725.432,26,5656,5854,0.809,198,True
MTU_low_lat_high_loss_033,0,2026-07-04 12:12:19,low_lat_high_loss,5.7427,3434.21,3.53,1.406,11.35,0.4671,258.735,32,4840,4835,0.99,5,True
MTU_high_lat_high_loss_001,0,2026-07-06 11:00:00,high_lat_high_loss,6.1439,2592.7,57.413,7.758,20.49,0.5201,0.36,49,1000,704,0.6446,296,False
MTU_high_lat_high_loss_002,0,2026-07-06 11:01:05,high_lat_high_loss,6.2741,1562.67,43.552,10.84,21.55,0.6696,1319.888,30,5248,5290,0.9516,42,True
MTU_high_lat_high_loss_003,0,2026-07-06 11:05:56,high_lat_high_loss,3.8494,6927.56,51.134,9.671,30.51,0.7531,5.929,26,1392,1425,0.9543,33,True
MTU_high_lat_high_loss_004,0,2026-07-06 11:07:15,high_lat_high_loss,3.8324,6309.38,38.598,9.02,83.03,0.4476,2091.636,23,5640,5565,0.9868,75,True
MTU_high_lat_high_loss_005,0,2026-07-06 11:09:25,high_lat_high_loss,5.0379,7304.17,46.795,7.811,54.75,0.8509,0.691,29,1000,951,0.9598,49,True
MTU_high_lat_high_loss_006,0,2026-07-06 11:10:43,high_lat_high_loss,4.3413,2551.11,57.366,9.719,75.6,0.6406,0.253,15,1000,1204,0.7433,204,False
MTU_high_lat_high_loss_007,0,2026-07-06 11:12:49,high_lat_high_loss,5.9347,3664.4,56.295,10.259,13.85,0.4359,111.338,43,4248,4753,0.4205,505,False
MTU_high_lat_high_loss_008,0,2026-07-06 11:16:00,high_lat_high_loss,6.0121,1147.16,46.787,7.113,17.04,0.4634,9.761,43,1672,1400,0.708,272,False
MTU_high_lat_high_loss_009,0,2026-07-06 11:17:04,high_lat_high_loss,3.8028,3178.98,35.329,9.422,34.52,0.7934,185.947,29,4816,4644,0.8281,172,True
MTU_high_lat_high_loss_010,0,2026-07-06 11:18:32,high_lat_high_loss,4.067,8554.26,41.188,6.136,58.21,0.6835,168.086,23,4752,4637,0.8922,115,True
MTU_high_lat_high_loss_011,0,2026-07-06 11:23:50,high_lat_high_loss,5.5605,4630.89,35.853,5.397,91.4,0.6546,9.502,36,1600,1463,0.8617,137,True
MTU_high_lat_high_loss_012,0,2026-07-06 11:25:09,high_lat_high_loss,6.2275,896.3,50.563,11.465,92.73,0.6034,0.283,28,1000,1116,0.8704,116,True
MTU_high_lat_high_loss_013,0,2026-07-06 11:26:36,high_lat_high_loss,5.5544,178.52,43.376,9.335,33.25,0.9182,1.085,45,1000,1031,0.9823,31,True
MTU_high_lat_high_loss_014,0,2026-07-06 11:27:38,high_lat_high_loss,4.7957,8271.68,43.65,5.897,42.86,0.9692,363.66,29,5008,4946,0.9307,62,True
MTU_high_lat_high_loss_015,0,2026-07-06 11:28:01,high_lat_high_loss,5.1911,4340.7,52.282,8.955,77.82,0.4107,0.213,29,1000,740,0.7344,260,False
MTU_high_lat_high_loss_016,0,2026-07-06 11:29:10,high_lat_high_loss,4.335,5816.22,58.841,8.281,92.13,0.8393,46.04,27,3296,3161,0.8711,135,True
MTU_high_lat_high_loss_017,0,2026-07-06 11:29:35,high_lat_high_loss,5.6823,8952.13,40.594,6.228,83.79,0.3994,4558.728,37,5304,5174,0.8433,130,True
MTU_high_lat_high_loss_018,0,2026-07-06 11:31:14,high_lat_high_loss,3.7234,1815.75,38.766,9.056,80.7,0.5628,3670.524,23,5952,6333,0.5445,381,False
MTU_high_lat_high_loss_019,0,2026-07-06 11:36:18,high_lat_high_loss,6.0402,3266.8,44.721,11.988,41.98,0.6559,6.721,31,1416,1531,0.8675,115,True
MTU_high_lat_high_loss_020,0,2026-07-06 11:36:50,high_lat_high_loss,5.273,4515.01,52.898,5.661,60.36,0.5536,497.039,39,5160,5236,0.9372,76,True
MTU_high_lat_high_loss_021,0,2026-07-06 11:39:58,high_lat_high_loss,5.8096,8461.72,51.462,6.796,92.87,0.7962,56.17,36,3536,3565,0.99,29,True
MTU_high_lat_high_loss_022,0,2026-07-06 11:41:27,high_lat_high_loss,5.4294,2315.44,50.554,7.891,91.1,0.8526,1604.167,26,5464,4959,0.4593,505,False
MTU_high_lat_high_loss_023,0,2026-07-06 11:41:49,high_lat_high_loss,4.853,6181.82,57.748,7.729,49.6,0.4412,10.256,29,1728,1737,0.9365,9,True
MTU_high_lat_high_loss_024,0,2026-07-06 11:42:21,high_lat_high_loss,6.1027,5149.54,44.158,10.741,38.87,0.4806,15.998,28,2096,2222,0.782,126,False
MTU_high_lat_high_loss_025,1,2026-07-07 06:34:51,high_lat_high_loss,3.8786,3755.47,50.186,10.123,63.88,0.5588,2575.467,28,5648,5858,0.7213,210,False
MTU_high_lat_high_loss_026,1,2026-07-07 06:41:45,high_lat_high_loss,5.779,7676.28,57.276,9.657,90.28,0.5211,13.366,29,1936,1793,0.8737,143,True
MTU_high_lat_high_loss_027,1,2026-07-07 06:46:19,high_lat_high_loss,4.4523,3626.22,48.555,10.165,89.8,0.5015,8.696,21,1552,1491,0.9502,61,True
MTU_high_lat_high_loss_028,1,2026-07-07 06:48:31,high_lat_high_loss,4.9131,1806.63,42.675,6.731,68.3,0.6359,14.626,40,2064,2058,0.99,6,True
MTU_high_lat_high_loss_029,1,2026-07-07 06:49:22,high_lat_high_loss,6.0075,1189.11,51.302,5.08,19.1,0.563,703.318,35,5216,5229,0.9519,13,True
MTU_high_lat_high_loss_030,1,2026-07-07 06:50:33,high_lat_high_loss,6.1225,7020.1,46.485,11.808,46.06,0.7001,134.12,40,4400,4496,0.8717,96,True
MTU_high_lat_high_loss_031,1,2026-07-07 06:52:57,high_lat_high_loss,5.8445,2466.63,45.605,5.281,49.22,0.4321,0.107,38,1000,576,0.5554,424,False
MTU_high_lat_high_loss_032,1,2026-07-07 06:53:25,high_lat_high_loss,4.8181,773.29,48.071,5.322,60.17,0.8288,906.442,35,5320,5608,0.7224,288,False
MTU_high_lat_high_loss_033,1,2026-07-07 06:55:10,high_lat_high_loss,3.9946,6243.56,41.62,11.679,27.43,0.8007,2.237,29,1000,901,0.8748,99,True
MTU_high_lat_high_loss_034,1,2026-07-07 06:57:08,high_lat_high_loss,6.0658,4203.74,51.275,5.216,68.14,0.6589,995.077,44,5464,5827,0.5503,363,False
MTU_high_lat_high_loss_035,1,2026-07-07 06:59:01,high_lat_high_loss,4.4144,3645.23,55.679,9.204,28.64,0.7026,0.512,17,1000,1076,0.9007,76,True
MTU_high_lat_high_loss_036,1,2026-07-07 07:00:10,high_lat_high_loss,5.1363,1237.49,51.115,9.935,12.0,0.6997,2.342,31,1024,1072,0.9559,48,True
MTU_high_lat_high_loss_037,1,2026-07-07 07:01:31,high_lat_high_loss,6.4315,2116.66,53.775,6.552,37.09,0.953,107.829,38,4328,4203,0.908,125,True
MTU_high_lat_high_loss_038,1,2026-07-07 07:06:21,high_lat_high_loss,6.2411,2031.18,59.346,9.528,46.9,0.9805,27.729,48,2584,2463,0.8408,121,True
MTU_high_lat_high_loss_039,1,2026-07-07 07:09:10,high_lat_high_loss,5.7087,1836.85,43.109,6.834,74.77,0.6857,3.227,34,1000,1085,0.9431,85,True
MTU_high_lat_high_loss_040,1,2026-07-07 07:12:58,high_lat_high_loss,5.8189,5767.24,39.079,5.269,91.56,0.6955,70.478,38,3672,3602,0.8975,70,True
MTU_high_lat_high_loss_041,1,2026-07-07 07:13:21,high_lat_high_loss,3.5703,1034.43,39.972,11.811,45.29,0.5948,7.049,27,1392,1381,0.99,11,True
MTU_low_lat_high_loss_034,1,2026-07-07 07:52:19,low_lat_high_loss,4.7024,4672.56,5.383,1.243,79.83,0.792,0.395,26,1000,733,0.6876,267,False
MTU_low_lat_high_loss_035,1,2026-07-07 07:54:24,low_lat_high_loss,3.5375,2477.51,8.842,1.496,39.59,0.7664,42.037,22,3408,3219,0.7755,189,False
MTU_low_lat_high_loss_036,1,2026-07-07 07:57:28,low_lat_high_loss,5.3821,1616.04,2.963,0.917,11.57,0.7038,1068.119,41,5120,5062,0.9178,58,True
MTU_low_lat_high_loss_037,1,2026-07-07 08:01:02,low_lat_high_loss,3.1546,3485.54,9.209,0.553,68.74,0.5595,807.585,15,6128,6353,0.7632,225,False
MTU_low_lat_high_loss_038,1,2026-07-07 08:02:22,low_lat_high_loss,5.6139,2576.8,1.087,1.786,30.14,0.6922,1.724,44,1000,912,0.9141,88,True
MTU_low_lat_high_loss_039,1,2026-07-07 08:03:06,low_lat_high_loss,5.7665,5393.53,3.68,1.149,58.79,0.6968,0.518,36,1000,1039,0.9442,39,True
MTU_low_lat_high_loss_040,1,2026-07-07 08:04:26,low_lat_high_loss,5.4813,7631.69,9.976,1.893,22.0,0.8528,405.768,32,5112,5061,0.9198,51,True
MTU_low_lat_high_loss_041,1,2026-07-07 08:06:41,low_lat_high_loss,3.7453,7226.07,8.623,1.453,23.71,0.596,431.806,30,5216,5305,0.9256,89,True
MTU_low_lat_high_loss_042,1,2026-07-07 08:11:25,low_lat_high_loss,3.9983,1507.94,6.752,1.896,13.11,0.3096,0.198,18,1000,1205,0.7586,205,False
MTU_low_lat_high_loss_043,1,2026-07-07 08:17:34,low_lat_high_loss,3.9224,6794.2,4.049,1.281,84.0,0.7088,119.573,24,4616,4550,0.8825,66,True
MTU_low_lat_high_loss_044,1,2026-07-07 08:18:34,low_lat_high_loss,3.7379,2282.75,5.626,1.587,71.41,0.931,4.189,30,1104,877,0.7081,227,False
MTU_low_lat_high_loss_045,1,2026-07-07 08:21:59,low_lat_high_loss,3.7523,7294.53,2.16,1.77,71.04,0.6694,912.713,25,5560,5700,0.85,140,True
MTU_low_lat_high_loss_046,2,2026-07-07 17:33:45,low_lat_high_loss,5.161,5834.34,3.022,1.621,87.09,0.708,2376.791,31,5536,5621,0.8708,85,True
MTU_low_lat_high_loss_047,2,2026-07-07 17:36:01,low_lat_high_loss,3.5613,7170.19,7.487,1.935,49.33,0.7231,26.689,17,2928,3055,0.8853,127,True
MTU_low_lat_high_loss_048,2,2026-07-07 17:38:29,low_lat_high_loss,3.3265,8785.2,1.842,1.251,56.49,0.4459,33.342,26,2960,2846,0.8663,114,True
MTU_low_lat_high_loss_049,2,2026-07-07 17:40:30,low_lat_high_loss,3.9598,152.07,9.132,1.661,77.63,0.6632,2336.867,28,5512,5545,0.99,33,True
MTU_low_lat_high_loss_050,2,2026-07-07 17:43:08,low_lat_high_loss,4.5884,7566.54,9.232,1.309,72.06,0.5641,2636.951,32,5496,5523,0.9713,27,True
MTU_low_lat_high_loss_051,2,2026-07-07 17:46:04,low_lat_high_loss,3.3454,7923.17,3.033,0.997,42.06,0.7476,1.101,20,1000,1066,0.9403,66,True
MTU_low_lat_high_loss_052,2,2026-07-07 17:48:53,low_lat_high_loss,4.203,2231.4,2.483,0.372,33.87,0.7891,0.216,18,1000,954,0.8915,46,True
MTU_low_lat_high_loss_053,2,2026-07-07 17:50:35,low_lat_high_loss,5.3794,5606.63,3.987,1.586,80.63,0.6962,18.523,27,2208,2003,0.7167,205,False
MTU_low_lat_high_loss_054,2,2026-07-07 17:53:56,low_lat_high_loss,4.674,5250.21,9.186,1.85,91.54,0.638,5.016,26,1280,1223,0.8968,57,True
MTU_low_lat_high_loss_055,2,2026-07-07 17:57:12,low_lat_high_loss,4.0149,6863.15,2.035,1.07,52.25,0.6615,9.015,22,1592,1444,0.8014,148,True
MTU_low_lat_high_loss_056,2,2026-07-07 18:01:26,low_lat_high_loss,3.5789,1795.83,9.567,0.632,78.36,0.7413,540.276,22,5728,5669,0.8876,59,True
MTU_low_lat_high_loss_057,2,2026-07-07 18:03:28,low_lat_high_loss,4.7437,593.07,7.939,1.877,13.61,0.673,75.203,24,3888,3980,0.919,92,True
MTU_low_lat_high_loss_058,2,2026-07-07 18:08:41,low_lat_high_loss,4.2701,4602.17,6.385,1.983,77.81,0.8334,216.225,17,5160,5223,0.9525,63,True
MTU_low_lat_high_loss_059,2,2026-07-07 18:09:37,low_lat_high_loss,4.3863,4254.53,2.189,0.798,53.23,0.6703,18.196,19,2272,2278,0.9629,6,True
MTU_low_lat_high_loss_060,2,2026-07-07 18:10:42,low_lat_high_loss,3.9532,4271.67,7.768,0.514,59.36,0.8743,11.348,30,1696,1662,0.9389,34,True
MTU_low_lat_high_loss_061,2,2026-07-07 18:12:10,low_lat_high_loss,4.784,6243.26,5.951,1.883,76.07,0.7204,0.534,29,1000,1068,0.9302,68,True
MTU_low_lat_high_loss_062,2,2026-07-07 18:15:05,low_lat_high_loss,3.2692,1802.16,3.356,1.846,90.4,0.8164,6.018,20,1392,1589,0.7353,197,False
MTU_low_lat_high_loss_063,2,2026-07-07 18:16:03,low_lat_high_loss,5.1038,6966.18,9.983,1.65,27.04,0.6283,257.906,26,4816,4910,0.9601,94,True
MTU_low_lat_high_loss_064,2,2026-07-07 18:17:31,low_lat_high_loss,4.3103,8228.4,8.504,1.526,26.82,0.7499,1.581,26,1000,770,0.7716,230,False
MTU_low_lat_high_loss_065,2,2026-07-07 18:19:56,low_lat_high_loss,4.7235,5814.87,6.926,0.871,36.78,0.5054,0.395,37,1000,860,0.8254,140,True
MTU_low_lat_high_loss_066,2,2026-07-07 18:20:53,low_lat_high_loss,5.8361,4208.59,7.637,0.919,91.98,0.6754,1.327,30,1000,942,0.9122,58,True
MTU_low_lat_high_loss_067,2,2026-07-07 18:23:10,low_lat_high_loss,5.0814,1224.17,7.383,0.494,23.38,0.556,0.101,39,1000,1004,0.99,4,True
MTU_low_lat_high_loss_068,2,2026-07-07 18:26:07,low_lat_high_loss,3.1527,2996.82,5.005,0.466,19.3,0.7044,1771.104,19,6224,6182,0.9454,42,True
MTU_low_lat_high_loss_069,2,2026-07-07 18:29:10,low_lat_high_loss,5.6013,4333.99,4.202,1.945,60.19,0.9001,98.813,34,4112,4290,0.7844,178,False
MTU_low_lat_high_loss_070,2,2026-07-07 18:33:35,low_lat_high_loss,4.6276,5823.19,9.594,1.418,45.87,0.6968,0.213,35,1000,1071,0.9349,71,True
MTU_low_lat_high_loss_071,2,2026-07-07 18:36:47,low_lat_high_loss,3.8517,6875.84,5.373,1.493,30.82,0.6134,145.484,21,4880,4948,0.9327,68,True
MTU_low_lat_high_loss_072,2,2026-07-07 18:37:39,low_lat_high_loss,3.0096,2007.32,1.941,1.56,94.73,0.7289,0.308,15,1000,998,0.99,2,True
MTU_low_lat_high_loss_073,2,2026-07-07 18:39:52,low_lat_high_loss,5.1831,6784.46,7.002,0.652,26.06,0.4921,611.368,22,5240,5228,0.9749,12,True
MTU_low_lat_high_loss_074,2,2026-07-07 18:41:31,low_lat_high_loss,3.5865,4567.25,4.295,0.732,22.04,0.99,0.225,22,1000,1156,0.8513,156,True
MTU_low_lat_high_loss_075,2,2026-07-07 18:41:59,low_lat_high_loss,3.8658,7168.89,8.86,0.832,92.72,0.6235,5.66,26,1296,1495,0.7636,199,False
MTU_low_lat_high_loss_076,2,2026-07-07 18:43:22,low_lat_high_loss,4.6994,7756.67,4.551,0.904,91.73,0.7306,1922.073,25,5312,5420,0.9012,108,True
MTU_low_lat_high_loss_077,2,2026-07-07 18:45:28,low_lat_high_loss,3.9979,8518.87,3.305,1.248,73.53,0.3982,581.015,29,5384,5317,0.9068,67,True
MTU_low_lat_high_loss_078,2,2026-07-07 18:51:35,low_lat_high_loss,4.2918,1483.85,2.136,1.759,33.58,0.6348,811.225,21,5408,5495,0.8548,87,True
MTU_high_lat_high_loss_042,2,2026-07-08 01:29:57,high_lat_high_loss,5.9373,4850.02,56.84,11.601,69.16,0.7825,141.679,37,4440,4419,0.9653,21,True
MTU_high_lat_high_loss_043,2,2026-07-08 01:30:45,high_lat_high_loss,6.3402,2219.83,35.212,8.141,35.51,0.6012,0.212,51,1000,956,0.99,44,True
MTU_high_lat_high_loss_044,2,2026-07-08 01:33:50,high_lat_high_loss,5.4036,4623.39,52.764,9.788,63.86,0.6191,634.294,34,5288,5282,0.99,6,True
MTU_high_lat_high_loss_045,2,2026-07-08 01:34:43,high_lat_high_loss,5.6921,4592.55,52.708,8.329,81.41,0.7541,728.836,34,5288,5392,0.9179,104,True
MTU_high_lat_high_loss_046,2,2026-07-08 01:37:48,high_lat_high_loss,5.1871,2318.08,52.336,6.582,16.78,0.9316,450.89,37,5248,5292,0.9362,44,True
MTU_high_lat_high_loss_047,2,2026-07-08 01:40:54,high_lat_high_loss,6.4867,2554.63,50.786,10.257,63.97,0.6354,0.334,40,1000,1200,0.8149,200,True
MTU_high_lat_high_loss_048,2,2026-07-08 01:43:34,high_lat_high_loss,4.2429,3546.63,45.967,9.316,56.29,0.7753,271.283,33,4840,4560,0.7684,280,False
MTU_high_lat_high_loss_049,2,2026-07-08 01:45:58,high_lat_high_loss,6.3877,8213.82,54.855,7.011,84.87,0.6928,16.481,47,2024,2020,0.9814,4,True
MTU_high_lat_high_loss_050,2,2026-07-08 01:49:58,high_lat_high_loss,5.1944,818.53,53.564,11.638,33.8,0.6836,541.946,35,5176,5058,0.8544,118,True
MTU_high_lat_high_loss_051,2,2026-07-08 01:50:40,high_lat_high_loss,5.5351,7010.66,35.515,5.695,15.75,0.4422,0.158,37,1000,1172,0.792,172,False
MTU_high_lat_high_loss_052,2,2026-07-08 01:55:14,high_lat_high_loss,4.1987,546.44,56.583,10.313,20.14,0.7153,315.61,30,5000,5032,0.9694,32,True
MTU_high_lat_high_loss_053,2,2026-07-08 01:57:36,high_lat_high_loss,5.0508,5151.29,39.92,8.918,68.27,0.7779,6.177,32,1312,1238,0.8436,74,True
MTU_high_lat_high_loss_054,2,2026-07-08 02:00:43,high_lat_high_loss,5.1545,5210.43,52.471,5.038,87.07,0.6029,701.658,29,5328,5342,0.99,14,True
MTU_high_lat_high_loss_055,2,2026-07-08 02:01:34,high_lat_high_loss,3.6133,6885.87,54.256,6.637,17.28,0.4932,0.143,24,1000,895,0.8663,105,True
MTU_high_lat_high_loss_056,2,2026-07-08 02:02:52,high_lat_high_loss,3.6515,2222.51,44.862,6.409,13.17,0.5927,0.334,24,1000,726,0.6943,274,False
MTU_high_lat_high_loss_057,2,2026-07-08 02:07:38,high_lat_high_loss,4.1485,3751.72,59.784,8.006,27.08,0.8386,0.228,20,1000,1128,0.9117,128,True
MTU_high_lat_high_loss_058,2,2026-07-08 02:09:50,high_lat_high_loss,3.5149,5966.18,35.546,10.567,25.94,0.8097,0.753,21,1000,881,0.9176,119,True
MTU_high_lat_high_loss_059,2,2026-07-08 02:14:16,high_lat_high_loss,4.2188,8206.64,47.72,10.493,12.07,0.8293,4230.625,26,5536,5432,0.937,104,True
MTU_high_lat_high_loss_060,2,2026-07-08 02:16:18,high_lat_high_loss,4.6727,3950.29,55.104,5.24,44.34,0.5744,302.312,28,5008,4834,0.7494,174,False
MTU_high_lat_high_loss_061,2,2026-07-08 02:18:42,high_lat_high_loss,6.3437,1554.17,59.007,6.507,52.54,0.7534,344.558,41,5088,5188,0.8685,100,True
MTU_high_lat_high_loss_062,2,2026-07-08 02:21:55,high_lat_high_loss,5.1609,5751.29,37.924,7.771,94.99,0.6924,3.369,23,1048,1116,0.9474,68,True
MTU_high_lat_high_loss_063,2,2026-07-08 02:22:56,high_lat_high_loss,6.2541,5385.7,39.921,6.225,60.0,0.6942,80.531,35,3976,3775,0.7978,201,False
MTU_high_lat_high_loss_064,2,2026-07-08 02:25:53,high_lat_high_loss,5.7028,1318.1,43.307,5.106,32.45,0.5345,88.508,38,4048,4222,0.7963,174,False
MTU_high_lat_high_loss_065,2,2026-07-08 02:28:47,high_lat_high_loss,6.3486,6931.11,57.726,10.909,85.09,0.5295,529.607,37,5160,5238,0.9247,78,True
MTU_high_lat_high_loss_066,2,2026-07-08 02:30:40,high_lat_high_loss,6.4922,6542.48,39.286,8.249,33.29,0.7183,0.159,39,1000,1007,0.99,7,True
MTU_high_lat_high_loss_067,2,2026-07-08 02:33:12,high_lat_high_loss,4.4632,7010.88,36.296,10.318,85.62,0.625,5.601,26,1320,1122,0.825,198,True
MTU_high_lat_high_loss_068,2,2026-07-08 02:37:51,high_lat_high_loss,5.3739,2365.49,45.058,6.444,85.67,0.6285,0.304,31,1000,878,0.8679,122,True
MTU_high_lat_high_loss_069,2,2026-07-08 02:41:47,high_lat_high_loss,4.1065,7364.76,43.732,9.891,12.68,0.7341,158.022,26,4688,4486,0.8039,202,True
MTU_high_lat_high_loss_070,2,2026-07-08 02:42:40,high_lat_high_loss,4.7813,3549.25,48.153,6.298,86.17,0.4472,1683.284,29,5240,5493,0.7025,253,False
MTU_high_lat_high_loss_071,2,2026-07-08 02:45:09,high_lat_high_loss,5.4981,4592.81,42.699,11.172,17.83,0.7628,0.822,33,1000,1036,0.9714,36,True
MTU_high_lat_high_loss_072,2,2026-07-08 02:48:03,high_lat_high_loss,4.0929,8195.73,57.677,8.649,71.32,0.6402,229.106,16,5296,5347,0.9674,51,True
MTU_high_lat_high_loss_073,3,2026-07-08 23:57:49,high_lat_high_loss,4.5613,2815.44,55.794,10.451,15.03,0.5396,138.939,45,4392,4292,0.9306,100,True
MTU_high_lat_high_loss_074,3,2026-07-08 23:59:06,high_lat_high_loss,5.155,7343.3,48.773,9.159,82.91,0.7815,31.269,31,2792,2827,0.99,35,True
MTU_high_lat_high_loss_075,3,2026-07-09 00:02:42,high_lat_high_loss,4.0979,3812.59,45.131,6.468,65.03,0.7421,0.181,29,1000,855,0.7853,145,False
MTU_high_lat_high_loss_076,3,2026-07-09 00:05:51,high_lat_high_loss,5.3963,3892.87,46.844,5.237,46.08,0.9562,18.175,31,2232,1944,0.6539,288,False
MTU_high_lat_high_loss_077,3,2026-07-09 00:07:58,high_lat_high_loss,6.1409,5613.71,44.843,11.777,28.68,0.99,495.532,29,5216,5443,0.7406,227,False
MTU_high_lat_high_loss_078,3,2026-07-09 00:09:03,high_lat_high_loss,4.7042,160.41,49.396,9.901,63.27,0.7806,14.769,25,2056,2002,0.9122,54,True
MTU_high_lat_high_loss_079,3,2026-07-09 00:13:21,high_lat_high_loss,6.365,6421.21,47.56,10.124,50.82,0.9505,4738.617,27,5552,5336,0.8095,216,True
MTU_high_lat_high_loss_080,3,2026-07-09 00:15:21,high_lat_high_loss,4.9036,609.47,36.665,11.709,48.09,0.8152,1087.897,31,5272,5384,0.9191,112,True
MTU_high_lat_high_loss_081,3,2026-07-09 00:19:09,high_lat_high_loss,6.4622,7993.77,58.632,5.038,72.26,0.5966,11.057,46,1760,1628,0.873,132,True
MTU_high_lat_high_loss_082,3,2026-07-09 00:20:07,high_lat_high_loss,5.0903,3732.49,49.894,7.897,52.31,0.6129,3.512,28,1000,980,0.966,20,True
MTU_high_lat_high_loss_083,3,2026-07-09 00:21:20,high_lat_high_loss,5.2257,3176.91,44.732,8.136,59.24,0.7061,44.113,18,3344,3320,0.9408,24,True
MTU_high_lat_high_loss_084,3,2026-07-09 00:24:28,high_lat_high_loss,5.9192,4120.57,56.588,5.477,44.44,0.6148,1.189,31,1000,1072,0.9273,72,True
MTU_high_lat_high_loss_085,3,2026-07-09 00:29:12,high_lat_high_loss,6.4883,3077.16,57.59,8.778,57.7,0.8483,3.028,49,1000,1256,0.6639,256,False
MTU_high_lat_high_loss_086,3,2026-07-09 00:31:19,high_lat_high_loss,3.8806,8939.58,40.178,7.407,85.11,0.805,0.205,22,1000,1327,0.643,327,False
MTU_high_lat_high_loss_087,3,2026-07-09 00:34:21,high_lat_high_loss,3.5513,8184.53,38.851,5.14,79.38,0.6016,28.749,27,2952,2771,0.8066,181,True
MTU_high_lat_high_loss_088,3,2026-07-09 00:36:49,high_lat_high_loss,3.98,4518.22,53.079,10.063,16.55,0.9221,2.944,18,1192,1135,0.9232,57,True
MTU_high_lat_high_loss_089,3,2026-07-09 00:39:45,high_lat_high_loss,5.5507,8378.62,39.106,7.859,61.21,0.8333,1170.145,44,5376,5600,0.7875,224,False
MTU_high_lat_high_loss_090,3,2026-07-09 00:42:58,high_lat_high_loss,5.1429,3162.34,37.277,6.673,56.16,0.7374,497.47,33,5248,4937,0.6306,311,False
MTU_high_lat_high_loss_091,3,2026-07-09 00:43:58,high_lat_high_loss,5.9988,565.55,43.899,10.065,38.5,0.6328,0.973,33,1000,1275,0.6295,275,False
MTU_high_lat_high_loss_092,3,2026-07-09 00:46:06,high_lat_high_loss,6.2083,7310.24,46.136,5.093,46.64,0.8459,634.916,40,5184,5429,0.7352,245,False
MTU_high_lat_high_loss_093,3,2026-07-09 00:47:49,high_lat_high_loss,3.6994,7302.32,49.736,5.1,27.92,0.8716,893.472,24,5848,5963,0.7949,115,False
MTU_high_lat_high_loss_094,3,2026-07-09 00:50:04,high_lat_high_loss,4.3501,4122.3,47.897,11.643,82.41,0.444,1361.05,15,5968,5897,0.8921,71,True
MTU_high_lat_high_loss_095,3,2026-07-09 00:51:03,high_lat_high_loss,3.7264,1008.07,45.849,10.997,37.23,0.9672,7.93,19,1656,1423,0.7553,233,False
MTU_high_lat_high_loss_096,3,2026-07-09 00:52:34,high_lat_high_loss,4.7634,969.62,56.839,11.652,22.38,0.6659,0.164,32,1000,1327,0.5756,327,False
MTU_high_lat_high_loss_097,3,2026-07-09 00:53:49,high_lat_high_loss,4.4878,723.79,35.025,5.861,72.19,0.8663,173.236,23,4672,4798,0.8861,126,True
MTU_high_lat_high_loss_098,3,2026-07-09 00:54:44,high_lat_high_loss,5.1863,2182.5,45.147,7.516,79.27,0.8237,715.532,20,5416,5322,0.9131,94,True
MTU_high_lat_high_loss_099,3,2026-07-09 00:57:26,high_lat_high_loss,3.5523,1974.35,38.239,8.881,80.11,0.6692,3.488,16,1312,1170,0.8,142,False
MTU_low_lat_high_loss_079,3,2026-07-11 02:53:59,low_lat_high_loss,3.5719,1488.07,2.219,1.502,19.7,0.6068,2418.734,22,6008,5893,0.8965,115,True
MTU_low_lat_high_loss_080,3,2026-07-11 02:56:06,low_lat_high_loss,3.4269,2421.9,8.065,0.631,63.84,0.7198,21.978,21,2704,2890,0.8511,186,True
MTU_low_lat_high_loss_081,3,2026-07-11 02:57:52,low_lat_high_loss,3.2414,4895.95,7.919,0.594,77.29,0.7451,12.882,14,2104,2334,0.7458,230,False
MTU_low_lat_high_loss_082,3,2026-07-11 03:02:39,low_lat_high_loss,3.0782,6845.32,2.509,1.7,40.7,0.4174,2836.424,15,6448,6535,0.8753,87,True
MTU_low_lat_high_loss_083,3,2026-07-11 03:03:21,low_lat_high_loss,4.925,3871.64,7.933,0.901,56.8,0.5877,2.021,21,1000,841,0.8437,159,True
MTU_low_lat_high_loss_084,3,2026-07-11 03:04:39,low_lat_high_loss,5.462,677.32,5.801,1.031,65.91,0.5529,0.534,42,1000,1170,0.8387,170,True
MTU_low_lat_high_loss_085,3,2026-07-11 03:07:22,low_lat_high_loss,5.1884,8723.22,8.034,0.764,20.48,0.7318,53.052,25,3464,3328,0.8061,136,True
MTU_low_lat_high_loss_086,3,2026-07-11 03:08:16,low_lat_high_loss,3.7951,6293.75,2.001,1.271,18.62,0.9103,2.966,23,1000,1107,0.8904,107,True
MTU_low_lat_high_loss_087,3,2026-07-11 03:11:24,low_lat_high_loss,5.5295,3668.15,4.696,1.369,18.61,0.6859,549.039,31,5160,5270,0.8561,110,True
MTU_low_lat_high_loss_088,3,2026-07-11 03:16:06,low_lat_high_loss,5.9223,1379.94,4.349,1.667,68.49,0.598,171.973,47,4648,4511,0.8476,137,True
MTU_low_lat_high_loss_089,3,2026-07-11 03:20:06,low_lat_high_loss,3.0134,4438.4,7.089,1.969,42.19,0.733,2239.834,13,6384,6381,0.9766,3,True
MTU_low_lat_high_loss_090,3,2026-07-11 03:21:29,low_lat_high_loss,4.6226,8410.11,1.68,1.969,90.67,0.6561,140.374,29,4496,4632,0.8552,136,True
MTU_low_lat_high_loss_091,3,2026-07-11 03:24:06,low_lat_high_loss,5.0591,7377.26,7.167,0.753,26.35,0.7625,46.828,24,3384,3189,0.7476,195,False
MTU_low_lat_high_loss_092,3,2026-07-11 03:26:48,low_lat_high_loss,4.146,567.0,2.356,0.841,63.52,0.7216,265.91,20,5200,5190,0.9303,10,True
MTU_low_lat_high_loss_093,3,2026-07-11 03:29:30,low_lat_high_loss,4.5044,8046.22,5.575,1.192,89.8,0.6185,1.906,25,1000,855,0.8017,145,True
MTU_low_lat_high_loss_094,3,2026-07-11 03:35:40,low_lat_high_loss,3.9488,6807.74,5.097,1.159,36.76,0.7582,3.655,27,1000,1054,0.9382,54,True
MTU_low_lat_high_loss_095,3,2026-07-11 03:36:21,low_lat_high_loss,4.3317,2835.09,5.692,0.859,51.08,0.8458,0.426,30,1000,887,0.8914,113,True
MTU_low_lat_high_loss_096,3,2026-07-11 03:38:37,low_lat_high_loss,3.6705,3215.95,4.073,0.781,65.96,0.6821,428.77,22,5640,5643,0.99,3,True
MTU_low_lat_high_loss_097,3,2026-07-11 03:40:27,low_lat_high_loss,3.2867,7980.25,1.624,1.961,67.67,0.9581,106.32,20,4832,4805,0.9852,27,True
MTU_low_lat_high_loss_098,3,2026-07-11 03:42:26,low_lat_high_loss,5.9501,156.24,4.161,1.707,25.32,0.6928,291.38,34,4968,5138,0.81,170,True
MTU_low_lat_high_loss_099,3,2026-07-11 03:42:48,low_lat_high_loss,5.8857,6728.61,8.851,1.066,72.16,0.8206,631.184,25,5240,5308,0.9295,68,True
MTU_high_lat_low_loss_001,0,2026-07-11 16:00:00,high_lat_low_loss,0.4185,4871.84,50.788,8.109,62.38,0.8471,70.188,1,5560,5689,0.8453,129,True
MTU_high_lat_low_loss_002,0,2026-07-11 16:00:51,high_lat_low_loss,0.1318,1687.98,46.952,9.785,67.7,0.6955,0.102,0,1064,1013,0.9773,51,True
MTU_high_lat_low_loss_003,0,2026-07-11 16:06:44,high_lat_low_loss,0.0544,5627.53,51.07,4.881,27.59,0.8338,24.341,0,3816,3676,0.824,140,True
MTU_high_lat_low_loss_004,0,2026-07-11 16:09:19,high_lat_low_loss,0.1644,4124.32,43.151,6.41,90.9,0.5789,12.47,2,2872,2957,0.9235,85,True
MTU_high_lat_low_loss_005,0,2026-07-11 16:11:33,high_lat_low_loss,0.9729,3889.83,51.286,3.56,74.18,0.6498,0.124,9,1000,956,0.9675,44,True
MTU_high_lat_high_loss_100,4,2026-07-11 16:12:26,high_lat_high_loss,4.3009,3069.27,35.528,7.745,42.92,0.7039,1.194,22,1000,1354,0.6009,354,False
MTU_high_lat_low_loss_006,0,2026-07-11 16:14:44,high_lat_low_loss,0.5203,7911.77,32.98,8.882,35.34,0.7465,3.586,2,1528,1502,0.9532,26,True
MTU_high_lat_high_loss_101,4,2026-07-11 16:15:02,high_lat_high_loss,4.59,4627.83,58.053,11.143,18.52,0.5136,313.932,22,5056,5269,0.759,213,False
MTU_high_lat_high_loss_102,4,2026-07-11 16:17:00,high_lat_high_loss,4.3758,7052.1,38.729,5.743,80.55,0.3667,1779.041,20,5792,5847,0.8695,55,True
MTU_high_lat_low_loss_007,0,2026-07-11 16:17:44,high_lat_low_loss,0.5239,7137.53,56.864,4.725,54.04,0.7419,1.851,5,1240,1148,0.937,92,True
MTU_high_lat_low_loss_008,0,2026-07-11 16:19:49,high_lat_low_loss,0.94,6847.06,55.851,5.608,19.47,0.6392,822.371,4,7520,7460,0.9171,60,True
MTU_high_lat_high_loss_103,4,2026-07-11 16:19:51,high_lat_high_loss,5.5064,526.64,44.398,7.4,29.0,0.7784,1950.546,35,5352,5463,0.8183,111,True
MTU_high_lat_high_loss_104,4,2026-07-11 16:20:45,high_lat_high_loss,6.4219,5572.4,51.47,6.478,11.93,0.6282,113.241,39,4200,3908,0.6339,292,False
MTU_high_lat_high_loss_105,4,2026-07-11 16:21:48,high_lat_high_loss,4.0443,5655.71,48.858,10.119,43.06,0.7859,237.876,19,5104,5389,0.7043,285,False
MTU_high_lat_low_loss_009,0,2026-07-11 16:22:47,high_lat_low_loss,0.054,7324.64,59.619,7.147,21.39,0.699,2496.427,0,8424,8444,0.9269,20,True
MTU_high_lat_high_loss_106,4,2026-07-11 16:23:32,high_lat_high_loss,5.6944,7306.3,39.018,10.66,31.23,0.6916,68.077,39,3608,3850,0.7183,242,False
MTU_high_lat_high_loss_107,4,2026-07-11 16:24:30,high_lat_high_loss,5.7162,1682.68,56.241,11.014,85.19,0.8411,115.91,33,4304,4248,0.9473,56,True
MTU_high_lat_high_loss_108,4,2026-07-11 16:26:07,high_lat_high_loss,3.84,6815.75,53.049,10.593,28.43,0.3997,0.384,17,1000,1121,0.8606,121,True
MTU_high_lat_high_loss_109,4,2026-07-11 16:27:05,high_lat_high_loss,3.6757,1362.62,52.701,5.599,26.45,0.602,0.387,15,1000,859,0.7995,141,False
MTU_high_lat_low_loss_010,0,2026-07-11 16:27:13,high_lat_low_loss,0.1406,6493.4,33.442,5.811,21.84,0.6223,0.169,2,1112,985,0.8382,127,True
MTU_high_lat_low_loss_011,0,2026-07-11 16:28:22,high_lat_low_loss,0.8227,2865.48,54.748,6.319,81.76,0.4562,11.666,3,2688,2589,0.8555,99,True
MTU_high_lat_low_loss_012,0,2026-07-11 16:29:59,high_lat_low_loss,0.8333,5519.59,51.437,3.391,41.65,0.7091,4968.01,4,7936,7999,0.8823,63,True
MTU_high_lat_high_loss_110,4,2026-07-11 16:30:06,high_lat_high_loss,5.2323,5319.45,37.587,5.154,66.25,0.6202,101.668,29,4104,4139,0.9625,35,True
MTU_high_lat_high_loss_111,4,2026-07-11 16:32:07,high_lat_high_loss,5.7232,7721.69,55.709,10.449,56.31,0.7929,2385.135,39,5440,5385,0.9456,55,True
MTU_high_lat_low_loss_013,0,2026-07-11 16:32:20,high_lat_low_loss,0.0277,6656.66,36.893,7.256,28.0,0.5495,3.66,0,1544,1650,0.8901,106,True
MTU_high_lat_high_loss_112,4,2026-07-11 16:34:05,high_lat_high_loss,3.992,6883.11,42.188,7.065,65.54,0.7131,308.079,39,5000,4607,0.5798,393,False
MTU_high_lat_low_loss_014,0,2026-07-11 16:35:13,high_lat_low_loss,0.2241,2474.37,44.735,7.212,30.39,0.9099,13.498,1,2792,2790,0.9478,2,True
MTU_high_lat_high_loss_113,4,2026-07-11 16:36:02,high_lat_high_loss,6.38,7645.4,54.276,8.745,60.19,0.5566,6.37,33,1256,1627,0.6339,371,False
MTU_high_lat_low_loss_015,0,2026-07-11 16:36:14,high_lat_low_loss,0.5234,6370.1,57.84,7.183,35.5,0.7382,359.014,7,7232,7155,0.9202,77,True
MTU_high_lat_high_loss_114,4,2026-07-11 16:37:07,high_lat_high_loss,4.1353,998.63,46.631,9.317,37.4,0.8886,0.153,34,1000,1407,0.5775,407,False
MTU_high_lat_high_loss_115,4,2026-07-11 16:38:59,high_lat_high_loss,6.1833,7985.09,39.582,9.506,51.18,0.6231,4.653,51,1112,819,0.6331,293,False
MTU_high_lat_high_loss_116,4,2026-07-11 16:39:41,high_lat_high_loss,5.0228,1543.92,37.515,11.629,29.76,0.7249,0.224,33,1000,731,0.7782,269,False
MTU_high_lat_low_loss_016,0,2026-07-11 16:39:50,high_lat_low_loss,0.8021,270.41,32.853,8.008,34.62,0.9411,2658.438,5,7648,7843,0.7741,195,False
MTU_high_lat_low_loss_017,0,2026-07-11 16:41:14,high_lat_low_loss,0.6408,2371.01,50.056,9.083,36.24,0.7163,0.319,3,1000,992,0.99,8,True
MTU_high_lat_low_loss_018,0,2026-07-11 16:42:51,high_lat_low_loss,0.976,8186.38,35.509,8.199,72.73,0.8256,0.326,8,1008,694,0.6804,314,False
MTU_high_lat_high_loss_117,4,2026-07-11 16:43:24,high_lat_high_loss,4.2649,8097.74,45.917,7.304,43.82,0.8907,8.616,25,1544,1862,0.6879,318,False
MTU_high_lat_high_loss_118,4,2026-07-11 16:44:42,high_lat_high_loss,6.4575,5753.26,42.443,9.347,13.54,0.5863,140.301,34,4424,4159,0.7302,265,False
MTU_high_lat_low_loss_019,0,2026-07-11 16:46:11,high_lat_low_loss,0.3828,519.93,38.636,6.795,44.74,0.9105,7.354,1,2056,1929,0.8612,127,True
MTU_high_lat_low_loss_020,0,2026-07-11 16:47:09,high_lat_low_loss,0.5011,5832.58,54.658,3.675,94.19,0.6851,2231.992,3,7976,7840,0.92,136,True
MTU_high_lat_high_loss_119,4,2026-07-11 16:47:11,high_lat_high_loss,3.8065,6397.84,55.686,8.322,57.48,0.7107,103.501,22,4528,4230,0.6762,298,False
MTU_high_lat_low_loss_021,0,2026-07-11 16:49:08,high_lat_low_loss,0.4312,3793.24,35.606,9.424,34.88,0.5833,0.163,2,1000,600,0.595,400,False
MTU_high_lat_high_loss_120,4,2026-07-11 16:49:15,high_lat_high_loss,4.2148,5274.38,37.927,8.919,11.9,0.4711,1230.005,24,5568,5368,0.7509,200,False
MTU_high_lat_low_loss_022,0,2026-07-11 16:50:40,high_lat_low_loss,0.8781,7358.95,52.417,7.424,86.31,0.6726,1035.043,3,7832,7877,0.9421,45,True
MTU_high_lat_high_loss_121,4,2026-07-11 16:50:49,high_lat_high_loss,6.0882,6603.39,58.406,8.893,15.0,0.6061,1.318,31,1000,855,0.858,145,True
MTU_high_lat_high_loss_122,4,2026-07-11 16:51:42,high_lat_high_loss,4.4024,2559.14,59.434,5.331,93.56,0.6066,3.773,28,1128,1168,0.9052,40,True
MTU_high_lat_high_loss_123,4,2026-07-11 16:56:41,high_lat_high_loss,4.6727,6313.7,45.1,10.972,49.33,0.7746,0.164,26,1000,1052,0.9394,52,True
MTU_high_lat_high_loss_124,4,2026-07-11 16:57:32,high_lat_high_loss,4.1338,814.31,57.826,8.549,46.38,0.9327,78.161,30,3992,4153,0.8123,161,True
MTU_high_lat_high_loss_125,4,2026-07-11 16:58:16,high_lat_high_loss,6.4045,3758.93,43.868,9.3,71.44,0.7008,20.428,36,2352,2339,0.9606,13,True
MTU_high_lat_high_loss_126,4,2026-07-11 17:00:53,high_lat_high_loss,4.9837,6187.81,45.442,6.417,44.88,0.853,4.415,28,1096,1099,0.973,3,True
MTU_high_lat_high_loss_127,4,2026-07-11 17:02:44,high_lat_high_loss,5.8072,1850.42,39.496,9.07,30.79,0.6866,1158.118,30,5424,5592,0.7852,168,False
MTU_high_lat_high_loss_128,4,2026-07-11 17:08:00,high_lat_high_loss,3.5277,4201.55,58.357,6.398,76.28,0.978,892.669,22,5984,5897,0.8966,87,True
MTU_high_lat_high_loss_129,4,2026-07-11 17:10:27,high_lat_high_loss,4.6857,2366.96,42.084,10.887,76.5,0.8312,45.079,28,3272,3079,0.7897,193,False
MTU_high_lat_high_loss_130,4,2026-07-11 17:15:42,high_lat_high_loss,3.6432,1714.68,52.314,5.653,73.2,0.873,19.001,21,2504,2232,0.7157,272,False
MTU_low_lat_high_loss_100,4,2026-07-11 23:06:46,low_lat_high_loss,3.139,6839.0,5.821,1.243,74.77,0.7059,100.908,23,4544,4672,0.9016,128,True
MTU_low_lat_high_loss_101,4,2026-07-11 23:07:44,low_lat_high_loss,5.1013,6674.22,5.267,0.806,73.26,0.9138,0.411,31,1000,1399,0.6061,399,False
MTU_low_lat_high_loss_102,4,2026-07-11 23:12:01,low_lat_high_loss,5.6758,4813.6,1.636,0.487,81.48,0.8137,0.542,27,1000,893,0.8625,107,True
MTU_low_lat_high_loss_103,4,2026-07-11 23:14:12,low_lat_high_loss,4.0663,223.65,8.258,1.02,74.77,0.6537,555.847,27,5264,5272,0.9847,8,True
MTU_low_lat_high_loss_104,4,2026-07-11 23:15:07,low_lat_high_loss,5.131,5908.56,1.892,1.608,90.78,0.7483,115.382,32,4312,4312,0.9644,0,True
MTU_low_lat_high_loss_105,4,2026-07-11 23:17:56,low_lat_high_loss,5.3924,1801.57,1.666,1.98,63.26,0.941,881.734,27,5184,5196,0.99,12,True
MTU_low_lat_high_loss_106,4,2026-07-11 23:20:29,low_lat_high_loss,3.98,4922.3,4.084,0.936,22.99,0.5631,854.26,26,5600,5508,0.8589,92,True
MTU_low_lat_high_loss_107,4,2026-07-11 23:23:11,low_lat_high_loss,4.4455,2890.06,8.565,0.766,92.38,0.8164,7.232,22,1424,1151,0.6694,273,False
MTU_low_lat_high_loss_108,4,2026-07-11 23:25:02,low_lat_high_loss,3.7787,5976.59,6.817,0.651,85.93,0.6308,5.337,29,1272,1281,0.976,9,True
MTU_low_lat_high_loss_109,4,2026-07-11 23:26:31,low_lat_high_loss,4.0144,8120.52,5.331,0.388,26.47,0.5976,6.393,18,1600,1776,0.785,176,False
MTU_low_lat_high_loss_110,4,2026-07-11 23:29:53,low_lat_high_loss,3.7448,1661.37,6.794,0.862,64.3,0.3428,8.997,24,1584,1501,0.8864,83,True
MTU_low_lat_high_loss_111,4,2026-07-11 23:31:35,low_lat_high_loss,3.6628,8970.78,4.44,1.963,14.68,0.869,8.326,17,1536,1589,0.9127,53,True
MTU_low_lat_high_loss_112,4,2026-07-11 23:33:55,low_lat_high_loss,4.3834,6681.12,5.154,1.124,75.42,0.638,0.127,30,1000,1154,0.8549,154,True
MTU_low_lat_high_loss_113,4,2026-07-11 23:35:13,low_lat_high_loss,4.1381,7967.45,1.045,0.699,74.68,0.488,5.538,28,1320,1271,0.9608,49,True
MTU_low_lat_high_loss_114,4,2026-07-11 23:37:00,low_lat_high_loss,5.4588,6799.27,6.335,0.444,53.82,0.6363,2260.185,31,5320,5183,0.9059,137,True
MTU_low_lat_high_loss_115,4,2026-07-11 23:41:56,low_lat_high_loss,3.3251,3945.69,4.159,0.658,61.87,0.85,539.7,14,6008,5959,0.919,49,True
MTU_high_lat_high_loss_131,5,2026-07-12 03:34:23,high_lat_high_loss,5.0783,2429.08,45.159,8.897,36.24,0.4868,675.264,39,5200,5366,0.8074,166,True
MTU_high_lat_high_loss_132,5,2026-07-12 03:35:29,high_lat_high_loss,4.4439,8945.8,46.848,10.146,74.51,0.952,0.503,21,1000,1037,0.9205,37,True
MTU_high_lat_high_loss_133,5,2026-07-12 03:36:18,high_lat_high_loss,4.3191,3551.59,39.203,10.871,36.74,0.7451,4.078,30,1000,946,0.9388,54,True
MTU_high_lat_high_loss_134,5,2026-07-12 03:37:56,high_lat_high_loss,5.7204,241.86,36.322,8.158,73.0,0.658,0.261,37,1000,1186,0.7918,186,False
MTU_high_lat_high_loss_135,5,2026-07-12 03:39:02,high_lat_high_loss,4.9835,4213.23,52.416,5.693,42.51,0.4869,0.238,29,1000,1122,0.8944,122,True
MTU_high_lat_high_loss_136,5,2026-07-12 03:42:14,high_lat_high_loss,3.7621,4713.17,45.565,9.384,76.51,0.5691,19.763,19,2448,2496,0.9197,48,True
MTU_high_lat_high_loss_137,5,2026-07-12 03:43:40,high_lat_high_loss,4.7155,7947.36,44.378,8.455,91.37,0.6133,12.746,29,1872,1852,0.9709,20,True
MTU_high_lat_high_loss_138,5,2026-07-12 03:43:53,high_lat_high_loss,3.7569,1895.25,55.399,5.07,85.52,0.8437,1.41,24,1000,862,0.8229,138,True
MTU_high_lat_high_loss_139,5,2026-07-12 03:48:43,high_lat_high_loss,5.9706,6209.0,44.266,5.52,76.21,0.7534,658.138,26,5376,5188,0.8178,188,True
MTU_high_lat_high_loss_140,5,2026-07-12 03:49:55,high_lat_high_loss,6.1472,3926.15,51.042,5.307,18.33,0.8128,0.424,36,1000,999,0.9834,1,True
MTU_high_lat_high_loss_141,5,2026-07-12 03:51:00,high_lat_high_loss,5.4784,3822.81,46.774,9.245,70.67,0.8638,11.513,34,1704,1553,0.8017,151,True
MTU_high_lat_high_loss_142,5,2026-07-12 03:51:43,high_lat_high_loss,4.3529,3418.09,52.729,10.863,51.82,0.5882,369.42,29,5088,5211,0.8957,123,True
MTU_high_lat_high_loss_143,5,2026-07-12 03:54:26,high_lat_high_loss,4.6417,8469.4,59.076,5.484,32.29,0.9518,1977.333,23,5480,5425,0.9288,55,True
MTU_high_lat_high_loss_144,5,2026-07-12 03:57:58,high_lat_high_loss,4.1604,1994.01,45.277,9.041,82.88,0.5011,3.592,30,1072,1021,0.946,51,True
MTU_high_lat_high_loss_145,5,2026-07-12 03:59:51,high_lat_high_loss,4.4988,5766.88,52.823,9.488,36.29,0.7356,190.555,31,4808,4750,0.9622,58,True
MTU_high_lat_high_loss_146,5,2026-07-12 04:01:22,high_lat_high_loss,3.9335,309.95,54.129,5.266,90.94,0.5916,0.927,18,1000,1057,0.9508,57,True
MTU_high_lat_high_loss_147,5,2026-07-12 04:03:51,high_lat_high_loss,3.5552,2099.79,58.271,7.684,88.23,0.5054,2251.496,18,6152,6266,0.8551,114,True
MTU_high_lat_high_loss_148,5,2026-07-12 04:06:57,high_lat_high_loss,4.3528,6801.22,49.801,8.208,52.47,0.7044,37.388,22,3040,3047,0.99,7,True
MTU_high_lat_high_loss_149,5,2026-07-12 04:10:36,high_lat_high_loss,4.7922,6071.81,36.826,5.212,34.5,0.99,350.194,25,5088,5557,0.4973,469,False
MTU_high_lat_high_loss_150,5,2026-07-12 04:13:38,high_lat_high_loss,3.9383,8213.1,52.448,9.835,88.67,0.4981,12.921,27,1824,1352,0.487,472,False
MTU_high_lat_low_loss_023,1,2026-07-12 07:39:58,high_lat_low_loss,0.2962,3620.41,40.251,6.901,71.66,0.6061,3.194,2,1472,1547,0.8792,75,True
MTU_high_lat_low_loss_024,1,2026-07-12 07:41:20,high_lat_low_loss,0.9205,1108.62,41.328,3.759,72.77,0.8281,0.502,3,1032,1056,0.99,24,True
MTU_high_lat_low_loss_025,1,2026-07-12 07:43:47,high_lat_low_loss,0.7653,8497.45,32.355,3.844,32.14,0.8299,1.275,6,1216,1394,0.8353,178,True
MTU_high_lat_low_loss_026,1,2026-07-12 07:45:59,high_lat_low_loss,0.2661,8017.22,59.567,6.075,47.98,0.6002,191.697,1,7040,7366,0.6645,326,False
MTU_high_lat_low_loss_027,1,2026-07-12 07:47:14,high_lat_low_loss,0.1953,1571.66,33.257,9.221,35.06,0.6905,334.687,1,7552,7421,0.88,131,True
MTU_high_lat_low_loss_028,1,2026-07-12 07:48:45,high_lat_low_loss,0.5937,3299.5,41.655,3.475,74.82,0.5554,3486.547,3,8112,8376,0.6819,264,False
MTU_high_lat_low_loss_029,1,2026-07-12 07:50:20,high_lat_low_loss,0.8835,4734.43,52.047,3.37,65.76,0.5283,0.101,1,1000,832,0.7728,168,False
MTU_high_lat_low_loss_030,1,2026-07-12 07:53:02,high_lat_low_loss,0.4919,6449.01,32.23,8.639,41.49,0.6312,3053.359,3,8032,7643,0.5642,389,False
MTU_high_lat_low_loss_031,1,2026-07-12 07:54:35,high_lat_low_loss,0.1763,5069.82,33.511,4.524,29.93,0.6567,0.201,0,1064,853,0.7717,211,False
MTU_high_lat_low_loss_032,1,2026-07-12 07:57:28,high_lat_low_loss,0.1938,844.4,43.17,8.773,46.18,0.663,0.716,0,1168,1002,0.774,166,False
MTU_high_lat_low_loss_033,1,2026-07-12 08:00:49,high_lat_low_loss,0.9357,3441.63,42.862,6.606,16.47,0.5472,612.416,8,7296,7213,0.9133,83,True
MTU_high_lat_low_loss_034,1,2026-07-12 08:02:11,high_lat_low_loss,0.3015,5298.49,53.756,8.817,14.4,0.6046,0.134,2,1024,1138,0.9156,114,True
MTU_high_lat_low_loss_035,1,2026-07-12 08:04:37,high_lat_low_loss,0.5435,6672.15,46.371,6.904,23.29,0.3843,3.178,6,1632,1815,0.8387,183,True
MTU_high_lat_low_loss_036,1,2026-07-12 08:09:08,high_lat_low_loss,0.6183,5800.37,44.563,3.224,38.42,0.5708,129.004,4,6424,6018,0.5597,406,False
MTU_low_lat_high_loss_116,5,2026-07-12 08:13:14,low_lat_high_loss,3.7209,4556.1,8.299,0.766,28.86,0.7716,2.789,14,1000,837,0.8268,163,True
MTU_high_lat_low_loss_037,1,2026-07-12 08:13:46,high_lat_low_loss,0.3668,1445.2,32.093,5.721,65.12,0.652,5.609,1,1888,1780,0.8625,108,True
MTU_low_lat_high_loss_117,5,2026-07-12 08:15:31,low_lat_high_loss,5.5583,3881.66,10.0,0.401,19.11,0.6375,41.912,31,3128,2853,0.6701,275,False
MTU_high_lat_low_loss_038,1,2026-07-12 08:15:51,high_lat_low_loss,0.8948,7421.29,34.858,6.538,61.42,0.7487,4270.879,5,7920,8114,0.7764,194,False
MTU_high_lat_low_loss_039,1,2026-07-12 08:17:15,high_lat_low_loss,0.3244,1214.07,35.297,4.545,10.98,0.99,1.176,2,1232,1004,0.7734,228,False
MTU_low_lat_high_loss_118,5,2026-07-12 08:19:10,low_lat_high_loss,4.37,8632.59,5.001,0.614,59.82,0.6949,58.238,26,3576,3793,0.755,217,False
MTU_high_lat_low_loss_040,1,2026-07-12 08:20:53,high_lat_low_loss,0.0615,8526.38,53.945,8.225,52.01,0.6201,102.738,0,6472,6592,0.8542,120,True
MTU_low_lat_high_loss_119,5,2026-07-12 08:22:14,low_lat_high_loss,5.3298,8137.77,2.005,0.909,82.18,0.6832,0.826,27,1000,1255,0.6994,255,False
MTU_high_lat_low_loss_041,1,2026-07-12 08:23:01,high_lat_low_loss,0.3651,2931.29,30.948,4.461,15.88,0.5272,4902.508,0,8360,8433,0.8716,73,True
MTU_low_lat_high_loss_120,5,2026-07-12 08:25:24,low_lat_high_loss,5.9047,3859.53,4.874,0.95,23.37,0.6258,395.773,32,5080,5000,0.9133,80,True
MTU_high_lat_low_loss_042,1,2026-07-12 08:26:03,high_lat_low_loss,0.0327,2437.67,41.786,9.274,23.58,0.5475,1.175,2,1320,1281,0.9196,39,True
MTU_high_lat_low_loss_043,1,2026-07-12 08:29:49,high_lat_low_loss,0.0258,7220.67,53.484,6.86,60.92,0.7345,0.158,0,1096,1332,0.7205,236,False
MTU_low_lat_high_loss_121,5,2026-07-12 08:31:14,low_lat_high_loss,3.2442,4964.9,9.769,1.218,81.48,0.8256,149.667,16,5240,5230,0.9743,10,True
MTU_high_lat_low_loss_044,1,2026-07-12 08:31:28,high_lat_low_loss,0.3081,3546.73,42.601,3.729,91.28,0.689,146.13,1,6744,6684,0.9084,60,True
MTU_high_lat_low_loss_045,1,2026-07-12 08:34:01,high_lat_low_loss,0.8826,723.48,34.607,4.505,13.23,0.572,7.919,4,2128,2227,0.8636,99,True
MTU_low_lat_high_loss_122,5,2026-07-12 08:34:25,low_lat_high_loss,3.3927,3168.6,4.98,1.966,19.27,0.7613,2.98,22,1216,1360,0.8051,144,True
MTU_high_lat_low_loss_046,1,2026-07-12 08:35:55,high_lat_low_loss,0.8583,2200.61,40.364,7.229,59.94,0.5168,10.908,2,2424,2235,0.7833,189,False
MTU_low_lat_high_loss_123,5,2026-07-12 08:35:56,low_lat_high_loss,4.2716,2891.09,7.62,1.072,67.07,0.6779,7.29,31,1400,1364,0.9771,36,True
MTU_high_lat_low_loss_047,1,2026-07-12 08:38:01,high_lat_low_loss,0.3609,2178.93,44.374,9.969,30.5,0.6375,0.177,2,1000,790,0.7906,210,False
MTU_high_lat_low_loss_048,1,2026-07-12 08:39:30,high_lat_low_loss,0.8166,8158.8,53.65,7.484,41.04,0.5277,0.629,2,1152,1230,0.965,78,True
MTU_low_lat_high_loss_124,5,2026-07-12 08:39:47,low_lat_high_loss,4.6417,5683.01,2.124,1.792,25.36,0.5663,216.787,28,4720,4746,0.9679,26,True
MTU_low_lat_high_loss_125,5,2026-07-12 08:40:56,low_lat_high_loss,5.2144,8962.89,2.447,0.86,87.25,0.7376,1070.45,29,5344,5245,0.9426,99,True
MTU_low_lat_high_loss_126,5,2026-07-12 08:42:45,low_lat_high_loss,3.4701,514.63,1.044,0.855,80.81,0.5937,12.463,21,1888,1754,0.8048,134,True
MTU_high_lat_low_loss_049,1,2026-07-12 08:45:51,high_lat_low_loss,0.8087,542.7,34.897,7.013,53.75,0.9042,315.929,5,7088,7274,0.7762,186,False
MTU_low_lat_high_loss_127,5,2026-07-12 08:46:13,low_lat_high_loss,3.5615,2600.41,9.857,0.483,43.5,0.7595,1034.107,18,6000,5940,0.9519,60,True
MTU_low_lat_high_loss_128,5,2026-07-12 08:47:12,low_lat_high_loss,4.3917,8417.71,5.021,0.82,92.72,0.6151,0.155,36,1000,1093,0.9022,93,True
MTU_high_lat_low_loss_050,1,2026-07-12 08:47:34,high_lat_low_loss,0.652,6330.87,51.5,8.627,85.41,0.6858,2254.392,1,8056,8112,0.946,56,True
MTU_high_lat_low_loss_051,1,2026-07-12 08:48:23,high_lat_low_loss,0.6995,3627.05,51.404,4.732,77.73,0.7708,67.489,2,5360,5439,0.8924,79,True
MTU_low_lat_high_loss_129,5,2026-07-12 08:51:37,low_lat_high_loss,4.2644,665.42,3.128,1.103,16.08,0.8365,7.135,30,1448,1411,0.9241,37,True
MTU_low_lat_high_loss_130,5,2026-07-12 08:54:11,low_lat_high_loss,4.8093,5407.6,4.944,0.779,93.1,0.5379,0.692,29,1000,824,0.8066,176,True
MTU_low_lat_high_loss_131,5,2026-07-12 08:59:16,low_lat_high_loss,4.7418,4894.41,8.196,0.546,13.14,0.5737,166.125,27,4560,4534,0.9843,26,True
MTU_low_lat_high_loss_132,5,2026-07-12 09:01:46,low_lat_high_loss,4.9705,7252.4,8.96,0.743,45.4,0.7224,95.181,38,4064,4358,0.6859,294,False
MTU_low_lat_high_loss_133,5,2026-07-12 09:05:34,low_lat_high_loss,4.269,2053.6,5.1,0.72,38.92,0.5985,93.982,33,4112,4207,0.8958,95,True
MTU_low_lat_high_loss_134,6,2026-07-12 17:17:57,low_lat_high_loss,4.4573,8643.64,6.823,1.67,89.98,0.7368,0.174,28,1000,1195,0.8008,195,True
MTU_low_lat_high_loss_135,6,2026-07-12 17:19:51,low_lat_high_loss,3.4176,1187.32,9.06,1.929,35.0,0.6899,0.711,13,1000,862,0.8467,138,True
MTU_low_lat_high_loss_136,6,2026-07-12 17:21:39,low_lat_high_loss,3.9065,8027.09,6.865,1.296,76.52,0.8422,376.548,31,5168,5186,0.9617,18,True
MTU_low_lat_high_loss_137,6,2026-07-12 17:24:25,low_lat_high_loss,5.9811,7742.41,3.753,0.806,41.02,0.5433,208.886,40,4808,4827,0.9741,19,True
MTU_low_lat_high_loss_138,6,2026-07-12 17:26:49,low_lat_high_loss,5.0145,6514.49,5.589,0.302,87.6,0.9032,878.997,37,5344,5521,0.8081,177,True
MTU_low_lat_high_loss_139,6,2026-07-12 17:30:07,low_lat_high_loss,5.3845,1850.29,3.969,0.393,67.77,0.2506,17.503,30,2136,2079,0.9326,57,True
MTU_low_lat_high_loss_140,6,2026-07-12 17:31:45,low_lat_high_loss,3.8176,4322.59,3.297,0.81,17.62,0.8723,2481.096,22,5888,5904,0.99,16,True
MTU_low_lat_high_loss_141,6,2026-07-12 17:35:19,low_lat_high_loss,3.8829,7865.26,3.929,1.341,62.21,0.8244,697.838,23,5504,5603,0.9297,99,True
MTU_low_lat_high_loss_142,6,2026-07-12 17:37:40,low_lat_high_loss,4.4807,5519.15,7.303,0.496,33.11,0.3775,6.889,26,1256,1116,0.8617,140,True
MTU_low_lat_high_loss_143,6,2026-07-12 17:42:12,low_lat_high_loss,3.9199,4294.59,2.095,1.529,81.8,0.7208,0.863,16,1000,1105,0.8864,105,True
MTU_low_lat_high_loss_144,6,2026-07-12 17:46:14,low_lat_high_loss,4.2978,853.96,8.938,1.605,13.21,0.9462,0.264,30,1000,1009,0.9552,9,True
MTU_low_lat_high_loss_145,6,2026-07-12 17:47:35,low_lat_high_loss,3.0507,5152.68,6.224,1.971,27.05,0.5537,6.623,21,1552,1789,0.7311,237,False
MTU_low_lat_high_loss_146,6,2026-07-12 17:49:13,low_lat_high_loss,4.2614,609.81,9.782,0.4,33.07,0.6932,0.123,22,1000,958,0.9677,42,True
MTU_low_lat_high_loss_147,6,2026-07-12 17:51:54,low_lat_high_loss,3.7848,8366.93,9.144,0.952,90.44,0.5983,165.243,24,4960,4708,0.7216,252,False
MTU_low_lat_high_loss_148,6,2026-07-12 17:53:47,low_lat_high_loss,3.8447,3581.21,3.635,1.777,75.71,0.7732,0.129,33,1000,936,0.9377,64,True
MTU_low_lat_high_loss_149,6,2026-07-12 17:56:17,low_lat_high_loss,5.2447,1178.11,3.17,1.196,74.27,0.9493,0.203,33,1000,926,0.9257,74,True
MTU_low_lat_high_loss_150,6,2026-07-12 17:57:46,low_lat_high_loss,5.4987,6028.1,8.561,1.464,60.11,0.7468,44.403,30,3224,2957,0.7505,267,False
MTU_high_lat_low_loss_052,2,2026-07-12 22:38:46,high_lat_low_loss,0.9487,4607.68,47.371,7.322,64.03,0.652,1.221,9,1000,805,0.8091,195,True
MTU_high_lat_low_loss_053,2,2026-07-12 22:40:40,high_lat_low_loss,0.6847,3113.85,35.823,7.164,15.27,0.5301,10.74,6,2472,2730,0.751,258,False
MTU_high_lat_low_loss_054,2,2026-07-12 22:41:05,high_lat_low_loss,0.9253,8815.64,52.165,9.414,69.88,0.5495,0.33,7,1008,822,0.8108,186,True
MTU_high_lat_low_loss_055,2,2026-07-12 22:43:13,high_lat_low_loss,0.186,5261.18,41.462,5.001,64.86,0.99,1.172,1,1080,1211,0.8535,131,True
MTU_high_lat_low_loss_056,2,2026-07-12 22:45:07,high_lat_low_loss,0.4976,2188.3,55.461,4.551,71.92,0.8882,3.588,0,1520,1552,0.99,32,True
MTU_high_lat_low_loss_057,2,2026-07-12 22:47:53,high_lat_low_loss,0.0187,1650.32,39.762,4.666,27.59,0.6732,154.375,0,6856,6766,0.8553,90,True
MTU_high_lat_low_loss_058,2,2026-07-12 22:52:22,high_lat_low_loss,0.0548,832.46,33.924,5.973,73.19,0.8298,0.586,0,1144,1275,0.8322,131,True
MTU_high_lat_low_loss_059,2,2026-07-12 22:55:00,high_lat_low_loss,0.2971,7697.78,51.7,9.114,33.05,0.7068,0.848,4,1160,1041,0.868,119,True
MTU_high_lat_low_loss_060,2,2026-07-12 22:57:57,high_lat_low_loss,0.1121,4913.65,55.401,4.832,80.27,0.8044,141.411,0,6824,6879,0.9505,55,True
MTU_high_lat_low_loss_061,2,2026-07-12 23:00:56,high_lat_low_loss,0.5941,1108.6,44.636,6.104,23.34,0.3521,34.587,3,4304,4334,0.9223,30,True
MTU_high_lat_low_loss_062,2,2026-07-12 23:03:02,high_lat_low_loss,0.4306,945.98,41.98,6.085,81.93,0.5836,0.178,0,1000,926,0.9483,74,True
MTU_high_lat_low_loss_063,2,2026-07-12 23:04:38,high_lat_low_loss,0.1614,7524.58,46.657,6.059,93.79,0.7114,0.144,3,1152,1246,0.8536,94,True
MTU_high_lat_low_loss_064,2,2026-07-12 23:06:12,high_lat_low_loss,0.6049,3989.32,36.875,5.856,67.68,0.6742,2253.625,4,7832,7840,0.99,8,True
MTU_high_lat_low_loss_065,2,2026-07-12 23:08:12,high_lat_low_loss,0.0182,3478.38,50.076,7.455,11.17,0.7928,2.028,1,1336,1261,0.9164,75,True
MTU_high_lat_low_loss_066,2,2026-07-12 23:09:25,high_lat_low_loss,0.7674,5596.82,53.576,6.661,59.92,0.8983,0.448,4,1128,1005,0.8721,123,True
MTU_high_lat_low_loss_067,2,2026-07-12 23:12:38,high_lat_low_loss,0.6543,2098.57,50.199,3.388,90.46,0.7789,285.992,4,7200,6969,0.7657,231,False
MTU_high_lat_low_loss_068,2,2026-07-12 23:15:40,high_lat_low_loss,0.78,1698.45,56.338,8.508,30.63,0.5231,860.779,6,7608,7638,0.9734,30,True
MTU_high_lat_low_loss_069,2,2026-07-12 23:17:38,high_lat_low_loss,0.2728,2680.63,39.279,4.376,55.86,0.7982,3972.172,0,8344,8476,0.8889,132,True
MTU_high_lat_low_loss_070,3,2026-07-14 09:48:21,high_lat_low_loss,0.8761,5864.65,48.537,7.186,23.68,0.6024,177.77,5,6656,6742,0.8941,86,True
MTU_high_lat_low_loss_071,3,2026-07-14 09:48:55,high_lat_low_loss,0.1404,6518.85,53.38,9.0,37.15,0.5308,1063.749,0,8112,7933,0.8472,179,True
MTU_high_lat_low_loss_072,3,2026-07-14 09:51:57,high_lat_low_loss,0.021,3091.56,46.312,6.702,38.74,0.8396,2998.678,0,8496,8616,0.8622,120,True
MTU_high_lat_low_loss_073,3,2026-07-14 09:54:12,high_lat_low_loss,0.3063,7032.24,46.538,7.997,91.26,0.7716,0.155,5,1000,1037,0.9785,37,True
MTU_high_lat_low_loss_074,3,2026-07-14 09:57:01,high_lat_low_loss,0.2722,7997.56,37.587,4.782,31.61,0.6804,273.28,3,7368,7385,0.9542,17,True
MTU_high_lat_low_loss_075,3,2026-07-14 10:01:16,high_lat_low_loss,0.75,3648.13,58.624,3.067,65.66,0.7442,2057.843,3,7816,7678,0.8445,138,True
MTU_high_lat_low_loss_076,3,2026-07-14 10:03:16,high_lat_low_loss,0.2525,5932.28,42.176,9.541,27.39,0.731,1103.478,1,8160,7758,0.5126,402,False
MTU_high_lat_low_loss_077,3,2026-07-14 10:05:38,high_lat_low_loss,0.2111,8424.79,43.584,6.754,51.73,0.8642,75.539,0,5832,5979,0.8397,147,True
MTU_high_lat_low_loss_078,3,2026-07-14 10:09:17,high_lat_low_loss,0.9081,4010.07,55.515,3.53,63.22,0.6481,14.212,8,2640,2868,0.8033,228,True
MTU_high_lat_low_loss_079,3,2026-07-14 10:12:37,high_lat_low_loss,0.3817,129.02,39.712,7.054,32.94,0.6386,1646.305,0,8240,7900,0.6038,340,False
MTU_high_lat_low_loss_080,3,2026-07-14 10:14:14,high_lat_low_loss,0.4496,8286.51,45.655,9.976,34.4,0.7402,0.156,5,1000,819,0.782,181,False
MTU_high_lat_low_loss_081,3,2026-07-14 10:15:49,high_lat_low_loss,0.5539,3119.92,37.061,3.584,81.39,0.3553,60.043,4,5328,5312,0.99,16,True
MTU_high_lat_low_loss_082,3,2026-07-14 10:16:30,high_lat_low_loss,0.8346,6958.59,44.995,8.506,38.32,0.99,974.28,5,7744,7889,0.8212,145,True
MTU_high_lat_low_loss_083,3,2026-07-14 10:17:04,high_lat_low_loss,1.0,8575.43,55.458,4.225,48.0,0.7926,873.378,5,7480,7520,0.9836,40,True
MTU_high_lat_low_loss_084,3,2026-07-14 10:18:39,high_lat_low_loss,0.4302,8363.76,33.795,7.552,20.34,0.637,488.448,1,7712,7808,0.8832,96,True
MTU_high_lat_low_loss_085,3,2026-07-14 10:22:41,high_lat_low_loss,0.1277,2180.55,58.29,5.405,57.57,0.6562,5.285,1,1928,2188,0.6905,260,False
MTU_high_lat_low_loss_086,3,2026-07-14 10:24:37,high_lat_low_loss,0.6067,5134.23,31.558,9.729,32.23,0.4315,216.316,2,7120,7157,0.9043,37,True
MTU_high_lat_low_loss_087,3,2026-07-14 10:26:04,high_lat_low_loss,0.3877,1581.14,41.845,7.564,52.6,0.8194,242.698,3,7312,7447,0.8341,135,True
MTU_high_lat_low_loss_088,3,2026-07-14 10:27:33,high_lat_low_loss,0.5307,839.53,52.076,3.331,65.0,0.6855,0.982,4,1120,1306,0.7681,186,False
MTU_high_lat_low_loss_089,3,2026-07-14 10:29:13,high_lat_low_loss,0.6545,1377.2,39.709,3.988,65.53,0.6706,1520.704,3,7800,7914,0.8665,114,True
MTU_high_lat_low_loss_090,3,2026-07-14 10:33:54,high_lat_low_loss,0.0739,216.03,35.748,9.036,49.54,0.8418,78.876,1,5920,5947,0.9813,27,True
MTU_high_lat_low_loss_091,3,2026-07-14 10:35:46,high_lat_low_loss,0.0785,8219.76,47.368,6.301,69.13,0.4299,9.266,0,2376,2343,0.9763,33,True
MTU_high_lat_low_loss_092,3,2026-07-14 10:40:15,high_lat_low_loss,0.2778,3895.97,57.813,6.545,61.83,0.557,30.58,2,4208,4487,0.7225,279,False
MTU_high_lat_low_loss_093,3,2026-07-14 10:43:44,high_lat_low_loss,0.9402,8160.6,40.082,7.474,76.78,0.7002,0.35,4,1000,787,0.785,213,False
MTU_high_lat_low_loss_094,3,2026-07-14 10:44:09,high_lat_low_loss,0.7308,7096.37,34.251,7.942,53.44,0.7697,1747.915,6,7832,7943,0.942,111,True
MTU_high_lat_low_loss_095,3,2026-07-14 10:45:46,high_lat_low_loss,0.0422,3722.31,44.888,8.865,79.0,0.4961,86.207,1,6208,6132,0.909,76,True
MTU_high_lat_low_loss_096,3,2026-07-14 10:47:47,high_lat_low_loss,0.4224,7228.25,33.138,5.686,40.86,0.4898,67.823,1,5536,5442,0.9186,94,True
MTU_high_lat_low_loss_097,3,2026-07-14 10:49:19,high_lat_low_loss,0.1342,3363.94,34.859,9.088,67.53,0.8847,11.499,0,2632,2892,0.7137,260,False
MTU_high_lat_low_loss_098,3,2026-07-14 10:50:18,high_lat_low_loss,0.7578,2606.11,48.707,3.541,73.0,0.7475,61.261,4,5128,4975,0.8407,153,True
MTU_high_lat_low_loss_099,3,2026-07-14 10:50:43,high_lat_low_loss,0.0028,4060.48,47.072,6.597,90.78,0.4598,167.898,0,7048,7097,0.9526,49,True
MTU_high_lat_low_loss_100,3,2026-07-14 10:53:12,high_lat_low_loss,0.7355,6659.73,48.113,4.309,92.9,0.7477,23.17,3,3648,3701,0.9133,53,True
MTU_high_lat_low_loss_101,3,2026-07-14 10:55:02,high_lat_low_loss,0.3447,7812.37,54.546,8.939,54.48,0.4743,67.237,3,5472,5342,0.8225,130,True
MTU_high_lat_low_loss_102,3,2026-07-14 10:56:35,high_lat_low_loss,0.0733,2215.78,35.829,6.872,38.89,0.879,2.577,1,1312,1223,0.9302,89,True
MTU_high_lat_low_loss_103,3,2026-07-14 10:57:57,high_lat_low_loss,0.1576,4847.95,30.942,9.231,30.04,0.6044,0.101,0,1000,952,0.9373,48,True
MTU_high_lat_low_loss_104,3,2026-07-14 10:59:35,high_lat_low_loss,0.7418,5476.0,48.225,3.278,44.39,0.7626,0.351,6,1000,1046,0.9789,46,True
MTU_low_lat_low_loss_001,0,2026-07-15 10:00:00,low_lat_low_loss,0.7783,8238.28,6.509,0.467,33.25,0.5904,10.804,3,2384,2494,0.8797,110,True
MTU_low_lat_low_loss_002,0,2026-07-15 10:00:39,low_lat_low_loss,0.1533,63.32,7.208,0.696,22.26,0.4949,0.11,0,1048,991,0.9264,57,True
MTU_low_lat_low_loss_003,0,2026-07-15 10:02:02,low_lat_low_loss,0.2138,6081.57,2.715,0.575,61.97,0.9577,0.507,1,1008,1155,0.8393,147,True
MTU_low_lat_low_loss_004,0,2026-07-15 10:05:23,low_lat_low_loss,0.7514,175.58,1.084,0.391,15.77,0.353,796.941,3,7656,7680,0.9368,24,True
MTU_low_lat_low_loss_005,0,2026-07-15 10:06:12,low_lat_low_loss,0.4586,7688.43,6.919,0.371,56.46,0.8345,3.616,5,1512,1405,0.9322,107,True
MTU_low_lat_low_loss_006,0,2026-07-15 10:09:22,low_lat_low_loss,0.685,5794.8,7.465,0.133,15.43,0.6533,17.402,3,3200,3314,0.8971,114,True
MTU_low_lat_low_loss_007,0,2026-07-15 10:15:07,low_lat_low_loss,0.68,601.81,1.764,0.932,26.22,0.8409,112.127,4,6168,6241,0.9629,73,True
MTU_low_lat_low_loss_008,0,2026-07-15 10:16:50,low_lat_low_loss,0.0876,201.86,1.944,0.306,33.6,0.4733,36.346,2,4504,4653,0.8169,149,True
MTU_low_lat_low_loss_009,0,2026-07-15 10:18:44,low_lat_low_loss,0.5115,1929.77,2.082,0.19,10.43,0.7314,1331.907,1,8080,8087,0.9816,7,True
MTU_low_lat_low_loss_010,0,2026-07-15 10:20:11,low_lat_low_loss,0.6738,6326.88,4.327,0.663,43.85,0.5525,274.615,1,7328,7090,0.7789,238,False
MTU_low_lat_low_loss_011,0,2026-07-15 10:24:05,low_lat_low_loss,0.5321,6978.41,2.219,0.121,29.84,0.7997,50.67,1,4968,4893,0.9472,75,True
MTU_low_lat_low_loss_012,0,2026-07-15 10:26:30,low_lat_low_loss,0.5055,1818.61,6.077,0.415,12.33,0.9101,12.152,2,2776,2656,0.8545,120,True
MTU_low_lat_low_loss_013,0,2026-07-15 10:26:49,low_lat_low_loss,0.339,5122.53,5.741,0.637,90.73,0.7716,22.017,3,3576,3617,0.9429,41,True
MTU_low_lat_low_loss_014,1,2026-07-15 11:11:56,low_lat_low_loss,0.3165,3382.71,4.636,0.295,76.64,0.6967,6.449,2,2000,1953,0.9198,47,True
MTU_low_lat_low_loss_015,1,2026-07-15 11:16:45,low_lat_low_loss,0.513,8318.75,5.974,0.072,16.43,0.8185,0.237,7,1000,937,0.9391,63,True
MTU_low_lat_low_loss_016,1,2026-07-15 11:19:34,low_lat_low_loss,0.0887,3785.58,6.454,0.777,54.47,0.7841,9.256,0,2376,2273,0.8522,103,True
MTU_low_lat_low_loss_017,1,2026-07-15 11:20:50,low_lat_low_loss,0.6067,1746.46,4.684,0.815,13.13,0.5925,0.139,5,1000,908,0.9264,92,True
MTU_low_lat_low_loss_018,1,2026-07-15 11:22:27,low_lat_low_loss,0.437,3869.39,7.334,0.692,52.99,0.369,291.264,7,7216,7240,0.977,24,True
MTU_low_lat_low_loss_019,1,2026-07-15 11:25:30,low_lat_low_loss,0.0664,8254.16,1.72,0.55,78.38,0.6235,36.209,0,4568,4650,0.9155,82,True
MTU_low_lat_low_loss_020,1,2026-07-15 11:29:20,low_lat_low_loss,0.3954,1653.81,6.656,0.317,82.08,0.3573,2113.118,2,8088,8105,0.9654,17,True
MTU_low_lat_low_loss_021,1,2026-07-15 11:31:25,low_lat_low_loss,0.3248,6595.11,7.675,0.272,41.05,0.5624,26.41,1,3888,3962,0.9519,74,True
MTU_low_lat_low_loss_022,1,2026-07-15 11:31:55,low_lat_low_loss,0.1308,1965.41,5.174,0.252,32.89,0.99,0.222,0,1000,853,0.8677,147,True
MTU_low_lat_low_loss_023,1,2026-07-15 11:35:02,low_lat_low_loss,0.4981,5778.64,6.018,0.911,79.48,0.9229,4.95,0,1712,1956,0.7152,244,False
MTU_low_lat_low_loss_024,1,2026-07-15 11:37:03,low_lat_low_loss,0.4241,8071.2,4.999,0.529,91.82,0.6058,1932.006,2,8152,8164,0.9485,12,True
MTU_low_lat_low_loss_025,1,2026-07-15 11:40:04,low_lat_low_loss,0.7885,6651.86,7.956,0.654,75.02,0.7451,0.761,2,1064,1163,0.9362,99,True
MTU_low_lat_low_loss_026,1,2026-07-15 11:42:32,low_lat_low_loss,0.1326,2807.97,5.824,0.981,27.92,0.9359,0.548,0,1136,1421,0.6327,285,False
MTU_low_lat_low_loss_027,1,2026-07-15 11:44:59,low_lat_low_loss,0.4558,8473.86,6.689,0.222,11.51,0.6843,1.041,2,1192,1322,0.8724,130,True
MTU_low_lat_low_loss_028,1,2026-07-15 11:47:25,low_lat_low_loss,0.0711,7913.13,5.154,0.729,55.38,0.4206,0.494,0,1208,1106,0.8265,102,True
MTU_low_lat_low_loss_029,1,2026-07-15 11:51:57,low_lat_low_loss,0.7506,7360.0,7.593,0.081,53.05,0.4374,0.479,3,1000,1126,0.9264,126,True
MTU_low_lat_low_loss_030,1,2026-07-15 11:55:34,low_lat_low_loss,0.5778,8618.02,3.196,0.788,34.54,0.901,0.123,3,1000,1058,0.956,58,True
MTU_high_lat_low_loss_105,4,2026-07-15 13:13:30,high_lat_low_loss,0.9254,1761.74,55.845,3.949,84.02,0.7503,988.876,9,7400,7339,0.9303,61,True
MTU_high_lat_low_loss_106,4,2026-07-15 13:15:48,high_lat_low_loss,0.6958,5484.44,57.782,8.41,48.48,0.8427,0.205,1,1072,752,0.6602,320,False
MTU_high_lat_low_loss_107,4,2026-07-15 13:17:29,high_lat_low_loss,0.0236,8463.47,54.023,8.454,20.42,0.6829,405.052,0,7848,8079,0.7448,231,False
MTU_high_lat_low_loss_108,4,2026-07-15 13:21:13,high_lat_low_loss,0.27,7341.32,45.051,5.958,80.86,0.6606,0.164,0,1000,922,0.8694,78,True
MTU_high_lat_low_loss_109,4,2026-07-15 13:21:51,high_lat_low_loss,0.0431,594.61,58.614,9.858,51.26,0.7684,2410.512,0,8496,8577,0.9292,81,True
MTU_high_lat_low_loss_110,4,2026-07-15 13:22:33,high_lat_low_loss,0.0338,4944.62,57.509,3.292,47.04,0.7285,0.518,1,1048,1063,0.9639,15,True
MTU_high_lat_low_loss_111,4,2026-07-15 13:24:23,high_lat_low_loss,0.7068,1133.46,41.231,5.564,29.1,0.7028,61.475,2,5248,5235,0.9826,13,True
MTU_high_lat_low_loss_112,4,2026-07-15 13:25:38,high_lat_low_loss,0.3173,6963.45,52.109,3.686,41.92,0.6142,474.582,2,7768,7939,0.852,171,True
MTU_high_lat_low_loss_113,4,2026-07-15 13:26:40,high_lat_low_loss,0.3656,7172.72,57.444,4.557,73.79,0.6784,229.912,7,6856,6875,0.9793,19,True
MTU_high_lat_low_loss_114,4,2026-07-15 13:27:56,high_lat_low_loss,0.7575,2014.62,49.961,8.617,93.3,0.6359,3.607,3,1720,1742,0.9469,22,True
MTU_high_lat_low_loss_115,4,2026-07-15 13:29:39,high_lat_low_loss,0.5875,4808.95,49.901,8.601,54.05,0.7875,643.942,6,7560,7515,0.9827,45,True
MTU_high_lat_low_loss_116,4,2026-07-15 13:31:58,high_lat_low_loss,0.958,3346.77,32.326,6.698,35.08,0.4582,228.41,4,6952,6866,0.8622,86,True
MTU_high_lat_low_loss_117,4,2026-07-15 13:33:47,high_lat_low_loss,0.7514,2517.92,35.489,4.65,25.02,0.8131,16.236,5,2960,2883,0.9682,77,True
MTU_high_lat_low_loss_118,4,2026-07-15 13:34:14,high_lat_low_loss,0.8502,2032.95,53.454,4.206,36.54,0.5424,339.916,6,7112,7336,0.8373,224,True
MTU_high_lat_low_loss_119,4,2026-07-15 13:35:07,high_lat_low_loss,0.3664,8529.11,33.877,4.212,51.46,0.606,17.827,0,3168,3091,0.8696,77,True
MTU_high_lat_low_loss_120,4,2026-07-15 13:35:51,high_lat_low_loss,0.5753,5529.6,45.327,8.519,93.86,0.6179,28.851,5,4064,4222,0.8026,158,True
MTU_high_lat_low_loss_121,4,2026-07-15 13:38:19,high_lat_low_loss,0.1667,7545.51,30.135,7.852,69.13,0.6272,3.122,2,1472,1771,0.6873,299,False
MTU_high_lat_low_loss_122,4,2026-07-15 13:41:09,high_lat_low_loss,0.7116,691.32,31.387,5.59,19.72,0.4786,6.718,7,1936,1979,0.9351,43,True
MTU_high_lat_low_loss_123,4,2026-07-15 13:42:16,high_lat_low_loss,0.7636,235.69,38.664,6.445,35.57,0.7449,40.627,3,4448,4555,0.8997,107,True
MTU_high_lat_low_loss_124,4,2026-07-15 13:45:06,high_lat_low_loss,0.9761,1603.4,30.715,8.039,59.01,0.8071,234.526,5,6800,6848,0.9604,48,True
MTU_high_lat_low_loss_125,4,2026-07-15 13:46:39,high_lat_low_loss,0.5016,757.32,39.949,5.513,35.16,0.7784,3093.73,3,8016,8233,0.8049,217,True
MTU_high_lat_low_loss_126,5,2026-07-17 20:22:15,high_lat_low_loss,0.6113,2936.01,49.983,9.871,68.14,0.9326,10.658,5,2472,2263,0.745,209,False
MTU_high_lat_low_loss_127,5,2026-07-17 20:25:26,high_lat_low_loss,0.3144,6516.91,45.622,5.117,42.49,0.8842,1110.419,3,8144,7785,0.6219,359,False
MTU_high_lat_low_loss_128,5,2026-07-17 20:26:59,high_lat_low_loss,0.6657,4170.4,39.949,9.236,60.52,0.699,14.356,1,2912,2644,0.7261,268,False
MTU_high_lat_low_loss_129,5,2026-07-17 20:27:50,high_lat_low_loss,0.6337,8282.37,59.57,7.821,28.38,0.7552,0.344,6,1000,1050,0.941,50,True
MTU_high_lat_low_loss_130,5,2026-07-17 20:29:36,high_lat_low_loss,0.3728,1739.18,43.924,7.405,35.43,0.8581,139.634,0,6808,7253,0.5231,445,False
MTU_high_lat_low_loss_131,5,2026-07-17 20:30:06,high_lat_low_loss,0.4852,6785.52,30.138,5.688,38.97,0.6815,1.157,2,1096,904,0.7852,192,False
MTU_high_lat_low_loss_132,5,2026-07-17 20:30:47,high_lat_low_loss,0.1887,6244.11,38.892,4.613,76.33,0.7081,216.123,0,7336,7904,0.3579,568,False
MTU_high_lat_low_loss_133,5,2026-07-17 20:34:54,high_lat_low_loss,0.1513,6628.67,45.058,4.694,47.81,0.7315,474.669,1,7744,7662,0.8939,82,True
MTU_high_lat_low_loss_134,5,2026-07-17 20:38:25,high_lat_low_loss,0.9901,8405.54,40.947,7.391,75.81,0.6522,0.142,4,1000,910,0.8867,90,True
MTU_high_lat_low_loss_135,5,2026-07-17 20:40:30,high_lat_low_loss,0.7418,5338.89,35.319,4.912,89.34,0.4051,0.144,3,1072,987,0.9059,85,True
MTU_high_lat_low_loss_136,5,2026-07-17 20:42:38,high_lat_low_loss,0.5174,3002.23,44.129,6.395,91.18,0.6141,0.75,4,1160,1286,0.8767,126,True
MTU_high_lat_low_loss_137,5,2026-07-17 20:46:01,high_lat_low_loss,0.5592,8824.75,38.059,8.795,53.61,0.99,2938.259,2,8056,8138,0.8802,82,True
MTU_high_lat_low_loss_138,5,2026-07-17 20:47:22,high_lat_low_loss,0.7595,6468.07,45.952,7.67,28.38,0.8691,99.172,6,5912,5943,0.9529,31,True
MTU_high_lat_low_loss_139,5,2026-07-17 20:50:53,high_lat_low_loss,0.3984,8756.07,33.285,6.752,19.68,0.5643,5.276,1,1808,1809,0.9897,1,True
MTU_high_lat_low_loss_140,5,2026-07-17 20:53:51,high_lat_low_loss,0.3921,8504.69,37.906,6.317,31.1,0.6529,11.827,0,2696,2892,0.7725,196,False
MTU_high_lat_low_loss_141,5,2026-07-17 20:56:50,high_lat_low_loss,0.8405,7123.53,32.658,7.99,28.84,0.687,65.168,4,5320,5204,0.882,116,True
MTU_high_lat_low_loss_142,5,2026-07-17 20:59:30,high_lat_low_loss,0.6919,1662.18,33.606,8.245,66.08,0.4268,22.416,3,3624,3530,0.8872,94,True
MTU_high_lat_low_loss_143,5,2026-07-17 21:02:06,high_lat_low_loss,0.5817,2257.86,33.224,4.942,69.4,0.5239,2952.651,6,7936,8026,0.9113,90,True
MTU_low_lat_low_loss_031,2,2026-07-17 21:25:11,low_lat_low_loss,0.625,4315.11,3.049,0.115,59.25,0.9073,185.119,2,6720,6747,0.9402,27,True
MTU_low_lat_low_loss_032,2,2026-07-17 21:26:45,low_lat_low_loss,0.2933,8677.29,3.476,0.67,93.5,0.8876,2557.87,1,8168,8006,0.8098,162,True
MTU_low_lat_low_loss_033,2,2026-07-17 21:30:22,low_lat_low_loss,0.6592,1187.56,3.501,0.252,37.3,0.7772,2065.181,4,7888,7903,0.99,15,True
MTU_low_lat_low_loss_034,2,2026-07-17 21:32:03,low_lat_low_loss,0.0477,5335.82,1.203,0.954,79.44,0.7458,0.102,1,1136,1148,0.9061,12,True
MTU_low_lat_low_loss_035,2,2026-07-17 21:39:13,low_lat_low_loss,0.1994,1611.2,6.522,0.206,87.26,0.7473,212.454,3,7144,7077,0.8652,67,True
MTU_low_lat_low_loss_036,2,2026-07-17 21:41:25,low_lat_low_loss,0.1078,4415.27,5.741,0.299,43.56,0.6525,9.485,1,2352,2211,0.8533,141,True
MTU_low_lat_low_loss_037,2,2026-07-17 21:43:13,low_lat_low_loss,0.2117,526.29,6.844,0.271,93.88,0.7514,22.461,2,3744,3674,0.9126,70,True
MTU_low_lat_low_loss_038,2,2026-07-17 21:45:05,low_lat_low_loss,0.3103,7282.55,1.827,0.66,65.26,0.7784,1103.286,1,8240,8360,0.874,120,True
MTU_low_lat_low_loss_039,2,2026-07-17 21:46:48,low_lat_low_loss,0.0704,2757.81,4.005,0.093,75.33,0.5483,62.541,1,5600,5703,0.8851,103,True
MTU_low_lat_low_loss_040,2,2026-07-17 21:49:17,low_lat_low_loss,0.5382,5737.21,6.455,0.874,46.57,0.99,809.808,6,7712,7640,0.9106,72,True
MTU_low_lat_low_loss_041,2,2026-07-17 21:52:02,low_lat_low_loss,0.6216,4607.15,5.917,0.685,79.65,0.7981,0.267,2,1136,1255,0.8926,119,True
MTU_low_lat_low_loss_042,2,2026-07-17 21:54:11,low_lat_low_loss,0.3041,7412.72,7.362,0.565,87.27,0.8483,6.711,2,1936,1881,0.9712,55,True
MTU_low_lat_low_loss_043,2,2026-07-17 21:54:59,low_lat_low_loss,0.536,418.82,4.834,0.153,93.42,0.6005,22.886,3,3600,3672,0.8971,72,True
MTU_low_lat_low_loss_044,2,2026-07-17 21:57:32,low_lat_low_loss,0.246,6178.57,7.789,0.367,88.72,0.7097,83.09,2,5832,5668,0.8439,164,True
MTU_low_lat_low_loss_045,2,2026-07-17 22:02:34,low_lat_low_loss,0.4383,6589.9,6.76,0.668,64.85,0.6537,2.768,2,1560,1741,0.7873,181,False
MTU_low_lat_low_loss_046,2,2026-07-17 22:04:06,low_lat_low_loss,0.0939,1380.96,3.065,0.858,86.83,0.5402,694.67,2,8040,7993,0.9257,47,True
MTU_low_lat_low_loss_047,2,2026-07-17 22:05:13,low_lat_low_loss,0.7811,5831.46,7.468,0.118,77.85,0.6137,175.296,4,6776,6903,0.8653,127,True
MTU_low_lat_low_loss_048,2,2026-07-17 22:08:27,low_lat_low_loss,0.1087,3086.45,7.644,0.876,49.46,0.99,51.024,2,5232,5186,0.9194,46,True
MTU_low_lat_low_loss_049,2,2026-07-17 22:08:55,low_lat_low_loss,0.3787,2900.96,4.205,0.953,75.41,0.7651,0.167,5,1000,976,0.9759,24,True
MTU_low_lat_low_loss_050,2,2026-07-17 22:11:50,low_lat_low_loss,0.1241,6628.82,1.819,0.601,63.63,0.8203,21.946,0,3560,3431,0.8135,129,True
MTU_low_lat_low_loss_051,2,2026-07-17 22:13:33,low_lat_low_loss,0.0984,347.29,4.805,0.554,66.72,0.741,16.416,0,3104,3189,0.9196,85,True
MTU_low_lat_low_loss_052,2,2026-07-17 22:15:22,low_lat_low_loss,0.466,3825.4,7.496,0.384,49.15,0.7382,62.074,0,5512,5699,0.7969,187,False
MTU_low_lat_low_loss_053,2,2026-07-17 22:16:59,low_lat_low_loss,0.7815,1806.53,6.028,0.16,80.62,0.6096,195.969,8,6728,6863,0.8705,135,True
MTU_low_lat_low_loss_054,2,2026-07-17 22:18:18,low_lat_low_loss,0.2171,6455.5,7.893,0.667,86.81,0.7898,0.111,0,1000,1009,0.9886,9,True
MTU_low_lat_low_loss_055,2,2026-07-17 22:20:30,low_lat_low_loss,0.6261,5152.97,6.817,0.815,52.98,0.5957,250.434,3,7288,7326,0.9228,38,True
MTU_low_lat_low_loss_056,2,2026-07-17 22:23:07,low_lat_low_loss,0.7843,2005.15,3.072,0.674,86.58,0.7792,65.16,3,5440,5629,0.7909,189,False
MTU_low_lat_low_loss_057,2,2026-07-17 22:27:15,low_lat_low_loss,0.4268,1515.64,4.814,0.332,71.86,0.5134,0.289,4,1104,1093,0.99,11,True
MTU_low_lat_low_loss_058,2,2026-07-17 22:29:27,low_lat_low_loss,0.0318,2635.18,3.994,0.725,47.68,0.6013,0.124,1,1080,913,0.8231,167,True
MTU_low_lat_low_loss_059,2,2026-07-17 22:31:35,low_lat_low_loss,0.3014,2926.43,2.838,0.066,88.95,0.6589,0.187,2,1048,1093,0.9876,45,True
MTU_low_lat_low_loss_060,3,2026-07-18 05:34:51,low_lat_low_loss,0.3875,7736.86,2.881,0.143,32.68,0.7874,2.571,0,1448,1319,0.8196,129,True
MTU_low_lat_low_loss_061,3,2026-07-18 05:38:59,low_lat_low_loss,0.2965,1675.91,1.562,0.812,37.47,0.549,4.222,4,1664,1823,0.8089,159,True
MTU_low_lat_low_loss_062,3,2026-07-18 05:42:23,low_lat_low_loss,0.2975,6544.37,6.451,0.782,71.11,0.7412,3.606,2,1568,1479,0.909,89,True
MTU_low_lat_low_loss_063,3,2026-07-18 05:44:07,low_lat_low_loss,0.4161,89.57,4.973,0.845,44.64,0.7767,968.661,2,7856,7857,0.99,1,True
MTU_low_lat_low_loss_064,3,2026-07-18 05:48:19,low_lat_low_loss,0.0449,768.65,2.94,0.627,25.52,0.8283,8.217,0,2288,2317,0.99,29,True
MTU_low_lat_low_loss_065,3,2026-07-18 05:51:39,low_lat_low_loss,0.5508,7623.02,7.119,0.85,44.48,0.7346,2945.639,1,8184,8068,0.8461,116,True
MTU_low_lat_low_loss_066,3,2026-07-18 05:54:08,low_lat_low_loss,0.3916,7173.7,2.238,0.065,30.52,0.7402,1298.257,3,7952,8036,0.8974,84,True
MTU_low_lat_low_loss_067,3,2026-07-18 05:56:27,low_lat_low_loss,0.0802,4702.98,4.772,0.347,47.41,0.7004,14.975,1,3032,3002,0.9299,30,True
MTU_low_lat_low_loss_068,3,2026-07-18 05:58:51,low_lat_low_loss,0.0594,5879.16,5.477,0.403,20.26,0.5305,6.952,0,2128,2121,0.99,7,True
MTU_low_lat_low_loss_069,3,2026-07-18 06:00:36,low_lat_low_loss,0.2419,6442.5,2.29,0.084,17.47,0.778,4.85,2,1768,1872,0.8817,104,True
MTU_low_lat_low_loss_070,3,2026-07-18 06:04:28,low_lat_low_loss,0.3101,8300.52,6.693,0.878,88.32,0.6355,53.274,7,4976,4946,0.9203,30,True
MTU_low_lat_low_loss_071,3,2026-07-18 06:06:46,low_lat_low_loss,0.7655,5178.43,7.724,0.865,44.64,0.735,0.41,1,1032,1011,0.9704,21,True
MTU_low_lat_low_loss_072,3,2026-07-18 06:07:41,low_lat_low_loss,0.6327,4725.09,6.433,0.834,53.83,0.9432,0.868,4,1080,957,0.8947,123,True
MTU_low_lat_low_loss_073,3,2026-07-18 06:08:32,low_lat_low_loss,0.4058,5301.72,4.328,0.407,63.25,0.827,1222.945,0,7976,7995,0.9872,19,True
MTU_low_lat_low_loss_074,3,2026-07-18 06:10:23,low_lat_low_loss,0.5936,6078.28,6.684,0.287,75.53,0.7498,2951.112,8,7904,7857,0.9521,47,True
MTU_low_lat_low_loss_075,3,2026-07-18 06:10:56,low_lat_low_loss,0.4318,798.29,7.81,0.66,65.25,0.676,0.29,3,1232,1031,0.8408,201,True
MTU_high_lat_low_loss_144,6,2026-07-18 09:42:21,high_lat_low_loss,0.7267,2068.18,59.261,3.498,82.27,0.8215,1722.975,3,7832,7917,0.8593,85,True
MTU_high_lat_low_loss_145,6,2026-07-18 09:44:46,high_lat_low_loss,0.8178,7107.63,38.299,8.274,49.55,0.7262,0.116,5,1000,1047,0.9619,47,True
MTU_high_lat_low_loss_146,6,2026-07-18 09:48:00,high_lat_low_loss,0.0558,1037.28,49.851,4.826,61.34,0.4444,1.304,0,1192,1284,0.9457,92,True
MTU_high_lat_low_loss_147,6,2026-07-18 09:51:49,high_lat_low_loss,0.0423,3703.04,39.381,6.804,11.7,0.6175,0.63,0,1192,836,0.6094,356,False
MTU_high_lat_low_loss_148,6,2026-07-18 09:52:31,high_lat_low_loss,0.7478,6539.15,46.326,5.887,90.09,0.5917,529.805,5,7512,7618,0.8637,106,True
MTU_high_lat_low_loss_149,6,2026-07-18 09:53:09,high_lat_low_loss,0.847,3245.51,43.745,7.832,43.66,0.5875,4693.856,7,7808,7603,0.7902,205,False
MTU_high_lat_low_loss_150,6,2026-07-18 09:56:01,high_lat_low_loss,0.1351,5395.21,38.526,9.499,19.37,0.7153,2038.914,0,8432,8289,0.854,143,True
MTU_low_lat_low_loss_076,4,2026-07-19 09:24:51,low_lat_low_loss,0.3216,5003.06,6.779,0.664,38.11,0.625,0.748,1,1128,1011,0.8362,117,True
MTU_low_lat_low_loss_077,4,2026-07-19 09:28:52,low_lat_low_loss,0.1467,809.04,2.073,0.105,16.9,0.5231,1388.045,0,8296,8217,0.9095,79,True
MTU_low_lat_low_loss_078,4,2026-07-19 09:30:58,low_lat_low_loss,0.7331,5811.49,7.768,0.628,47.72,0.724,2.711,3,1304,1323,0.9319,19,True
MTU_low_lat_low_loss_079,4,2026-07-19 09:36:05,low_lat_low_loss,0.1793,1470.76,7.217,0.109,71.83,0.9301,0.117,1,1000,938,0.9274,62,True
MTU_low_lat_low_loss_080,4,2026-07-19 09:37:44,low_lat_low_loss,0.0343,1412.32,4.711,0.274,66.52,0.7706,1180.828,0,8232,8166,0.8786,66,True
MTU_low_lat_low_loss_081,4,2026-07-19 09:41:58,low_lat_low_loss,0.6596,1568.14,5.06,0.747,65.91,0.5806,211.257,4,6984,7117,0.8531,133,True
MTU_low_lat_low_loss_082,4,2026-07-19 09:43:04,low_lat_low_loss,0.3569,5062.54,7.498,0.887,16.33,0.8602,149.555,5,6576,6667,0.9379,91,True
MTU_low_lat_low_loss_083,4,2026-07-19 09:46:54,low_lat_low_loss,0.5505,113.8,1.467,0.781,26.76,0.5755,0.17,6,1008,868,0.8505,140,True
MTU_low_lat_low_loss_084,4,2026-07-19 09:48:05,low_lat_low_loss,0.0631,352.53,5.363,0.741,68.17,0.5887,128.619,1,6640,6761,0.8864,121,True
MTU_low_lat_low_loss_085,4,2026-07-19 09:50:13,low_lat_low_loss,0.6502,7325.6,2.493,0.609,49.22,0.8571,0.694,8,1104,1200,0.8565,96,True
MTU_low_lat_low_loss_086,4,2026-07-19 09:51:15,low_lat_low_loss,0.2298,7835.0,5.083,0.703,53.27,0.8057,355.067,0,7616,7612,0.9629,4,True
MTU_low_lat_low_loss_087,4,2026-07-19 09:53:07,low_lat_low_loss,0.2443,7419.58,3.626,0.565,33.94,0.9544,1198.016,2,8008,8059,0.9333,51,True
MTU_low_lat_low_loss_088,4,2026-07-19 09:55:11,low_lat_low_loss,0.0969,1860.01,5.423,0.811,70.11,0.5508,18.577,0,3320,3419,0.8791,99,True
MTU_low_lat_low_loss_089,4,2026-07-19 09:56:29,low_lat_low_loss,0.0377,875.93,6.0,0.892,62.39,0.7639,2518.642,0,8296,8440,0.9236,144,True
MTU_low_lat_low_loss_090,4,2026-07-19 09:59:15,low_lat_low_loss,0.2329,6328.14,1.564,0.165,81.59,0.7484,219.749,3,7120,7068,0.9246,52,True
MTU_low_lat_low_loss_091,4,2026-07-19 10:01:42,low_lat_low_loss,0.0974,3217.78,1.614,0.639,40.96,0.6988,157.029,0,6872,6964,0.8808,92,True
MTU_low_lat_low_loss_092,4,2026-07-19 10:02:44,low_lat_low_loss,0.341,5817.04,4.603,0.052,62.67,0.71,4.697,1,1728,1694,0.9437,34,True
MTU_low_lat_low_loss_093,4,2026-07-19 10:05:10,low_lat_low_loss,0.3035,3607.42,6.041,0.577,20.27,0.4375,0.164,0,1000,962,0.9383,38,True
MTU_low_lat_low_loss_094,4,2026-07-19 10:06:38,low_lat_low_loss,0.3083,742.29,5.663,0.977,52.69,0.7135,0.173,6,1000,1321,0.6504,321,False
MTU_low_lat_low_loss_095,4,2026-07-19 10:09:26,low_lat_low_loss,0.3947,5799.08,1.075,0.812,30.72,0.5672,14.653,7,2792,2652,0.8243,140,True
MTU_low_lat_low_loss_096,4,2026-07-19 10:15:03,low_lat_low_loss,0.5118,4184.67,6.39,0.302,23.09,0.7303,0.16,4,1000,1025,0.947,25,True
MTU_low_lat_low_loss_097,4,2026-07-19 10:19:44,low_lat_low_loss,0.0787,3814.67,6.214,0.966,16.79,0.5687,280.399,0,7616,7821,0.768,205,False
MTU_low_lat_low_loss_098,4,2026-07-19 10:21:07,low_lat_low_loss,0.6504,914.27,3.536,0.449,53.35,0.8301,1.345,1,1256,1257,0.99,1,True
MTU_low_lat_low_loss_099,4,2026-07-19 10:22:08,low_lat_low_loss,0.1618,4414.47,4.036,0.111,47.4,0.7513,581.737,2,7872,7798,0.8832,74,True
MTU_low_lat_low_loss_100,5,2026-07-20 13:09:31,low_lat_low_loss,0.2674,8098.41,5.702,0.268,18.2,0.6921,967.005,1,8144,8120,0.9696,24,True
MTU_low_lat_low_loss_101,5,2026-07-20 13:10:07,low_lat_low_loss,0.5492,8015.05,3.338,0.734,78.17,0.712,3420.106,3,8088,8142,0.9593,54,True
MTU_low_lat_low_loss_102,5,2026-07-20 13:10:48,low_lat_low_loss,0.7915,5490.86,4.286,0.454,60.31,0.6084,0.48,5,1000,960,0.99,40,True
MTU_low_lat_low_loss_103,5,2026-07-20 13:12:19,low_lat_low_loss,0.1273,5467.99,1.04,0.835,65.84,0.8694,0.182,2,1000,755,0.7115,245,False
MTU_low_lat_low_loss_104,5,2026-07-20 13:16:17,low_lat_low_loss,0.7293,4690.17,6.77,0.858,29.26,0.776,35.362,2,4200,4125,0.9268,75,True
MTU_low_lat_low_loss_105,5,2026-07-20 13:22:41,low_lat_low_loss,0.1427,1135.84,5.192,0.236,26.98,0.7197,1.921,0,1224,1338,0.8968,114,True
MTU_low_lat_low_loss_106,5,2026-07-20 13:26:29,low_lat_low_loss,0.465,6380.87,3.467,0.053,66.7,0.7015,16.887,4,3184,3201,0.99,17,True
MTU_low_lat_low_loss_107,5,2026-07-20 13:27:47,low_lat_low_loss,0.397,4622.58,4.762,0.533,90.31,0.7009,9.858,1,2384,2340,0.9869,44,True
MTU_low_lat_low_loss_108,5,2026-07-20 13:29:37,low_lat_low_loss,0.1959,8561.57,7.649,0.824,60.24,0.7293,2.18,1,1312,1319,0.9709,7,True
MTU_low_lat_low_loss_109,5,2026-07-20 13:30:49,low_lat_low_loss,0.3658,6549.01,6.434,0.762,13.72,0.6423,0.244,1,1120,1200,0.8538,80,True
MTU_low_lat_low_loss_110,5,2026-07-20 13:34:11,low_lat_low_loss,0.0478,169.8,1.855,0.424,68.33,0.5023,642.04,1,7912,8057,0.8445,145,True
MTU_low_lat_low_loss_111,5,2026-07-20 13:36:07,low_lat_low_loss,0.4003,5236.69,6.133,0.465,65.9,0.4092,1809.994,2,8032,8182,0.8443,150,True
MTU_low_lat_low_loss_112,5,2026-07-20 13:39:37,low_lat_low_loss,0.4493,1248.53,2.868,0.49,64.16,0.4887,238.403,3,7192,7078,0.844,114,True
MTU_low_lat_low_loss_113,5,2026-07-20 13:41:36,low_lat_low_loss,0.4188,1079.83,4.866,0.231,62.28,0.8373,2177.11,1,8160,8176,0.99,16,True
MTU_low_lat_low_loss_114,5,2026-07-20 13:43:25,low_lat_low_loss,0.3278,2158.34,2.003,0.884,72.99,0.5875,432.091,4,7608,7625,0.9495,17,True
MTU_low_lat_low_loss_115,5,2026-07-20 13:44:57,low_lat_low_loss,0.2653,649.63,7.82,0.584,47.76,0.7924,4.193,5,1720,1594,0.8445,126,True
MTU_low_lat_low_loss_116,5,2026-07-20 13:49:27,low_lat_low_loss,0.0904,3882.53,1.154,0.092,66.92,0.9143,73.99,2,5680,5815,0.8066,135,True
MTU_low_lat_low_loss_117,5,2026-07-20 13:49:58,low_lat_low_loss,0.3268,4374.34,7.47,0.722,84.32,0.7361,140.004,2,6560,6502,0.9063,58,True
MTU_low_lat_low_loss_118,5,2026-07-20 13:56:28,low_lat_low_loss,0.2252,5208.21,4.869,0.283,82.84,0.6736,0.348,2,1112,1142,0.9765,30,True
MTU_low_lat_low_loss_119,5,2026-07-20 13:58:09,low_lat_low_loss,0.1844,3959.31,4.43,0.483,71.57,0.6948,39.372,2,4648,4663,0.9737,15,True
MTU_low_lat_low_loss_120,5,2026-07-20 14:00:42,low_lat_low_loss,0.7707,1601.07,6.219,0.162,24.23,0.85,2423.294,5,7840,7669,0.821,171,True
MTU_low_lat_low_loss_121,5,2026-07-20 14:02:19,low_lat_low_loss,0.7401,4914.62,5.931,0.949,75.1,0.5996,4406.876,3,7984,8035,0.9486,51,True
MTU_low_lat_low_loss_122,5,2026-07-20 14:04:44,low_lat_low_loss,0.0345,1567.0,7.961,0.373,76.46,0.8016,1.846,1,1352,1572,0.7743,220,False
MTU_low_lat_low_loss_123,5,2026-07-20 14:06:44,low_lat_low_loss,0.1588,6651.8,4.295,0.934,50.85,0.99,68.75,0,5760,5546,0.7338,214,False
MTU_low_lat_low_loss_124,5,2026-07-20 14:09:21,low_lat_low_loss,0.7776,2167.02,7.456,0.403,91.85,0.8235,0.339,3,1000,856,0.8281,144,True
MTU_low_lat_low_loss_125,5,2026-07-20 14:11:34,low_lat_low_loss,0.0012,5473.18,4.973,0.129,47.21,0.8021,18.449,0,3392,3354,0.9833,38,True
MTU_low_lat_low_loss_126,5,2026-07-20 14:13:56,low_lat_low_loss,0.13,1643.16,1.169,0.285,64.28,0.7784,0.787,0,1304,1411,0.9027,107,True
MTU_low_lat_low_loss_127,5,2026-07-20 14:18:53,low_lat_low_loss,0.7786,658.56,4.554,0.485,67.89,0.6887,400.414,4,7320,7195,0.8314,125,True
MTU_low_lat_low_loss_128,5,2026-07-20 14:20:36,low_lat_low_loss,0.6905,693.63,6.927,0.586,33.83,0.5192,103.049,3,6136,6233,0.8323,97,True
MTU_low_lat_low_loss_129,5,2026-07-20 14:21:37,low_lat_low_loss,0.2026,8063.5,7.345,0.648,61.89,0.8363,87.419,1,6224,6006,0.7656,218,False
MTU_low_lat_low_loss_130,5,2026-07-20 14:24:06,low_lat_low_loss,0.4544,6172.69,6.477,0.335,61.09,0.8455,2281.602,1,8104,8025,0.9171,79,True
MTU_low_lat_low_loss_131,5,2026-07-20 14:28:49,low_lat_low_loss,0.3523,3795.7,3.321,0.233,24.59,0.4979,192.795,3,6960,6999,0.9601,39,True
MTU_low_lat_low_loss_132,6,2026-07-21 15:05:44,low_lat_low_loss,0.3526,7303.54,7.392,0.799,18.63,0.7362,1.078,4,1016,1098,0.8517,82,True
MTU_low_lat_low_loss_133,6,2026-07-21 15:08:11,low_lat_low_loss,0.0218,8404.73,5.194,0.764,54.19,0.909,1644.851,0,8272,8296,0.9674,24,True
MTU_low_lat_low_loss_134,6,2026-07-21 15:09:03,low_lat_low_loss,0.3288,5235.22,1.996,0.675,36.38,0.8499,259.949,1,7280,7341,0.9522,61,True
MTU_low_lat_low_loss_135,6,2026-07-21 15:09:56,low_lat_low_loss,0.7548,1902.5,1.82,0.864,18.14,0.8315,290.398,5,7168,7151,0.975,17,True
MTU_low_lat_low_loss_136,6,2026-07-21 15:14:39,low_lat_low_loss,0.0468,7480.17,3.322,0.561,68.87,0.6104,0.123,0,1128,1137,0.9703,9,True
MTU_low_lat_low_loss_137,6,2026-07-21 15:17:12,low_lat_low_loss,0.1018,8516.65,7.621,0.739,26.16,0.5881,3281.253,0,8376,8286,0.9091,90,True
MTU_low_lat_low_loss_138,6,2026-07-21 15:21:55,low_lat_low_loss,0.7956,6597.95,1.056,0.424,84.55,0.7305,537.88,10,7296,7209,0.8654,87,True
MTU_low_lat_low_loss_139,6,2026-07-21 15:25:14,low_lat_low_loss,0.7316,7871.22,6.475,0.306,50.0,0.8981,0.2,3,1000,883,0.9231,117,True
MTU_low_lat_low_loss_140,6,2026-07-21 15:29:23,low_lat_low_loss,0.5668,5943.49,7.511,0.14,14.67,0.6423,46.606,4,4952,5134,0.805,182,True
MTU_low_lat_low_loss_141,6,2026-07-21 15:31:23,low_lat_low_loss,0.4738,2273.62,7.198,0.242,70.91,0.99,3.855,6,1624,1637,0.9432,13,True
MTU_low_lat_low_loss_142,6,2026-07-21 15:32:54,low_lat_low_loss,0.3633,1526.14,5.289,0.315,20.62,0.5627,155.84,2,6840,6753,0.9804,87,True
MTU_low_lat_low_loss_143,6,2026-07-21 15:33:59,low_lat_low_loss,0.3398,173.88,4.782,0.166,42.3,0.6423,791.714,0,8200,8126,0.9278,74,True
MTU_low_lat_low_loss_144,6,2026-07-21 15:36:12,low_lat_low_loss,0.7755,1514.86,1.6,0.929,42.75,0.9008,12.729,2,2672,2620,0.9104,52,True
MTU_low_lat_low_loss_145,6,2026-07-21 15:37:17,low_lat_low_loss,0.7925,3587.35,2.712,0.839,20.23,0.5124,475.927,10,7208,7129,0.918,79,True
MTU_low_lat_low_loss_146,6,2026-07-21 15:39:51,low_lat_low_loss,0.1146,7780.15,1.635,0.507,51.54,0.8267,0.12,2,1000,913,0.8938,87,True
MTU_low_lat_low_loss_147,6,2026-07-21 15:42:44,low_lat_low_loss,0.6119,3348.29,5.625,0.529,70.26,0.8081,10.217,3,2280,2400,0.8672,120,True
MTU_low_lat_low_loss_148,6,2026-07-21 15:43:28,low_lat_low_loss,0.5947,8824.42,6.888,0.615,56.43,0.806,3.016,2,1584,1763,0.7994,179,False
MTU_low_lat_low_loss_149,6,2026-07-21 15:44:05,low_lat_low_loss,0.1914,5211.94,4.693,0.616,57.7,0.7239,475.625,0,7824,7859,0.9406,35,True
MTU_low_lat_low_loss_150,6,2026-07-21 15:47:12,low_lat_low_loss,0.3616,6841.19,4.526,0.912,92.52,0.6983,63.808,0,5424,5648,0.7659,224,False
