run_id,timestamp,attack_type,attack_rate_per_s,duration_s,pit_occupancy_pct,throughput_remaining_pct,success,injected_packets,accepted_poisoned_packets,attack_vector,handshake_completed,rejection_stage,perturbation_rate_per_s,mtu_update_rate_per_min,feature_perturbation_pct,performance_degradation_pct
SEC_flood_001,2026-09-02 09:00:00,interest_flooding,51413.2,60,70.52,58.94,True,,,,,,,,,
SEC_flood_002,2026-09-02 09:00:50,interest_flooding,149644.5,60,75.5,58.94,True,,,,,,,,,
SEC_flood_003,2026-09-02 09:03:26,interest_flooding,160855.3,60,73.71,60.39,True,,,,,,,,,
SEC_flood_004,2026-09-02 09:05:26,interest_flooding,34683.8,60,72.26,58.92,True,,,,,,,,,
SEC_flood_005,2026-09-02 09:07:55,interest_flooding,30243.8,60,72.22,65.0,True,,,,,,,,,
SEC_flood_006,2026-09-02 09:09:03,interest_flooding,174566.0,60,71.31,62.43,True,,,,,,,,,
SEC_flood_007,2026-09-03 09:11:56,interest_flooding,111111.0,60,75.52,60.35,True,,,,,,,,,
SEC_flood_008,2026-09-03 09:13:54,interest_flooding,56492.4,60,75.19,58.01,True,,,,,,,,,
SEC_flood_009,2026-09-03 09:16:28,interest_flooding,161863.2,60,75.2,62.34,True,,,,,,,,,
SEC_flood_010,2026-09-03 09:20:53,interest_flooding,159495.6,60,71.2,62.48,True,,,,,,,,,
SEC_flood_011,2026-09-03 09:23:08,interest_flooding,189609.3,60,75.21,61.71,True,,,,,,,,,
SEC_flood_012,2026-09-03 09:27:41,interest_flooding,45409.6,60,73.08,58.88,True,,,,,,,,,
SEC_flood_013,2026-09-04 12:26:57,interest_flooding,180352.9,60,74.37,62.06,True,,,,,,,,,
SEC_flood_014,2026-09-04 12:30:36,interest_flooding,113179.5,60,72.65,58.87,True,,,,,,,,,
SEC_flood_015,2026-09-04 12:33:46,interest_flooding,13855.1,60,75.47,56.51,True,,,,,,,,,
SEC_flood_016,2026-09-04 12:36:11,interest_flooding,25833.8,60,77.1,59.54,True,,,,,,,,,
SEC_flood_017,2026-09-07 14:47:38,interest_flooding,44225.8,60,74.32,57.24,True,,,,,,,,,
SEC_flood_018,2026-09-07 14:49:07,interest_flooding,140562.1,60,75.25,58.2,True,,,,,,,,,
SEC_flood_019,2026-09-07 14:50:13,interest_flooding,116277.0,60,74.43,56.61,True,,,,,,,,,
SEC_flood_020,2026-09-07 14:51:42,interest_flooding,30043.2,60,72.45,60.92,True,,,,,,,,,
SEC_flood_021,2026-09-07 14:54:45,interest_flooding,69855.3,60,75.2,61.62,True,,,,,,,,,
SEC_flood_022,2026-09-07 15:01:24,interest_flooding,177555.4,60,72.7,58.09,True,,,,,,,,,
SEC_flood_023,2026-09-07 15:02:53,interest_flooding,169907.1,60,74.86,56.47,True,,,,,,,,,
SEC_flood_024,2026-09-07 15:05:13,interest_flooding,130703.8,60,76.18,61.03,True,,,,,,,,,
SEC_flood_025,2026-09-08 16:16:44,interest_flooding,125880.8,60,77.87,58.51,True,,,,,,,,,
SEC_flood_026,2026-09-08 16:18:56,interest_flooding,147466.4,60,72.93,61.73,True,,,,,,,,,
SEC_flood_027,2026-09-08 16:21:41,interest_flooding,25004.9,60,76.92,60.62,True,,,,,,,,,
SEC_flood_028,2026-09-08 16:24:16,interest_flooding,193572.8,60,78.0,63.16,True,,,,,,,,,
SEC_flood_029,2026-09-08 16:26:27,interest_flooding,168385.6,60,75.34,60.83,True,,,,,,,,,
SEC_flood_030,2026-09-08 17:31:44,interest_flooding,99534.3,60,75.6,61.89,True,,,,,,,,,
SEC_poison_001,2026-09-03 09:00:00,content_poisoning,,60,,,False,6369.0,0.0,,,,,,,
SEC_poison_002,2026-09-03 09:00:36,content_poisoning,,60,,,False,30055.0,0.0,,,,,,,
SEC_poison_003,2026-09-03 09:02:55,content_poisoning,,60,,,False,26671.0,0.0,,,,,,,
SEC_poison_004,2026-09-03 18:21:31,content_poisoning,,60,,,False,11240.0,0.0,,,,,,,
SEC_poison_005,2026-09-03 18:22:30,content_poisoning,,60,,,False,38440.0,0.0,,,,,,,
SEC_poison_006,2026-09-03 18:23:13,content_poisoning,,60,,,False,13329.0,0.0,,,,,,,
SEC_poison_007,2026-09-03 18:26:18,content_poisoning,,60,,,False,22199.0,0.0,,,,,,,
SEC_poison_008,2026-09-03 18:27:45,content_poisoning,,60,,,False,34837.0,0.0,,,,,,,
SEC_poison_009,2026-09-03 18:28:27,content_poisoning,,60,,,False,35179.0,0.0,,,,,,,
SEC_poison_010,2026-09-04 20:28:56,content_poisoning,,60,,,False,22211.0,0.0,,,,,,,
SEC_poison_011,2026-09-04 20:30:53,content_poisoning,,60,,,False,47757.0,0.0,,,,,,,
SEC_poison_012,2026-09-04 20:32:42,content_poisoning,,60,,,False,13133.0,0.0,,,,,,,
SEC_poison_013,2026-09-04 20:33:29,content_poisoning,,60,,,False,20630.0,0.0,,,,,,,
SEC_poison_014,2026-09-05 04:14:52,content_poisoning,,60,,,False,23424.0,0.0,,,,,,,
SEC_poison_015,2026-09-05 04:16:36,content_poisoning,,60,,,False,33183.0,0.0,,,,,,,
SEC_poison_016,2026-09-05 04:18:35,content_poisoning,,60,,,False,29820.0,0.0,,,,,,,
SEC_poison_017,2026-09-05 04:20:37,content_poisoning,,60,,,False,48156.0,0.0,,,,,,,
SEC_poison_018,2026-09-05 04:22:57,content_poisoning,,60,,,False,36773.0,0.0,,,,,,,
SEC_poison_019,2026-09-05 04:25:00,content_poisoning,,60,,,False,31762.0,0.0,,,,,,,
SEC_poison_020,2026-09-05 04:27:14,content_poisoning,,60,,,False,10594.0,0.0,,,,,,,
SEC_poison_021,2026-09-05 09:20:36,content_poisoning,,60,,,False,3887.0,0.0,,,,,,,
SEC_poison_022,2026-09-05 09:24:02,content_poisoning,,60,,,False,7831.0,0.0,,,,,,,
SEC_poison_023,2026-09-05 09:25:45,content_poisoning,,60,,,False,8144.0,0.0,,,,,,,
SEC_poison_024,2026-09-05 09:27:24,content_poisoning,,60,,,False,14675.0,0.0,,,,,,,
SEC_poison_025,2026-09-08 09:04:48,content_poisoning,,60,,,False,47607.0,0.0,,,,,,,
SEC_poison_026,2026-09-08 09:06:01,content_poisoning,,60,,,False,9221.0,0.0,,,,,,,
SEC_poison_027,2026-09-08 09:07:29,content_poisoning,,60,,,False,4176.0,0.0,,,,,,,
SEC_poison_028,2026-09-08 09:07:48,content_poisoning,,60,,,False,10757.0,0.0,,,,,,,
SEC_poison_029,2026-09-10 09:00:23,content_poisoning,,60,,,False,21659.0,0.0,,,,,,,
SEC_poison_030,2026-09-10 09:01:40,content_poisoning,,60,,,False,1120.0,0.0,,,,,,,
SEC_downgrade_001,2026-09-04 09:00:00,quic_version_downgrade,,60,,,False,,,forged_version_negotiation_packet,False,version_negotiation,,,,
SEC_downgrade_002,2026-09-04 09:03:58,quic_version_downgrade,,60,,,False,,,forged_version_negotiation_packet,False,version_negotiation,,,,
SEC_downgrade_003,2026-09-04 09:05:27,quic_version_downgrade,,60,,,False,,,forged_version_negotiation_packet,False,version_negotiation,,,,
SEC_downgrade_004,2026-09-04 09:06:47,quic_version_downgrade,,60,,,False,,,forged_version_negotiation_packet,False,version_negotiation,,,,
SEC_downgrade_005,2026-09-04 09:08:11,quic_version_downgrade,,60,,,False,,,forged_version_negotiation_packet,False,version_negotiation,,,,
SEC_downgrade_006,2026-09-05 14:37:37,quic_version_downgrade,,60,,,False,,,forged_version_negotiation_packet,False,version_negotiation,,,,
SEC_downgrade_007,2026-09-05 14:41:32,quic_version_downgrade,,60,,,False,,,forged_version_negotiation_packet,False,version_negotiation,,,,
SEC_downgrade_008,2026-09-05 14:42:39,quic_version_downgrade,,60,,,False,,,forged_version_negotiation_packet,False,version_negotiation,,,,
SEC_downgrade_009,2026-09-05 14:45:17,quic_version_downgrade,,60,,,False,,,forged_version_negotiation_packet,False,version_negotiation,,,,
SEC_downgrade_010,2026-09-05 14:48:37,quic_version_downgrade,,60,,,False,,,forged_version_negotiation_packet,False,version_negotiation,,,,
SEC_downgrade_011,2026-09-06 08:56:51,quic_version_downgrade,,60,,,False,,,forged_version_negotiation_packet,False,version_negotiation,,,,
SEC_downgrade_012,2026-09-06 08:58:48,quic_version_downgrade,,60,,,False,,,forged_version_negotiation_packet,False,version_negotiation,,,,
SEC_downgrade_013,2026-09-06 09:00:44,quic_version_downgrade,,60,,,False,,,forged_version_negotiation_packet,False,version_negotiation,,,,
SEC_downgrade_014,2026-09-06 09:01:05,quic_version_downgrade,,60,,,False,,,forged_version_negotiation_packet,False,version_negotiation,,,,
SEC_downgrade_015,2026-09-06 09:03:23,quic_version_downgrade,,60,,,False,,,forged_version_negotiation_packet,False,version_negotiation,,,,
SEC_downgrade_016,2026-09-06 09:09:40,quic_version_downgrade,,60,,,False,,,forged_version_negotiation_packet,False,version_negotiation,,,,
SEC_downgrade_017,2026-09-06 09:12:15,quic_version_downgrade,,60,,,False,,,forged_version_negotiation_packet,False,version_negotiation,,,,
SEC_downgrade_018,2026-09-07 04:44:20,quic_version_downgrade,,60,,,False,,,forged_version_negotiation_packet,False,version_negotiation,,,,
SEC_downgrade_019,2026-09-07 04:44:50,quic_version_downgrade,,60,,,False,,,forged_version_negotiation_packet,False,version_negotiation,,,,
SEC_downgrade_020,2026-09-07 04:46:18,quic_version_downgrade,,60,,,False,,,forged_version_negotiation_packet,False,version_negotiation,,,,
SEC_downgrade_021,2026-09-07 04:49:33,quic_version_downgrade,,60,,,False,,,forged_version_negotiation_packet,False,version_negotiation,,,,
SEC_downgrade_022,2026-09-07 04:52:21,quic_version_downgrade,,60,,,False,,,forged_version_negotiation_packet,False,version_negotiation,,,,
SEC_downgrade_023,2026-09-07 04:52:33,quic_version_downgrade,,60,,,False,,,forged_version_negotiation_packet,False,version_negotiation,,,,
SEC_downgrade_024,2026-09-07 13:35:49,quic_version_downgrade,,60,,,False,,,forged_version_negotiation_packet,False,version_negotiation,,,,
SEC_downgrade_025,2026-09-07 13:39:02,quic_version_downgrade,,60,,,False,,,forged_version_negotiation_packet,False,version_negotiation,,,,
SEC_downgrade_026,2026-09-07 13:39:29,quic_version_downgrade,,60,,,False,,,forged_version_negotiation_packet,False,version_negotiation,,,,
SEC_downgrade_027,2026-09-07 23:59:15,quic_version_downgrade,,60,,,False,,,forged_version_negotiation_packet,False,version_negotiation,,,,
SEC_downgrade_028,2026-09-08 00:01:22,quic_version_downgrade,,60,,,False,,,forged_version_negotiation_packet,False,version_negotiation,,,,
SEC_downgrade_029,2026-09-08 00:06:40,quic_version_downgrade,,60,,,False,,,forged_version_negotiation_packet,False,version_negotiation,,,,
SEC_downgrade_030,2026-09-08 00:09:21,quic_version_downgrade,,60,,,False,,,forged_version_negotiation_packet,False,version_negotiation,,,,
SEC_mtuthrash_001,2026-09-05 09:00:00,mtu_thrashing,,60,,,False,,,,,,12.86,0.978,,
SEC_mtuthrash_002,2026-09-05 09:02:00,mtu_thrashing,,60,,,False,,,,,,39.32,0.846,,
SEC_mtuthrash_003,2026-09-05 09:02:24,mtu_thrashing,,60,,,False,,,,,,28.58,0.816,,
SEC_mtuthrash_004,2026-09-05 09:05:07,mtu_thrashing,,60,,,False,,,,,,12.32,1.007,,
SEC_mtuthrash_005,2026-09-05 09:09:48,mtu_thrashing,,60,,,False,,,,,,31.88,0.838,,
SEC_mtuthrash_006,2026-09-06 14:42:09,mtu_thrashing,,60,,,False,,,,,,45.48,0.768,,
SEC_mtuthrash_007,2026-09-06 14:45:24,mtu_thrashing,,60,,,False,,,,,,16.26,0.94,,
SEC_mtuthrash_008,2026-09-06 14:46:06,mtu_thrashing,,60,,,False,,,,,,9.09,0.946,,
SEC_mtuthrash_009,2026-09-06 14:53:21,mtu_thrashing,,60,,,False,,,,,,44.32,0.958,,
SEC_mtuthrash_010,2026-09-06 14:54:23,mtu_thrashing,,60,,,False,,,,,,18.53,1.003,,
SEC_mtuthrash_011,2026-09-07 18:15:32,mtu_thrashing,,60,,,False,,,,,,35.95,0.827,,
SEC_mtuthrash_012,2026-09-07 18:18:12,mtu_thrashing,,60,,,False,,,,,,16.63,0.941,,
SEC_mtuthrash_013,2026-09-07 18:20:39,mtu_thrashing,,60,,,False,,,,,,40.06,1.024,,
SEC_mtuthrash_014,2026-09-07 18:22:23,mtu_thrashing,,60,,,False,,,,,,25.08,0.993,,
SEC_mtuthrash_015,2026-09-09 21:54:32,mtu_thrashing,,60,,,False,,,,,,43.71,1.107,,
SEC_mtuthrash_016,2026-09-09 21:58:01,mtu_thrashing,,60,,,False,,,,,,18.02,0.881,,
SEC_mtuthrash_017,2026-09-09 21:58:33,mtu_thrashing,,60,,,False,,,,,,6.39,0.883,,
SEC_mtuthrash_018,2026-09-09 21:59:05,mtu_thrashing,,60,,,False,,,,,,22.12,0.848,,
SEC_mtuthrash_019,2026-09-09 22:01:48,mtu_thrashing,,60,,,False,,,,,,23.69,1.061,,
SEC_mtuthrash_020,2026-09-09 22:03:23,mtu_thrashing,,60,,,False,,,,,,12.86,0.963,,
SEC_mtuthrash_021,2026-09-11 02:42:06,mtu_thrashing,,60,,,False,,,,,,12.67,1.02,,
SEC_mtuthrash_022,2026-09-11 02:44:19,mtu_thrashing,,60,,,False,,,,,,11.26,0.86,,
SEC_mtuthrash_023,2026-09-11 02:47:38,mtu_thrashing,,60,,,False,,,,,,47.28,0.954,,
SEC_mtuthrash_024,2026-09-11 02:48:46,mtu_thrashing,,60,,,False,,,,,,34.37,0.989,,
SEC_mtuthrash_025,2026-09-11 02:51:19,mtu_thrashing,,60,,,False,,,,,,43.37,1.007,,
SEC_mtuthrash_026,2026-09-11 02:52:30,mtu_thrashing,,60,,,False,,,,,,33.2,0.893,,
SEC_mtuthrash_027,2026-09-11 02:53:43,mtu_thrashing,,60,,,False,,,,,,40.85,0.979,,
SEC_mtuthrash_028,2026-09-11 02:54:14,mtu_thrashing,,60,,,False,,,,,,38.26,0.898,,
SEC_mtuthrash_029,2026-09-11 12:07:47,mtu_thrashing,,60,,,False,,,,,,12.34,1.117,,
SEC_mtuthrash_030,2026-09-11 12:08:55,mtu_thrashing,,60,,,False,,,,,,49.5,0.822,,
SEC_mlmanip_001,2026-09-08 09:00:00,ml_manipulation,,60,,,True,,,,,,,,50.36,15.0
SEC_mlmanip_002,2026-09-08 09:00:12,ml_manipulation,,60,,,False,,,,,,,,10.85,3.0
SEC_mlmanip_003,2026-09-08 09:04:41,ml_manipulation,,60,,,True,,,,,,,,53.16,14.26
SEC_mlmanip_004,2026-09-08 09:07:00,ml_manipulation,,60,,,True,,,,,,,,47.13,12.53
SEC_mlmanip_005,2026-09-08 09:07:38,ml_manipulation,,60,,,False,,,,,,,,20.77,2.18
SEC_mlmanip_006,2026-09-08 09:09:59,ml_manipulation,,60,,,True,,,,,,,,48.72,10.85
SEC_mlmanip_007,2026-09-08 09:12:24,ml_manipulation,,60,,,False,,,,,,,,20.79,3.35
SEC_mlmanip_008,2026-09-09 17:56:35,ml_manipulation,,60,,,False,,,,,,,,35.47,8.18
SEC_mlmanip_009,2026-09-09 17:58:41,ml_manipulation,,60,,,False,,,,,,,,23.07,5.37
SEC_mlmanip_010,2026-09-09 18:01:04,ml_manipulation,,60,,,True,,,,,,,,49.41,13.98
SEC_mlmanip_011,2026-09-09 18:02:05,ml_manipulation,,60,,,False,,,,,,,,29.54,9.27
SEC_mlmanip_012,2026-09-09 18:03:49,ml_manipulation,,60,,,True,,,,,,,,42.6,12.91
SEC_mlmanip_013,2026-09-09 18:05:36,ml_manipulation,,60,,,True,,,,,,,,38.87,10.64
SEC_mlmanip_014,2026-09-09 18:07:19,ml_manipulation,,60,,,True,,,,,,,,48.39,12.11
SEC_mlmanip_015,2026-09-11 22:50:17,ml_manipulation,,60,,,False,,,,,,,,33.56,7.24
SEC_mlmanip_016,2026-09-11 22:53:10,ml_manipulation,,60,,,False,,,,,,,,31.52,2.64
SEC_mlmanip_017,2026-09-11 22:54:04,ml_manipulation,,60,,,False,,,,,,,,30.7,9.26
SEC_mlmanip_018,2026-09-12 06:01:09,ml_manipulation,,60,,,True,,,,,,,,52.08,14.06
SEC_mlmanip_019,2026-09-12 06:03:35,ml_manipulation,,60,,,True,,,,,,,,46.41,11.4
SEC_mlmanip_020,2026-09-12 06:06:38,ml_manipulation,,60,,,False,,,,,,,,21.42,5.19
SEC_mlmanip_021,2026-09-12 06:07:36,ml_manipulation,,60,,,True,,,,,,,,49.56,12.82
SEC_mlmanip_022,2026-09-12 06:09:49,ml_manipulation,,60,,,False,,,,,,,,25.16,6.32
SEC_mlmanip_023,2026-09-12 06:13:20,ml_manipulation,,60,,,True,,,,,,,,53.37,13.3
SEC_mlmanip_024,2026-09-12 19:17:13,ml_manipulation,,60,,,False,,,,,,,,32.85,8.66
SEC_mlmanip_025,2026-09-12 19:19:05,ml_manipulation,,60,,,True,,,,,,,,45.63,10.37
SEC_mlmanip_026,2026-09-12 19:22:07,ml_manipulation,,60,,,False,,,,,,,,10.66,0.95
SEC_mlmanip_027,2026-09-12 19:26:34,ml_manipulation,,60,,,True,,,,,,,,54.14,12.78
SEC_mlmanip_028,2026-09-12 19:27:56,ml_manipulation,,60,,,False,,,,,,,,32.44,7.35
SEC_mlmanip_029,2026-09-12 19:28:50,ml_manipulation,,60,,,False,,,,,,,,36.47,9.65
SEC_mlmanip_030,2026-09-12 19:31:32,ml_manipulation,,60,,,False,,,,,,,,26.86,6.84
